,US_AL,US_AR,US_AZ,US_CA,US_CO,US_CT,US_DE,US_FL,US_GA,US_IA,US_ID,US_IL,US_IN,US_KS,US_KY,US_LA,US_MA,US_MD,US_ME,US_MI,US_MN,US_MO,US_MS,US_MT,US_NC,US_ND,US_NE,US_NH,US_NJ,US_NM,US_NV,US_NY,US_OH,US_OK,US_OR,US_PA,US_RI,US_SC,US_SD,US_TN,US_TX,US_UT,US_VA,US_VT,US_WA,US_WI,US_WV,US_WY
2020-02-09,7.74,7.74,11.31,11.31,7.74,11.31,11.31,7.74,7.74,7.74,7.74,11.31,11.31,7.74,11.31,7.74,7.74,7.74,7.74,11.31,11.31,11.31,7.74,7.74,7.74,11.31,11.31,11.31,11.31,7.74,7.74,11.31,11.31,11.31,7.74,11.31,14.88,11.31,7.74,7.74,7.74,7.74,7.74,11.31,11.31,11.31,7.74,11.31
2020-02-10,7.74,7.74,11.31,11.31,7.74,11.31,11.31,7.74,7.74,7.74,7.74,11.31,11.31,7.74,11.31,7.74,7.74,7.74,11.31,11.31,11.31,11.31,7.74,7.74,7.74,11.31,11.31,11.31,11.31,7.74,7.74,11.31,11.31,11.31,7.74,11.31,14.88,11.31,7.74,7.74,7.74,7.74,7.74,11.31,11.31,11.31,7.74,11.31
2020-02-11,11.31,11.31,14.88,14.88,11.31,14.88,14.88,11.31,11.31,11.31,11.31,14.88,14.88,11.31,14.88,11.31,11.31,11.31,14.88,14.88,14.88,14.88,11.31,11.31,11.31,14.88,14.88,14.88,14.88,11.31,11.31,14.88,14.88,14.88,11.31,14.88,18.45,14.88,11.31,11.31,11.31,11.31,11.31,14.88,14.88,14.88,11.31,14.88
2020-02-12,11.31,11.31,14.88,14.88,11.31,14.88,14.88,11.31,11.31,11.31,11.31,14.88,14.88,11.31,14.88,11.31,11.31,11.31,14.88,14.88,14.88,14.88,11.31,11.31,11.31,14.88,14.88,14.88,14.88,11.31,11.31,14.88,14.88,14.88,11.31,14.88,18.45,14.88,11.31,11.31,11.31,11.31,11.31,14.88,14.88,14.88,11.31,14.88
2020-02-13,11.31,11.31,14.88,14.88,11.31,14.88,14.88,11.31,11.31,11.31,11.31,14.88,14.88,11.31,14.88,11.31,11.31,11.31,14.88,14.88,14.88,14.88,11.31,11.31,11.31,14.88,14.88,14.88,14.88,11.31,11.31,14.88,14.88,14.88,11.31,14.88,18.45,14.88,11.31,11.31,11.31,11.31,11.31,14.88,14.88,14.88,11.31,14.88
2020-02-14,11.31,11.31,14.88,14.88,11.31,14.88,14.88,11.31,11.31,11.31,11.31,14.88,14.88,11.31,14.88,11.31,11.31,11.31,14.88,14.88,14.88,14.88,11.31,11.31,11.31,14.88,14.88,14.88,14.88,11.31,11.31,14.88,14.88,14.88,11.31,14.88,18.45,14.88,11.31,11.31,11.31,11.31,11.31,14.88,14.88,14.88,11.31,14.88
2020-02-15,11.31,11.31,14.88,14.88,11.31,14.88,14.88,11.31,11.31,11.31,11.31,14.88,14.88,11.31,14.88,11.31,11.31,11.31,14.88,14.88,14.88,14.88,11.31,11.31,11.31,14.88,14.88,14.88,14.88,11.31,11.31,14.88,14.88,14.88,11.31,14.88,18.45,14.88,11.31,11.31,11.31,11.31,11.31,14.88,14.88,14.88,11.31,14.88
2020-02-16,11.31,11.31,14.88,14.88,11.31,14.88,14.88,11.31,11.31,11.31,11.31,14.88,14.88,11.31,14.88,11.31,11.31,11.31,14.88,14.88,14.88,14.88,11.31,11.31,11.31,14.88,14.88,14.88,14.88,11.31,11.31,14.88,14.88,14.88,11.31,14.88,18.45,14.88,11.31,11.31,11.31,11.31,11.31,14.88,14.88,14.88,11.31,14.88
2020-02-17,11.31,11.31,14.88,14.88,11.31,14.88,14.88,11.31,11.31,11.31,11.31,14.88,14.88,11.31,14.88,11.31,11.31,11.31,14.88,14.88,14.88,14.88,11.31,11.31,11.31,14.88,14.88,14.88,14.88,11.31,11.31,14.88,14.88,14.88,11.31,14.88,18.45,14.88,11.31,11.31,11.31,11.31,11.31,14.88,14.88,14.88,11.31,14.88
2020-02-18,11.31,11.31,14.88,14.88,11.31,14.88,14.88,11.31,11.31,11.31,11.31,14.88,14.88,11.31,14.88,11.31,11.31,11.31,14.88,14.88,14.88,14.88,11.31,11.31,11.31,14.88,14.88,14.88,14.88,11.31,11.31,14.88,14.88,14.88,11.31,14.88,18.45,14.88,11.31,11.31,11.31,11.31,11.31,14.88,14.88,14.88,11.31,14.88
2020-02-19,11.31,11.31,14.88,14.88,11.31,14.88,14.88,11.31,11.31,11.31,11.31,14.88,14.88,11.31,14.88,11.31,11.31,11.31,14.88,14.88,14.88,14.88,11.31,11.31,11.31,14.88,14.88,14.88,14.88,11.31,11.31,14.88,14.88,14.88,11.31,14.88,18.45,14.88,11.31,11.31,11.31,11.31,11.31,14.88,14.88,14.88,11.31,14.88
2020-02-20,11.31,11.31,14.88,14.88,11.31,14.88,14.88,11.31,11.31,11.31,11.31,14.88,14.88,11.31,14.88,11.31,11.31,11.31,14.88,14.88,14.88,14.88,11.31,11.31,11.31,14.88,14.88,14.88,14.88,11.31,11.31,14.88,14.88,14.88,11.31,14.88,18.45,14.88,11.31,11.31,11.31,11.31,11.31,14.88,14.88,14.88,11.31,14.88
2020-02-21,11.31,11.31,14.88,14.88,11.31,14.88,14.88,11.31,11.31,11.31,11.31,14.88,14.88,11.31,14.88,11.31,11.31,11.31,14.88,14.88,14.88,14.88,11.31,11.31,11.31,14.88,14.88,14.88,14.88,11.31,11.31,14.88,14.88,14.88,11.31,14.88,18.45,14.88,11.31,11.31,11.31,11.31,11.31,14.88,14.88,14.88,11.31,14.88
2020-02-22,11.31,11.31,14.88,14.88,11.31,14.88,14.88,11.31,11.31,11.31,11.31,14.88,14.88,11.31,14.88,11.31,11.31,11.31,14.88,14.88,14.88,14.88,11.31,11.31,11.31,14.88,14.88,14.88,14.88,11.31,11.31,14.88,14.88,14.88,11.31,14.88,18.45,14.88,11.31,11.31,11.31,11.31,11.31,14.88,14.88,14.88,11.31,14.88
2020-02-23,11.31,11.31,14.88,14.88,11.31,14.88,14.88,11.31,11.31,11.31,11.31,14.88,14.88,11.31,14.88,11.31,11.31,11.31,14.88,14.88,14.88,14.88,11.31,11.31,11.31,14.88,14.88,14.88,14.88,11.31,11.31,14.88,14.88,14.88,11.31,14.88,18.45,14.88,11.31,11.31,11.31,11.31,11.31,14.88,14.88,14.88,11.31,14.88
2020-02-24,11.31,11.31,14.88,14.88,11.31,14.88,14.88,11.31,11.31,11.31,11.31,14.88,14.88,11.31,14.88,11.31,11.31,11.31,14.88,14.88,14.88,14.88,11.31,11.31,11.31,14.88,14.88,14.88,14.88,11.31,11.31,14.88,14.88,14.88,11.31,14.88,18.45,14.88,11.31,11.31,11.31,14.88,11.31,14.88,14.88,14.88,11.31,14.88
2020-02-25,11.31,11.31,14.88,14.88,11.31,14.88,14.88,14.88,11.31,11.31,11.31,14.88,14.88,11.31,14.88,11.31,11.31,11.31,14.88,14.88,14.88,14.88,11.31,16.67,11.31,14.88,14.88,14.88,14.88,11.31,11.31,14.88,14.88,14.88,11.31,14.88,18.45,14.88,11.31,11.31,11.31,14.88,11.31,14.88,14.88,14.88,11.31,14.88
2020-02-26,11.31,11.31,14.88,14.88,11.31,18.45,14.88,14.88,11.31,11.31,11.31,14.88,14.88,11.31,14.88,11.31,13.69,11.31,14.88,14.88,14.88,14.88,11.31,16.67,11.31,14.88,14.88,14.88,14.88,11.31,11.31,14.88,14.88,14.88,11.31,18.45,18.45,18.45,11.31,11.31,11.31,14.88,11.31,14.88,14.88,14.88,14.88,14.88
2020-02-27,11.31,11.31,14.88,14.88,14.88,18.45,14.88,14.88,11.31,11.31,11.31,14.88,14.88,11.31,14.88,11.31,13.69,11.31,18.45,14.88,14.88,14.88,11.31,16.67,11.31,14.88,14.88,14.88,14.88,11.31,11.31,14.88,18.45,14.88,11.31,18.45,18.45,18.45,18.45,11.31,11.31,14.88,11.31,14.88,14.88,14.88,14.88,14.88
2020-02-28,14.88,11.31,14.88,14.88,14.88,18.45,14.88,14.88,11.31,11.31,11.31,14.88,14.88,11.31,14.88,11.31,13.69,11.31,18.45,14.88,14.88,14.88,11.31,16.67,11.31,14.88,14.88,14.88,14.88,11.31,14.88,14.88,18.45,14.88,14.88,18.45,18.45,18.45,18.45,11.31,11.31,14.88,11.31,14.88,14.88,14.88,14.88,14.88
2020-02-29,14.88,11.31,14.88,14.88,14.88,18.45,14.88,14.88,11.31,11.31,11.31,14.88,14.88,11.31,14.88,11.31,13.69,11.31,18.45,14.88,14.88,14.88,11.31,16.67,11.31,14.88,14.88,14.88,14.88,11.31,14.88,14.88,18.45,14.88,19.64,18.45,18.45,18.45,18.45,11.31,11.31,14.88,11.31,14.88,20.83,14.88,14.88,14.88
2020-03-01,14.88,11.31,14.88,14.88,14.88,18.45,14.88,18.45,11.31,11.31,11.31,14.88,14.88,11.31,14.88,11.31,13.69,11.31,18.45,14.88,14.88,14.88,11.31,16.67,11.31,14.88,14.88,14.88,14.88,11.31,14.88,18.45,22.02,14.88,19.64,18.45,18.45,18.45,18.45,11.31,11.31,14.88,11.31,14.88,20.83,14.88,17.26,14.88
2020-03-02,14.88,11.31,18.45,14.88,14.88,18.45,18.45,18.45,11.31,11.31,11.31,14.88,14.88,11.31,14.88,11.31,13.69,14.88,18.45,14.88,14.88,14.88,11.31,16.67,11.31,14.88,14.88,18.45,14.88,11.31,14.88,18.45,22.02,14.88,19.64,18.45,18.45,18.45,18.45,11.31,11.31,14.88,11.31,14.88,20.83,14.88,17.26,18.45
2020-03-03,14.88,11.31,18.45,14.88,14.88,18.45,18.45,18.45,11.31,14.88,11.31,14.88,14.88,11.31,14.88,11.31,13.69,14.88,18.45,14.88,14.88,14.88,11.31,16.67,11.31,14.88,14.88,18.45,14.88,11.31,14.88,18.45,22.02,14.88,19.64,18.45,18.45,18.45,18.45,11.31,11.31,14.88,11.31,14.88,20.83,14.88,17.26,18.45
2020-03-04,14.88,11.31,18.45,14.88,14.88,18.45,18.45,18.45,11.31,14.88,11.31,14.88,14.88,14.88,14.88,11.31,17.26,14.88,18.45,14.88,14.88,14.88,11.31,16.67,11.31,14.88,14.88,18.45,14.88,11.31,18.45,18.45,22.02,14.88,19.64,18.45,18.45,18.45,18.45,11.31,11.31,14.88,11.31,14.88,25.0,14.88,17.26,18.45
2020-03-05,14.88,11.31,18.45,14.88,14.88,18.45,18.45,18.45,11.31,14.88,11.31,14.88,14.88,14.88,14.88,11.31,17.26,14.88,18.45,14.88,18.45,14.88,11.31,18.45,11.31,14.88,14.88,18.45,14.88,11.31,18.45,18.45,27.38,18.45,19.64,18.45,18.45,18.45,18.45,14.88,11.31,18.45,11.31,14.88,21.43,14.88,17.26,18.45
2020-03-06,14.88,11.31,18.45,14.88,14.88,18.45,18.45,18.45,11.31,14.88,11.31,14.88,14.88,14.88,14.88,11.31,17.26,14.88,18.45,14.88,18.45,14.88,11.31,18.45,11.31,14.88,14.88,18.45,14.88,11.31,18.45,18.45,27.38,18.45,19.64,18.45,18.45,18.45,18.45,14.88,11.31,18.45,11.31,14.88,21.43,14.88,17.26,18.45
2020-03-07,14.88,11.31,18.45,20.83,14.88,18.45,18.45,18.45,11.31,14.88,11.31,14.88,14.88,14.88,18.45,11.31,17.26,14.88,18.45,14.88,18.45,14.88,11.31,18.45,11.31,14.88,14.88,18.45,14.88,11.31,18.45,18.45,27.38,18.45,19.64,18.45,20.83,18.45,18.45,14.88,11.31,18.45,14.88,14.88,21.43,14.88,17.26,18.45
2020-03-08,14.88,11.31,18.45,20.83,14.88,18.45,18.45,18.45,11.31,14.88,11.31,14.88,14.88,14.88,18.45,11.31,17.26,14.88,18.45,14.88,18.45,14.88,11.31,18.45,11.31,14.88,14.88,18.45,14.88,11.31,18.45,18.45,27.38,18.45,19.64,18.45,20.83,18.45,23.81,14.88,11.31,18.45,14.88,14.88,21.43,14.88,17.26,18.45
2020-03-09,14.88,11.31,18.45,20.83,14.88,30.95,23.21,18.45,11.31,14.88,11.31,14.88,14.88,14.88,18.45,11.31,17.26,14.88,18.45,14.88,18.45,14.88,12.5,18.45,11.31,17.26,14.88,18.45,14.88,11.31,18.45,25.6,27.38,18.45,19.64,18.45,20.83,18.45,23.81,14.88,11.31,18.45,14.88,14.88,21.43,14.88,20.83,18.45
2020-03-10,16.67,11.31,18.45,20.83,14.88,28.57,23.21,18.45,11.31,14.88,11.31,17.26,14.88,14.88,25.6,18.45,17.26,17.26,18.45,14.88,18.45,14.88,12.5,18.45,22.02,17.26,14.88,18.45,14.88,11.31,18.45,25.6,27.98,18.45,19.64,18.45,20.83,18.45,23.81,14.88,11.31,18.45,14.88,14.88,23.81,14.88,20.83,18.45
2020-03-11,16.67,14.88,20.83,30.36,14.88,32.14,23.21,18.45,11.31,14.88,11.31,17.26,14.88,14.88,35.12,18.45,17.26,17.26,18.45,20.83,18.45,14.88,19.64,18.45,29.17,17.26,14.88,18.45,14.88,11.31,18.45,27.98,27.98,18.45,19.64,18.45,20.83,18.45,23.81,14.88,16.67,18.45,14.88,14.88,30.06,14.88,20.83,18.45
2020-03-12,16.67,16.07,20.83,36.31,28.27,35.71,26.79,25.6,16.07,19.64,18.45,17.26,20.83,14.88,36.9,30.95,23.21,27.98,22.02,24.4,18.45,17.26,20.83,18.45,29.17,20.83,14.88,22.02,18.45,22.02,18.45,39.29,33.33,18.45,19.64,18.45,26.19,18.45,28.57,20.83,16.67,23.21,27.38,14.88,30.06,16.67,24.4,18.45
2020-03-13,25.6,27.38,25.6,39.88,33.04,42.86,35.12,30.36,18.45,24.4,25.6,27.38,26.79,22.02,39.29,39.29,39.88,32.74,29.17,35.12,38.69,30.06,25.6,29.17,31.55,29.17,24.4,29.17,25.6,30.36,25.6,49.4,42.86,25.6,24.4,32.14,35.71,30.36,33.33,33.33,26.49,27.98,34.52,39.88,32.44,23.81,31.55,30.36
2020-03-14,25.6,27.38,25.6,39.88,33.04,42.86,35.12,30.36,29.17,24.4,25.6,27.38,26.79,22.02,40.48,39.29,39.88,36.31,29.17,37.5,38.69,30.06,25.6,29.17,31.55,29.17,26.79,29.17,30.36,30.36,25.6,49.4,42.86,25.6,24.4,32.14,35.71,30.36,33.33,29.76,26.49,27.98,34.52,44.64,32.44,23.81,31.55,30.36
2020-03-15,25.6,27.38,29.17,39.88,37.2,42.86,35.12,35.12,29.17,27.98,29.17,27.38,30.36,25.6,40.48,39.29,42.26,36.31,41.07,37.5,40.48,31.85,29.17,41.67,31.55,29.17,26.79,37.5,30.36,35.12,29.17,49.4,45.24,29.17,27.98,32.14,35.71,39.29,37.5,30.95,26.49,31.55,34.52,44.64,32.44,27.38,35.12,33.93
2020-03-16,30.95,37.5,37.5,50.6,45.54,50.6,51.19,47.62,37.5,35.12,32.74,34.52,46.43,42.86,40.48,45.24,45.83,51.19,44.64,51.79,40.48,38.99,32.74,48.21,42.86,35.12,37.5,43.45,48.81,48.21,35.12,54.17,53.57,37.2,42.86,38.1,50.6,45.24,39.88,39.29,39.58,44.64,40.48,51.19,50.0,30.95,35.12,38.69
2020-03-17,41.96,44.64,38.69,60.12,45.54,51.79,51.19,58.04,37.5,48.21,32.74,39.29,45.83,52.08,40.48,49.4,48.81,51.19,44.64,55.36,44.64,42.56,32.74,48.21,45.24,35.12,39.29,52.38,48.81,53.57,37.5,54.17,57.14,39.58,51.19,38.1,52.38,45.24,39.88,39.29,43.15,44.64,40.48,53.57,54.76,44.05,35.12,43.15
2020-03-18,41.96,44.64,38.69,60.12,45.54,51.79,54.76,56.85,37.5,48.21,32.74,44.05,47.62,52.08,41.67,49.4,48.81,54.76,44.64,55.36,49.4,42.56,32.74,48.21,45.24,35.12,39.29,52.38,53.57,55.95,39.88,55.95,57.14,39.58,53.57,38.1,52.38,48.81,39.88,39.29,43.15,44.64,40.48,57.14,54.76,50.6,37.5,43.15
2020-03-19,45.54,44.64,38.69,66.07,49.11,52.68,54.76,56.85,37.5,48.21,32.74,44.05,50.0,53.87,50.6,49.4,48.81,56.55,44.64,55.36,49.4,42.56,37.5,51.79,45.24,35.12,49.11,54.76,55.95,60.71,39.88,57.14,57.14,39.58,53.57,41.67,52.38,50.6,39.88,39.29,43.15,48.21,40.48,57.14,54.76,50.6,37.5,52.68
2020-03-20,50.3,44.64,38.69,66.07,51.79,52.68,54.76,59.23,37.5,48.21,32.74,46.43,50.0,53.87,57.14,49.4,48.81,56.55,44.64,55.36,49.4,44.35,37.5,52.98,47.02,39.29,49.11,54.76,55.95,60.71,44.64,57.14,57.14,39.58,53.57,41.67,52.38,50.6,39.88,39.29,51.79,48.21,40.48,57.14,54.76,52.98,37.5,55.36
2020-03-21,50.3,44.64,38.69,66.07,51.79,52.68,54.76,59.23,41.07,49.4,32.74,63.69,50.0,53.87,57.14,51.79,48.81,56.55,44.64,55.36,49.4,47.02,37.5,52.98,47.02,39.29,49.11,54.76,64.88,60.71,44.64,57.14,57.14,40.77,53.57,41.67,54.17,50.6,39.88,39.29,56.55,48.21,40.48,57.14,54.76,52.98,39.88,55.36
2020-03-22,50.3,44.64,38.69,66.07,51.79,55.06,54.76,59.23,41.07,50.6,32.74,63.69,50.0,53.87,57.14,51.79,48.81,56.55,44.64,55.36,49.4,47.02,37.5,52.98,47.02,39.29,49.11,54.76,64.88,60.71,44.64,61.9,57.14,40.77,53.57,41.67,56.55,50.6,39.88,47.62,56.55,48.21,40.48,57.14,54.76,52.98,39.88,55.36
2020-03-23,50.3,44.64,38.69,66.07,52.98,57.44,54.76,62.8,57.14,50.6,37.5,63.69,50.0,53.87,59.52,61.9,53.57,58.93,45.83,55.36,49.4,51.79,37.5,57.74,49.4,41.67,49.11,56.55,64.88,60.71,44.64,66.07,66.07,43.15,53.57,53.87,56.55,52.38,50.6,57.14,57.74,50.6,40.48,59.52,64.29,52.98,55.36,55.36
2020-03-24,57.44,44.64,38.69,66.07,57.74,57.44,59.52,62.8,57.14,50.6,37.5,63.69,50.0,59.52,59.52,61.9,60.12,58.93,45.83,65.48,49.4,52.98,52.98,59.52,49.4,41.67,49.11,56.55,64.88,63.1,55.36,66.07,66.07,58.93,57.14,53.87,62.5,52.38,50.6,57.14,57.74,50.6,53.57,66.07,64.29,52.98,55.36,55.36
2020-03-25,57.44,44.64,38.69,66.07,57.74,57.44,59.52,62.8,57.14,50.6,69.64,63.69,57.74,59.52,59.52,61.9,60.12,58.93,60.71,65.48,49.4,52.98,52.98,59.52,52.38,41.67,50.89,56.55,64.88,63.1,55.36,66.07,66.07,58.93,57.14,53.87,62.5,52.38,50.6,57.14,57.74,50.6,53.57,66.07,64.29,61.9,57.74,57.74
2020-03-26,57.44,44.64,38.69,66.07,60.12,60.12,59.52,62.8,57.14,50.6,69.64,63.69,57.74,59.52,64.29,61.9,60.12,58.93,60.71,65.48,49.4,52.98,52.98,59.52,55.36,41.67,50.89,56.55,64.88,63.1,55.36,66.07,66.07,62.5,57.14,53.87,62.5,55.95,50.6,57.14,57.74,50.6,53.57,66.07,64.29,60.12,57.74,57.74
2020-03-27,57.44,55.36,38.69,66.07,60.12,63.69,59.52,62.8,57.14,50.6,69.64,63.69,57.74,59.52,64.29,61.9,61.9,58.93,60.71,65.48,63.69,52.98,52.98,63.1,55.36,41.67,50.89,61.31,64.88,66.67,55.36,66.07,66.07,62.5,63.69,53.87,62.5,55.95,50.6,57.14,57.74,52.98,51.79,66.07,64.29,60.12,57.74,57.74
2020-03-28,60.42,55.36,38.69,66.07,60.12,63.69,59.52,62.8,57.14,50.6,69.64,63.69,57.74,59.52,64.29,61.9,61.9,58.93,60.71,65.48,63.69,52.98,52.98,70.24,55.36,41.67,50.89,66.07,64.88,66.67,55.36,66.07,66.07,62.5,63.69,53.87,63.69,55.95,50.6,57.14,61.31,52.98,51.79,66.07,64.29,60.12,57.74,57.74
2020-03-29,60.42,55.36,38.69,66.07,63.69,63.69,59.52,62.8,57.14,50.6,69.64,63.69,59.52,59.52,64.29,61.9,61.9,58.93,60.71,65.48,63.69,52.98,52.98,70.24,55.36,41.67,50.89,66.07,64.88,66.67,55.36,66.07,66.07,62.5,63.69,53.87,63.69,55.95,50.6,57.14,61.31,52.98,51.79,66.07,64.29,60.12,57.74,57.74
2020-03-30,60.42,55.36,38.69,66.07,66.07,65.48,63.1,62.8,57.14,50.6,69.64,63.69,59.52,64.29,67.86,61.9,61.9,67.26,60.71,65.48,63.69,52.98,52.98,70.24,62.5,41.67,50.89,66.07,64.88,66.67,55.36,66.07,66.07,64.29,63.69,53.87,66.07,55.95,50.6,61.9,61.31,55.36,58.93,66.07,64.29,60.12,61.31,57.74
2020-03-31,60.42,55.36,48.21,66.07,66.07,65.48,63.1,62.8,57.14,50.6,69.64,63.69,59.52,64.29,67.86,61.9,61.9,67.26,60.71,65.48,63.69,52.98,57.74,70.24,62.5,41.67,50.89,66.07,64.88,66.67,57.74,66.07,66.07,64.29,63.69,53.87,66.07,55.95,50.6,61.9,61.31,55.36,58.93,66.07,64.29,60.12,61.31,57.74
2020-04-01,60.42,55.36,48.21,67.86,66.07,65.48,63.1,62.8,57.14,50.6,69.64,63.69,59.52,64.29,67.86,61.9,61.9,67.26,60.71,65.48,63.69,52.98,57.74,70.24,62.5,41.67,50.89,71.43,64.88,66.67,60.12,66.96,66.07,66.67,63.69,59.52,66.07,58.33,50.6,64.29,61.31,55.36,58.93,66.07,64.29,60.12,61.31,57.74
2020-04-02,60.42,55.36,48.21,67.86,66.07,65.48,64.88,62.8,57.14,55.36,69.64,63.69,59.52,64.29,67.86,61.9,64.29,67.26,64.88,65.48,63.69,52.98,57.74,70.24,62.5,41.67,50.89,71.43,64.88,69.05,60.12,66.96,66.07,66.67,63.69,59.52,66.07,58.33,50.6,64.29,63.39,55.36,58.93,66.07,64.29,60.12,63.1,57.74
2020-04-03,62.2,58.63,48.21,67.86,67.86,65.48,64.88,65.77,61.9,55.36,69.64,63.69,59.52,64.29,71.43,61.9,64.29,67.26,68.45,65.48,63.69,52.98,62.5,70.24,62.5,44.05,53.27,71.43,64.88,69.05,61.9,66.96,66.07,66.67,63.69,66.07,66.07,61.9,52.98,64.29,63.39,55.36,58.93,66.07,64.29,61.9,63.1,57.74
2020-04-04,66.07,58.63,50.0,68.75,67.86,67.26,66.67,67.56,63.69,57.14,71.43,65.48,61.31,66.07,73.21,63.69,66.07,69.05,70.24,67.26,65.48,54.76,64.29,72.02,64.29,45.83,57.14,73.21,66.67,70.83,61.9,66.96,67.86,68.45,65.48,66.07,67.86,63.69,54.76,66.07,65.18,57.14,58.93,67.86,66.07,63.69,63.1,59.52
2020-04-05,66.07,59.52,50.0,68.75,67.86,67.26,66.67,67.56,63.69,57.14,71.43,65.48,61.31,66.07,73.21,63.69,65.18,71.43,70.24,67.26,65.48,54.76,64.29,72.02,64.29,45.83,57.14,73.21,66.67,70.83,61.9,66.96,67.86,68.45,65.48,66.07,67.86,63.69,54.76,66.07,65.18,57.14,58.93,67.86,66.07,63.69,63.1,59.52
2020-04-06,66.07,59.52,50.0,70.54,67.86,67.26,66.67,67.56,63.69,58.93,71.43,65.48,61.31,66.07,73.21,63.69,65.18,75.0,70.24,67.26,65.48,60.71,64.29,72.02,64.29,50.6,57.14,73.21,66.67,70.83,61.9,66.96,67.86,68.45,65.48,66.07,67.86,66.07,53.57,66.07,65.18,57.14,58.93,67.86,66.07,63.69,63.1,59.52
2020-04-07,66.07,59.52,50.0,70.54,67.86,67.26,66.67,66.67,66.07,58.93,71.43,65.48,61.31,66.07,73.21,63.69,65.18,75.0,70.24,67.26,65.48,60.71,64.29,72.02,64.29,50.6,57.14,73.21,66.67,70.83,61.9,66.96,67.86,67.56,65.48,66.07,67.86,67.26,54.46,66.07,65.18,57.14,58.93,67.86,66.07,63.69,63.1,59.52
2020-04-08,66.07,59.52,50.0,70.54,67.86,67.26,66.67,66.67,66.07,58.93,71.43,65.48,61.31,66.07,73.21,63.69,65.18,75.0,70.24,67.26,61.9,60.71,64.29,72.02,64.29,54.17,58.33,73.21,68.45,70.83,61.9,67.86,67.86,67.56,65.48,66.07,67.86,67.26,54.46,66.07,65.18,57.14,58.93,67.86,66.07,63.69,63.1,59.52
2020-04-09,66.07,59.52,55.95,70.54,67.86,67.26,66.67,68.45,66.07,58.93,71.43,65.48,61.31,66.07,73.21,63.69,65.18,75.0,70.24,67.26,61.9,60.71,64.29,72.02,64.29,54.17,58.33,73.21,68.45,70.83,61.9,67.86,67.86,67.56,65.48,69.64,67.86,67.26,54.46,66.07,65.18,57.14,58.93,67.86,66.07,63.69,63.1,59.52
2020-04-10,66.07,59.52,55.95,70.54,71.43,67.26,66.67,68.45,66.07,58.93,71.43,65.48,61.31,66.07,73.21,63.69,66.07,75.0,70.24,67.26,61.9,60.71,64.29,72.02,64.29,54.17,58.33,73.21,68.45,70.83,61.9,67.86,67.86,67.56,65.48,69.64,67.86,67.26,54.46,66.07,65.18,57.14,58.93,67.86,66.07,63.69,63.1,59.52
2020-04-11,66.07,59.52,55.95,70.54,71.43,67.26,66.67,68.45,66.07,58.93,71.43,65.48,61.31,66.07,73.21,63.69,66.07,75.0,70.24,67.26,61.9,60.71,64.29,72.02,64.29,54.17,58.33,73.21,68.45,70.83,61.9,67.86,67.86,67.56,65.48,69.64,67.86,67.26,54.46,66.07,65.18,57.14,58.93,67.86,66.07,63.69,63.1,64.88
2020-04-12,66.07,59.52,55.95,70.54,71.43,67.26,66.67,68.45,66.07,58.93,71.43,65.48,55.95,66.07,73.21,63.69,70.54,75.0,70.24,67.26,61.9,60.71,64.29,72.02,64.29,54.17,58.33,73.21,68.45,70.83,61.9,67.86,67.86,67.56,65.48,69.64,67.86,67.26,54.46,66.07,65.18,57.14,58.93,67.86,66.07,63.69,63.1,64.88
2020-04-13,66.07,59.52,55.95,70.54,71.43,67.26,66.67,70.24,66.07,58.93,71.43,65.48,55.95,66.07,73.21,63.69,70.54,75.0,70.24,67.26,61.9,60.71,64.29,72.02,64.29,54.17,58.33,73.21,72.02,70.83,61.9,67.86,67.86,67.56,65.48,69.64,67.86,67.26,54.46,66.07,67.86,57.14,58.93,67.86,66.07,63.69,63.1,64.88
2020-04-14,66.07,59.52,55.95,70.54,71.43,67.26,66.67,70.24,66.07,58.93,71.43,65.48,55.95,66.07,73.21,63.69,70.54,76.79,70.24,69.64,61.9,60.71,64.29,72.02,64.29,54.17,58.33,73.21,72.02,70.83,61.9,67.86,67.86,67.56,65.48,69.64,67.86,67.26,54.46,66.07,67.86,57.14,58.93,67.86,66.07,63.69,63.1,64.88
2020-04-15,66.07,59.52,55.95,70.54,71.43,67.26,66.67,70.24,66.07,58.93,71.43,65.48,55.95,66.07,73.21,63.69,70.54,76.79,70.24,69.64,61.9,60.71,64.29,72.02,64.29,54.17,58.33,73.21,72.02,70.83,61.9,67.86,67.86,67.56,65.48,71.43,67.86,67.26,54.46,70.83,67.86,57.14,58.93,67.86,66.07,63.69,63.1,64.88
2020-04-16,68.45,59.52,55.95,70.54,71.43,67.26,66.67,70.24,66.07,58.93,71.43,65.48,55.95,66.07,75.6,63.69,70.54,76.79,70.24,72.02,61.9,60.71,64.29,72.02,64.29,54.17,58.33,73.21,72.02,70.83,61.9,67.86,67.86,67.56,65.48,71.43,67.86,67.26,54.46,70.83,67.86,57.14,58.93,67.86,66.07,63.69,63.1,64.88
2020-04-17,68.45,59.52,55.95,70.54,71.43,69.64,66.67,70.24,66.07,58.93,71.43,65.48,55.95,66.07,75.6,62.8,72.32,76.79,70.24,72.02,61.9,64.29,61.9,72.02,64.29,54.17,58.33,73.21,72.02,70.83,61.9,71.43,67.86,67.56,65.48,71.43,67.86,67.26,54.46,70.83,67.86,53.57,58.93,67.86,66.07,63.69,63.1,64.88
2020-04-18,68.45,59.52,55.95,70.54,71.43,69.64,66.67,70.24,66.07,58.93,71.43,65.48,55.95,66.07,75.6,62.8,72.32,76.79,70.24,72.02,61.9,64.29,61.9,72.02,64.29,54.17,58.33,73.21,72.02,70.83,61.9,71.43,67.86,67.56,65.48,71.43,69.64,67.26,54.46,70.83,67.86,53.57,58.93,67.86,66.07,63.69,63.1,64.88
2020-04-19,68.45,59.52,55.95,72.92,71.43,69.64,66.67,70.24,66.07,58.93,71.43,65.48,55.95,66.07,75.6,62.8,72.32,76.79,70.24,72.02,61.9,64.29,61.9,72.02,64.29,54.17,58.33,73.21,72.02,70.83,61.9,71.43,67.86,67.56,65.48,71.43,69.64,67.26,54.46,70.83,67.86,53.57,58.93,67.86,66.07,63.69,63.1,64.88
2020-04-20,68.45,59.52,55.95,72.92,71.43,73.21,66.67,70.24,66.07,58.93,71.43,65.48,55.95,66.07,75.6,62.8,72.32,76.79,70.24,72.02,61.9,64.29,61.9,72.02,66.96,54.17,58.33,73.21,72.02,70.83,61.9,71.43,67.86,67.56,65.48,69.05,69.64,64.88,54.46,70.83,67.86,53.57,58.93,65.48,66.07,66.07,63.1,64.88
2020-04-21,68.45,61.9,55.95,72.92,71.43,73.21,66.67,70.24,66.07,64.88,71.43,65.48,55.95,66.07,75.6,62.8,72.32,76.79,70.24,72.02,61.9,64.29,61.9,72.02,66.96,54.17,58.33,73.21,72.02,70.83,61.9,71.43,67.86,67.56,65.48,69.05,69.64,64.88,54.46,70.83,67.86,53.57,58.93,65.48,66.07,66.07,63.1,64.88
2020-04-22,68.45,61.9,55.95,72.92,71.43,73.21,66.67,70.24,66.07,64.88,71.43,65.48,55.95,66.07,75.6,62.8,72.32,76.79,70.24,72.02,61.9,64.29,61.9,72.02,66.96,56.55,58.33,73.21,72.02,70.83,61.9,75.0,67.86,67.56,65.48,69.05,69.64,64.88,54.46,70.83,70.24,53.57,58.93,65.48,66.07,66.07,63.1,67.26
2020-04-23,68.45,61.9,55.95,72.92,71.43,73.21,66.67,70.24,66.07,64.88,71.43,65.48,55.95,66.07,75.6,62.8,72.32,76.79,70.24,72.02,64.29,64.29,61.9,72.02,66.96,56.55,58.33,73.21,72.02,70.83,61.9,75.0,67.86,67.56,65.48,69.05,69.64,64.88,54.46,70.83,70.24,53.57,58.93,65.48,66.07,66.07,63.1,67.26
2020-04-24,68.45,61.9,55.95,72.92,71.43,73.21,66.67,70.24,63.69,64.88,71.43,65.48,55.95,66.07,75.6,62.8,72.32,76.79,70.24,69.64,64.29,64.29,61.9,72.02,65.18,56.55,58.33,73.21,72.02,70.83,61.9,75.0,67.86,61.31,65.48,69.05,69.64,64.88,54.46,70.83,67.86,53.57,58.93,65.48,66.07,66.07,63.1,67.26
2020-04-25,68.45,61.9,55.95,72.92,71.43,73.21,66.67,70.24,63.69,64.88,71.43,65.48,55.95,66.07,75.6,62.8,72.32,76.79,70.24,69.64,64.29,64.29,61.9,70.83,65.18,56.55,58.33,73.21,72.02,74.4,61.9,77.38,67.86,61.31,65.48,69.05,69.64,64.88,54.46,70.83,67.86,53.57,58.93,65.48,66.07,66.07,63.1,67.26
2020-04-26,68.45,61.9,55.95,72.92,71.43,73.21,66.67,70.24,63.69,64.88,71.43,65.48,55.95,66.07,77.98,62.8,72.32,76.79,70.24,71.43,64.29,64.29,61.9,70.83,65.18,56.55,58.33,73.21,72.02,74.4,61.9,77.38,67.86,61.31,65.48,69.05,69.64,64.88,54.46,70.83,67.86,53.57,58.93,65.48,66.07,66.07,63.1,67.26
2020-04-27,68.45,61.9,55.95,72.92,66.07,73.21,66.67,70.24,63.69,64.88,71.43,65.48,55.95,66.07,77.98,62.8,72.32,76.79,70.24,71.43,64.29,64.29,61.9,68.45,65.18,56.55,58.33,73.21,72.02,74.4,61.9,77.38,67.86,61.31,65.48,69.05,69.64,64.88,54.46,68.45,65.18,53.57,60.71,65.48,66.07,66.07,63.1,67.26
2020-04-28,68.45,61.9,55.95,72.92,66.07,73.21,70.24,70.24,63.69,64.88,71.43,65.48,58.33,66.07,77.98,62.8,72.32,76.79,70.24,71.43,64.29,64.29,61.9,68.45,65.18,56.55,58.33,73.21,72.02,74.4,59.52,77.38,69.64,61.31,65.48,69.05,72.02,67.26,47.32,67.26,65.18,53.57,60.71,65.48,66.07,66.07,66.67,67.26
2020-04-29,68.45,61.9,55.95,72.92,66.07,73.21,70.24,70.24,63.69,64.88,71.43,65.48,58.33,68.45,77.98,62.8,72.32,76.79,70.24,71.43,64.29,64.29,61.9,68.45,65.18,56.55,58.33,75.6,72.02,74.4,59.52,77.38,69.64,61.31,65.48,69.05,72.02,67.26,47.32,67.26,65.18,53.57,60.71,69.05,66.07,63.69,66.67,67.26
2020-04-30,64.88,61.9,59.52,72.92,66.07,73.21,70.24,70.24,63.69,64.88,71.43,65.48,58.33,68.45,77.98,62.8,72.32,76.79,70.24,71.43,64.29,64.29,61.9,68.45,63.99,56.55,58.33,75.6,72.02,74.4,59.52,77.38,67.26,61.31,65.48,69.05,72.02,67.26,47.32,65.48,65.18,53.57,60.71,69.05,66.07,63.69,64.29,67.26
2020-05-01,67.56,61.9,59.52,72.92,66.07,73.21,70.24,70.24,63.69,64.88,54.76,67.26,58.33,68.45,77.98,64.58,72.32,76.79,69.64,71.43,64.29,64.29,61.9,68.45,63.99,54.17,58.33,75.6,72.02,74.4,59.52,77.38,63.69,61.9,65.48,69.05,72.02,63.69,47.32,65.48,63.99,49.4,60.71,70.83,66.07,63.69,64.29,69.05
2020-05-02,67.56,61.9,59.52,72.92,66.07,73.21,70.24,70.24,63.69,64.88,54.76,69.64,58.33,68.45,77.98,64.58,72.32,76.79,69.64,71.43,64.29,64.29,61.9,68.45,63.99,54.17,58.33,75.6,72.02,74.4,59.52,77.38,63.69,61.9,65.48,69.05,72.02,63.69,44.94,65.48,63.99,49.4,60.71,70.83,66.07,63.69,64.29,69.05
2020-05-03,67.56,61.9,59.52,72.92,66.07,73.21,70.24,70.24,63.69,64.88,54.76,69.64,58.33,68.45,77.98,64.58,72.32,76.79,69.64,71.43,64.29,64.29,61.9,68.45,63.99,54.17,58.33,75.6,72.02,74.4,59.52,77.38,63.69,61.9,65.48,69.05,72.02,61.31,44.94,65.48,63.99,49.4,60.71,70.83,66.07,63.69,64.29,69.05
2020-05-04,67.56,56.55,59.52,72.92,66.07,73.21,70.24,67.26,63.69,64.88,53.57,69.64,56.25,63.69,77.98,64.58,72.32,76.79,69.64,71.43,61.9,56.85,61.9,68.45,63.99,57.74,58.33,75.6,72.02,74.4,61.9,77.38,66.07,61.9,65.48,69.05,72.02,61.31,44.94,65.48,63.99,52.98,60.71,70.83,62.8,66.07,60.12,69.05
2020-05-05,67.56,60.12,59.52,72.92,66.07,73.21,70.24,67.26,63.69,64.88,53.57,69.64,56.25,63.69,77.98,64.58,72.32,76.79,69.64,71.43,61.9,56.85,61.9,68.45,63.99,57.74,58.33,75.6,72.02,76.19,61.9,77.38,66.07,61.9,61.9,69.05,72.02,61.31,44.94,65.48,63.99,52.98,60.71,70.83,62.8,66.07,60.12,69.05
2020-05-06,67.56,60.12,59.52,72.92,66.07,73.21,70.24,67.26,63.69,64.88,53.57,69.64,56.25,63.69,74.4,64.58,73.21,76.79,69.64,71.43,61.9,56.85,61.9,68.45,63.99,57.74,58.33,75.6,72.02,76.19,61.9,77.38,66.07,61.9,61.9,69.05,72.02,61.31,44.94,65.48,63.99,52.98,60.71,68.45,62.8,66.07,67.26,69.05
2020-05-07,67.56,60.12,59.52,72.92,66.07,73.21,70.24,67.26,66.07,64.88,53.57,69.64,56.25,63.69,74.4,64.58,73.21,76.79,69.64,71.43,61.9,56.85,61.9,67.26,63.99,57.74,58.33,75.6,72.02,76.19,61.9,77.38,66.07,61.9,61.9,69.05,72.02,61.31,44.94,65.48,63.99,52.98,60.71,68.45,62.8,66.07,67.26,69.05
2020-05-08,67.56,60.12,59.52,63.39,66.07,73.21,72.62,67.26,66.07,64.88,53.57,69.64,56.25,63.69,74.4,64.58,73.21,76.79,69.64,71.43,61.9,56.85,61.9,67.26,65.18,54.17,58.33,75.6,72.02,76.19,61.9,77.38,66.07,63.1,61.9,65.18,71.43,61.31,44.94,66.07,63.99,52.98,60.71,68.45,62.8,66.07,67.26,69.05
2020-05-09,67.56,60.12,59.52,63.39,63.1,73.21,72.62,67.26,66.07,64.88,53.57,69.64,56.25,63.69,74.4,64.58,73.21,76.79,69.64,71.43,61.9,56.85,61.9,67.26,65.18,54.17,58.33,75.6,72.02,76.19,61.31,77.38,66.07,63.1,61.9,65.18,71.43,61.31,44.94,66.07,62.8,52.98,60.71,68.45,62.8,66.07,67.26,69.05
2020-05-10,67.56,60.12,59.52,63.39,63.1,73.21,72.62,67.26,66.07,64.88,53.57,69.64,56.25,63.69,74.4,64.58,73.21,76.79,69.64,71.43,61.9,56.85,61.9,67.26,65.18,54.17,58.33,75.6,74.4,76.19,61.31,77.38,66.07,63.1,61.9,65.18,71.43,61.31,44.94,66.07,62.8,52.98,60.71,68.45,62.8,66.07,67.26,69.05
2020-05-11,60.42,61.9,59.52,63.39,63.1,73.21,72.62,67.26,66.07,64.88,53.57,69.64,56.25,63.69,72.02,64.58,73.21,76.79,69.64,71.43,61.9,56.85,61.9,67.26,65.18,52.38,58.33,73.21,74.4,76.19,61.31,77.38,66.07,63.1,61.9,65.18,71.43,64.88,44.94,66.07,62.8,52.98,60.71,70.83,62.8,66.07,67.26,69.05
2020-05-12,60.42,61.9,59.52,63.39,63.1,73.21,76.19,67.26,69.64,64.88,53.57,69.64,56.25,63.69,72.02,64.58,73.21,76.79,69.64,71.43,60.71,56.85,61.9,67.26,65.18,52.38,60.71,73.21,74.4,78.57,61.31,77.38,66.07,63.1,61.9,65.18,71.43,64.88,44.94,66.07,62.8,52.98,60.71,70.83,62.8,66.07,67.26,69.05
2020-05-13,60.42,61.9,59.52,63.39,63.1,75.6,76.19,67.26,69.64,64.88,53.57,69.64,56.25,63.69,72.02,64.58,73.21,76.79,69.64,71.43,60.71,56.85,61.9,67.26,65.18,52.38,60.71,73.21,74.4,78.57,61.31,77.38,66.07,63.1,61.9,65.18,71.43,64.88,44.94,66.07,62.8,52.98,60.71,73.21,65.18,58.04,67.26,69.05
2020-05-14,60.42,61.9,59.52,63.39,63.99,75.6,76.19,67.26,69.64,64.88,53.57,69.64,56.25,63.69,72.02,64.58,73.21,72.62,69.64,71.43,60.71,56.85,61.9,67.26,65.18,52.38,60.71,73.21,74.4,78.57,61.31,77.38,66.07,63.1,61.9,65.18,71.43,64.88,44.94,66.07,62.8,52.98,60.71,73.21,65.18,58.04,67.26,69.05
2020-05-15,60.42,64.29,59.52,63.39,63.99,75.6,76.19,67.26,69.64,64.88,53.57,69.64,56.25,63.69,72.02,62.2,73.21,72.62,69.64,71.43,60.71,56.85,61.9,67.26,65.77,51.19,60.71,73.21,74.4,77.98,61.31,75.0,66.07,54.17,62.5,65.18,71.43,64.88,44.94,66.07,62.8,52.98,60.71,73.21,65.18,58.04,69.64,64.88
2020-05-16,60.42,64.29,51.19,63.39,63.99,75.6,76.19,67.26,69.64,64.88,53.57,69.64,56.25,63.69,72.02,63.99,73.21,72.62,69.64,71.43,60.71,56.85,61.9,67.26,65.77,51.19,60.71,73.21,74.4,77.98,61.31,75.0,66.07,54.17,62.5,65.18,71.43,64.88,44.94,66.07,62.8,49.4,60.71,73.21,65.18,58.04,69.64,64.88
2020-05-17,60.42,64.29,51.19,63.39,63.99,75.6,76.19,67.26,69.64,64.88,53.57,69.64,56.25,63.69,72.02,63.99,73.21,72.62,69.64,71.43,60.71,56.85,61.9,67.26,65.77,51.19,60.71,73.21,74.4,77.98,61.31,77.38,66.07,54.17,62.5,61.61,71.43,64.88,44.94,66.07,62.8,49.4,60.71,73.21,65.18,58.04,69.64,64.88
2020-05-18,60.42,64.29,51.19,63.39,66.37,79.17,76.19,67.26,69.64,64.88,53.57,69.64,57.74,63.69,75.6,63.99,71.43,72.62,72.02,70.24,58.33,56.85,61.9,67.26,65.77,51.19,60.71,73.21,72.02,77.98,61.31,77.38,66.07,54.17,62.5,61.61,71.43,64.88,47.32,66.07,62.8,49.4,60.71,73.21,65.18,58.04,64.88,64.88
2020-05-19,60.42,64.29,51.19,63.39,66.37,79.17,76.19,67.26,69.64,64.88,53.57,69.64,57.74,63.69,75.6,63.99,71.43,72.62,72.02,70.24,58.33,55.65,61.9,67.26,65.77,51.19,60.71,73.21,72.02,77.98,61.31,77.38,66.07,54.17,62.5,61.61,71.43,64.88,47.32,66.07,62.8,49.4,60.71,73.21,65.18,59.23,64.88,64.88
2020-05-20,60.42,64.29,51.19,63.39,66.37,76.79,76.19,64.88,69.64,64.88,55.95,69.64,57.74,63.69,75.6,63.99,71.43,72.62,72.02,70.24,58.33,55.65,61.9,67.26,65.77,51.19,60.71,73.21,72.02,77.98,61.31,77.38,63.69,54.17,62.5,61.61,71.43,64.88,47.32,66.07,62.8,49.4,60.71,73.21,65.18,59.23,64.88,64.88
2020-05-21,60.42,64.29,51.19,63.39,66.37,76.79,76.19,64.88,69.64,64.88,55.95,69.64,57.74,63.69,75.6,63.99,71.43,72.62,72.02,69.05,58.33,58.04,61.9,67.26,65.77,51.19,60.71,73.21,72.02,77.98,61.31,77.38,63.69,54.17,62.5,61.61,71.43,64.88,47.32,66.07,57.44,49.4,60.71,73.21,65.18,59.23,61.31,64.88
2020-05-22,58.63,64.29,51.19,66.96,66.37,76.79,76.19,64.88,69.64,64.88,55.95,69.64,57.74,61.9,73.21,63.99,71.43,72.62,72.02,69.05,58.33,58.04,61.9,67.26,62.2,51.19,60.71,74.11,72.02,77.98,61.31,77.38,63.69,54.17,62.5,61.61,71.43,64.88,47.32,61.31,57.44,49.4,60.71,73.21,65.18,59.23,61.31,64.88
2020-05-23,58.63,64.29,51.19,66.96,66.37,76.79,76.19,64.88,69.64,64.88,55.95,69.64,57.74,61.9,73.21,63.99,71.43,72.62,72.02,69.05,58.33,58.04,61.9,67.26,62.2,51.19,60.71,74.11,72.02,77.98,61.31,77.38,63.69,54.17,62.5,61.61,71.43,64.88,47.32,61.31,57.44,49.4,60.71,73.21,65.18,59.23,61.31,64.88
2020-05-24,58.63,64.29,51.19,66.96,66.37,76.79,76.19,64.88,69.64,64.88,55.95,69.64,57.74,61.9,73.21,63.99,71.43,72.62,72.02,69.05,58.33,58.04,61.9,67.26,62.2,51.19,60.71,74.11,72.02,77.98,61.31,77.38,63.69,54.17,62.5,61.61,71.43,64.88,47.32,61.31,57.44,49.4,60.71,73.21,65.18,59.23,61.31,64.88
2020-05-25,58.63,64.29,51.19,66.96,66.37,76.79,76.19,64.88,69.64,64.88,55.95,69.64,57.74,61.9,73.21,63.99,71.43,72.62,72.02,69.05,58.33,58.04,61.9,67.26,62.2,51.19,60.71,74.11,72.02,77.98,61.31,77.38,63.69,54.17,62.5,61.61,71.43,64.88,47.32,61.31,57.44,49.4,60.71,73.21,65.18,59.23,61.31,64.88
2020-05-26,58.63,64.29,51.19,66.96,66.37,76.79,76.19,64.88,69.64,64.88,55.95,69.64,57.74,61.9,73.21,63.99,71.43,72.62,72.02,71.43,59.23,58.04,61.9,67.26,62.2,51.19,60.71,74.11,72.02,77.98,61.31,77.38,61.9,54.17,62.5,61.61,71.43,64.88,47.32,61.31,57.44,49.4,60.71,73.21,65.18,56.25,61.31,64.88
2020-05-27,58.63,64.29,51.19,66.96,66.37,76.79,76.19,64.88,69.64,64.88,55.95,69.64,57.74,61.9,73.21,63.99,71.43,72.62,72.02,71.43,59.23,58.04,61.9,67.26,62.2,51.19,60.71,74.11,72.02,77.98,61.31,77.38,61.9,54.17,62.5,61.61,71.43,63.1,47.32,61.31,57.44,52.98,60.71,73.21,65.18,56.25,61.31,61.31
2020-05-28,58.63,64.29,51.19,66.96,66.37,76.79,76.19,64.88,67.86,64.88,55.95,69.64,57.74,61.9,73.21,63.99,71.43,72.62,72.02,71.43,59.23,58.04,61.9,67.26,62.2,51.19,60.71,74.11,72.02,77.98,63.69,77.38,61.9,54.17,62.5,61.61,71.43,63.1,47.32,61.31,57.44,52.98,60.71,73.21,65.18,56.25,61.31,61.31
2020-05-29,58.63,64.29,51.19,66.96,66.37,76.79,76.19,64.88,67.86,64.88,55.95,64.88,57.74,61.9,73.21,66.37,71.43,77.38,72.02,71.43,59.23,58.04,61.9,67.26,62.2,51.19,60.71,74.11,72.02,77.98,61.9,75.0,61.9,54.17,62.5,58.63,71.43,63.1,47.32,61.31,57.44,52.98,62.5,73.21,65.18,56.25,61.31,61.31
2020-05-30,58.63,64.29,51.19,66.96,66.37,76.79,76.19,64.88,67.86,64.88,50.6,64.88,57.74,61.9,73.21,66.37,71.43,77.38,72.02,71.43,59.23,58.04,61.9,67.26,62.2,51.19,60.71,74.11,72.02,77.98,61.9,75.0,61.9,54.17,62.5,58.63,71.43,61.31,47.32,61.31,49.4,52.98,62.5,73.21,65.18,56.25,61.31,61.31
2020-05-31,58.63,64.29,51.19,66.96,66.37,76.79,76.19,64.88,67.86,64.88,50.6,64.88,57.74,61.9,73.21,66.37,71.43,77.38,67.86,71.43,59.23,58.04,61.9,67.26,62.2,51.19,60.71,74.11,72.02,77.98,61.9,75.0,61.9,54.17,62.5,58.63,71.43,61.31,47.32,61.31,49.4,52.98,62.5,73.21,65.18,56.25,61.31,61.31
2020-06-01,58.63,64.29,51.19,66.96,62.8,75.89,72.62,64.88,66.67,52.98,50.6,64.88,55.95,61.9,73.21,66.37,69.05,74.4,71.43,67.86,59.23,58.04,51.79,59.52,62.2,50.0,59.82,74.11,72.02,77.98,61.9,75.0,61.9,53.57,61.31,58.63,67.26,61.31,47.32,61.31,49.4,52.98,62.5,71.43,60.42,56.25,61.31,61.31
2020-06-02,58.63,64.29,51.19,66.96,62.8,75.89,72.62,64.88,66.67,52.98,50.6,64.88,55.95,61.9,73.21,66.37,69.05,74.4,71.43,67.86,59.23,58.04,51.79,59.52,62.2,50.0,59.82,74.11,72.02,77.98,61.9,75.0,61.9,53.57,61.31,58.63,67.26,61.31,47.32,61.31,49.4,52.98,62.5,71.43,60.42,56.25,61.31,61.31
2020-06-03,58.63,64.29,51.19,66.96,62.8,75.89,72.62,64.88,66.67,52.98,50.6,64.88,55.95,61.9,73.21,66.37,66.67,74.4,71.43,67.86,59.23,58.04,51.79,59.52,62.2,50.0,59.82,74.11,72.02,77.98,61.9,75.0,61.9,53.57,58.33,61.01,67.26,61.31,47.32,61.31,47.62,52.98,62.5,71.43,60.42,56.25,61.31,61.31
2020-06-04,58.63,64.29,51.19,66.96,62.8,75.89,72.62,64.88,66.67,52.98,50.6,60.12,55.95,61.9,73.21,66.37,66.67,74.4,71.43,67.86,59.23,58.04,54.46,59.52,62.2,50.0,59.82,74.11,72.02,77.98,59.52,75.0,61.9,53.57,58.33,61.01,67.26,61.31,47.32,61.31,47.62,52.98,62.5,71.43,60.42,56.25,61.31,61.31
2020-06-05,61.01,64.29,51.19,66.96,62.8,75.89,72.62,64.88,66.67,52.98,50.6,60.12,55.95,61.9,73.21,66.37,66.67,74.4,71.43,60.12,59.23,58.04,54.46,59.52,62.2,47.62,59.82,74.11,72.02,77.98,59.52,75.0,65.48,53.57,54.46,58.63,67.26,61.31,47.32,61.31,47.62,52.98,62.2,71.43,58.63,56.25,61.31,61.31
2020-06-06,59.23,64.29,51.19,66.96,62.8,75.89,72.62,64.88,66.67,52.98,50.6,60.12,55.95,61.9,73.21,66.37,66.67,74.4,71.43,60.12,59.23,58.04,54.46,61.9,62.2,47.62,59.82,74.11,72.02,77.98,59.52,75.0,65.48,53.57,54.46,58.63,67.26,61.31,47.32,61.31,47.62,52.98,62.2,71.43,58.63,56.25,61.31,61.31
2020-06-07,59.23,64.29,51.19,66.96,62.8,75.89,72.62,64.88,66.67,52.98,50.6,60.12,55.95,61.9,73.21,66.37,66.67,74.4,71.43,60.12,59.23,58.04,54.46,61.9,62.2,47.62,59.82,74.11,72.02,77.98,59.52,75.0,65.48,51.79,54.46,58.63,67.26,61.31,47.32,61.31,47.62,52.98,62.2,71.43,58.63,56.25,61.31,61.31
2020-06-08,59.23,64.29,51.19,66.96,62.8,75.89,72.62,62.5,66.67,52.98,50.6,60.12,55.95,55.95,73.21,66.37,65.48,70.83,71.43,60.12,59.23,58.04,54.46,61.9,62.2,47.62,59.82,70.54,72.02,77.98,59.52,73.81,63.1,51.79,54.46,58.63,67.26,61.31,47.32,61.31,47.62,52.98,62.2,71.43,58.63,56.25,61.31,61.31
2020-06-09,59.23,64.29,51.19,66.96,62.8,75.89,72.62,62.5,66.67,52.98,50.6,60.12,55.95,55.95,73.21,66.37,65.48,70.83,71.43,60.12,59.23,58.04,54.46,61.9,62.2,47.62,59.82,70.54,64.29,77.98,58.33,73.81,63.1,51.79,54.46,58.63,67.26,61.31,47.32,61.31,47.62,52.98,62.2,71.43,58.63,57.14,61.31,61.31
2020-06-10,59.23,64.29,51.19,66.96,62.8,75.89,72.62,62.5,66.67,52.98,50.6,60.12,55.95,55.95,73.21,66.37,65.48,69.64,71.43,60.12,55.06,58.04,54.46,61.9,62.2,47.62,59.82,70.54,64.29,77.98,58.33,73.81,63.1,51.79,54.46,58.63,67.26,61.31,47.32,61.31,47.62,52.98,62.2,71.43,58.63,57.14,61.31,61.31
2020-06-11,59.23,64.29,51.19,66.96,62.8,75.89,72.62,62.5,66.67,52.98,48.21,60.12,55.95,55.95,73.21,66.37,65.48,69.64,71.43,60.12,55.06,58.04,54.46,61.9,62.2,47.62,59.82,70.54,64.29,77.98,58.33,73.81,65.48,51.79,54.46,58.63,67.26,50.0,47.32,61.31,47.62,52.98,62.2,71.43,58.63,57.14,61.31,61.31
2020-06-12,59.23,64.29,51.19,66.96,62.8,75.89,72.62,62.5,66.67,50.6,48.21,60.12,52.98,53.57,73.21,66.37,65.48,69.64,71.43,60.12,55.06,58.04,54.46,61.9,62.2,47.62,59.82,70.54,64.29,77.98,58.33,73.81,65.48,51.79,54.46,58.63,67.26,50.0,47.32,61.31,47.62,50.3,61.31,71.43,58.63,57.14,61.31,61.31
2020-06-13,59.23,64.29,51.19,66.96,62.8,75.89,72.62,62.5,66.67,50.6,42.86,60.12,52.98,53.57,73.21,66.37,65.48,69.64,71.43,60.12,55.06,58.04,54.46,61.9,62.2,47.62,59.82,70.54,64.29,77.98,58.33,73.81,65.48,51.79,54.46,58.63,67.26,50.0,47.32,61.31,47.62,50.3,61.31,71.43,58.63,57.14,61.31,61.31
2020-06-14,59.23,64.29,51.19,66.96,62.8,75.89,72.62,62.5,66.67,50.6,42.86,60.12,52.98,53.57,73.21,66.37,65.48,69.64,71.43,60.12,55.06,58.04,54.46,61.9,62.2,47.62,59.82,70.54,64.29,77.98,58.33,73.81,65.48,51.79,54.46,58.63,67.26,50.0,47.32,61.31,47.62,50.3,61.31,71.43,58.63,57.14,61.31,61.31
2020-06-15,59.23,57.14,51.19,66.96,62.8,75.89,67.86,62.5,66.67,50.6,42.86,60.12,55.36,53.57,73.21,66.37,65.48,64.58,71.43,60.12,55.06,55.65,54.46,61.9,62.2,47.62,64.58,70.54,64.29,77.98,58.33,72.92,65.48,48.21,54.46,58.63,67.26,50.0,47.32,58.93,47.62,50.3,61.31,69.05,58.63,53.57,61.31,58.33
2020-06-16,59.23,59.82,51.19,66.96,62.8,75.89,67.86,62.5,66.67,50.6,42.86,60.12,55.36,53.57,73.21,66.37,65.48,64.58,71.43,60.12,55.06,52.68,54.46,61.9,62.2,47.62,64.58,55.06,64.29,77.98,58.33,72.92,65.48,48.21,54.46,58.63,67.26,50.0,47.32,58.93,47.62,50.3,61.31,69.05,58.63,53.57,61.31,55.95
2020-06-17,59.23,59.82,51.19,66.96,62.8,73.81,67.86,62.5,66.67,50.6,42.86,60.12,55.36,53.57,73.21,66.37,65.48,64.58,71.43,60.12,55.06,51.49,54.46,61.9,62.2,47.62,64.58,55.06,64.29,77.98,58.33,72.92,65.48,48.21,54.46,58.63,67.26,50.0,47.32,58.93,47.62,50.3,61.31,69.05,58.63,53.57,61.31,55.95
2020-06-18,59.23,59.82,51.19,67.86,59.23,73.81,67.86,62.5,66.67,50.6,42.86,60.12,55.36,53.57,73.21,66.37,65.48,64.58,71.43,60.12,55.06,51.49,54.46,61.9,62.2,47.62,64.58,53.87,64.29,77.98,58.33,72.92,65.48,48.21,54.46,58.63,67.26,50.0,47.32,58.93,47.62,50.3,61.31,69.05,58.63,53.57,61.31,55.95
2020-06-19,59.23,59.82,53.87,67.86,59.23,73.81,67.86,62.5,66.67,50.6,42.86,60.12,54.17,53.57,73.21,66.37,65.48,62.2,71.43,60.12,55.06,51.49,54.46,61.9,62.2,47.62,66.37,53.87,64.29,77.98,58.33,72.92,65.48,48.21,54.46,58.63,67.26,50.0,47.32,58.93,47.62,50.3,61.31,66.67,58.63,53.57,61.31,55.95
2020-06-20,54.46,59.82,53.87,67.86,59.23,70.24,67.86,62.5,66.67,50.6,42.86,60.12,54.17,53.57,73.21,66.37,65.48,62.2,71.43,60.12,55.06,51.49,54.46,61.9,62.2,47.62,66.37,53.87,64.29,77.98,58.33,72.92,65.48,48.21,54.46,58.63,67.26,50.0,47.32,58.93,47.62,50.3,61.31,66.67,57.44,53.57,61.31,55.95
2020-06-21,54.46,59.82,53.87,67.86,59.23,70.24,67.86,62.5,66.67,50.6,42.86,60.12,54.17,53.57,73.21,66.37,65.48,62.2,71.43,60.12,55.06,51.49,54.46,61.9,62.2,47.62,66.37,53.87,61.9,77.98,58.33,72.92,65.48,48.21,54.46,58.63,67.26,50.0,47.32,58.93,47.62,50.3,61.31,66.67,57.44,53.57,61.31,55.95
2020-06-22,54.46,59.82,53.87,67.86,59.23,70.24,67.86,62.5,66.67,50.6,42.86,60.12,54.17,53.57,73.21,66.37,65.48,62.2,71.43,60.12,55.06,47.92,54.46,61.9,62.2,47.62,62.2,53.87,61.9,77.98,58.33,72.92,65.48,48.21,54.46,58.63,67.26,50.0,47.32,58.93,50.89,50.3,61.31,66.67,57.44,53.57,58.93,55.95
2020-06-23,54.46,59.82,53.87,67.86,59.23,70.24,67.86,62.5,66.67,50.6,44.05,60.12,54.17,53.57,73.21,66.37,65.48,62.2,71.43,60.12,55.06,47.92,54.46,61.9,62.2,47.62,62.2,53.87,61.9,77.98,58.33,72.92,65.48,48.21,54.46,58.63,67.26,50.89,47.32,58.93,56.25,50.3,61.31,66.67,57.44,53.57,58.93,55.95
2020-06-24,54.46,59.82,53.87,67.86,59.23,70.24,67.86,62.5,66.67,50.6,48.51,60.12,54.17,53.57,73.21,66.37,65.48,62.2,71.43,60.12,55.06,47.92,54.46,61.9,64.88,47.62,62.2,53.87,61.9,77.98,60.12,72.92,65.48,48.21,55.36,58.63,67.26,50.89,47.32,58.93,56.25,52.08,61.31,66.67,57.44,53.57,58.93,55.95
2020-06-25,54.46,59.82,53.87,67.86,59.23,70.24,67.86,62.5,66.67,50.6,48.51,60.12,54.17,53.57,73.21,66.37,65.48,62.2,71.43,60.12,55.06,47.92,54.46,59.52,64.88,47.62,62.2,53.87,61.9,77.98,60.12,75.89,65.48,48.21,55.36,58.63,67.26,50.89,47.32,58.93,56.25,52.08,61.31,66.67,57.44,57.14,58.93,55.95
2020-06-26,54.46,59.82,53.87,67.86,59.23,70.24,67.86,62.5,66.67,50.6,48.51,48.81,54.17,53.57,73.21,66.37,65.48,62.2,71.43,60.12,55.06,47.92,54.46,63.39,64.88,47.62,62.2,53.87,61.9,77.98,60.12,74.11,65.48,48.21,55.36,58.63,67.26,52.68,47.32,58.93,56.25,52.08,61.31,66.67,61.01,57.14,58.93,55.95
2020-06-27,54.46,59.82,53.87,67.86,59.23,70.24,67.86,62.5,66.67,50.6,48.51,48.81,54.17,53.57,73.21,66.37,65.48,62.2,71.43,60.12,55.06,47.92,54.46,63.39,64.88,47.62,62.2,53.87,61.9,77.98,60.12,74.11,65.48,48.21,55.36,58.63,67.26,52.68,47.32,58.93,56.25,52.98,61.31,66.67,61.01,57.14,58.93,55.95
2020-06-28,54.46,59.82,53.87,67.86,57.44,70.24,67.86,62.5,66.67,50.6,48.51,48.81,54.17,53.57,73.21,66.37,65.48,62.2,71.43,60.12,55.06,47.92,54.46,63.39,64.88,47.62,62.2,53.87,61.9,77.98,60.12,74.11,65.48,48.21,55.36,58.63,67.26,52.68,47.32,58.93,56.25,52.98,61.31,66.67,61.01,57.14,58.93,55.95
2020-06-29,54.46,59.82,56.25,67.86,57.44,70.24,67.86,62.5,66.67,50.6,48.51,48.81,54.17,53.57,65.48,66.37,65.48,59.23,71.43,60.12,55.06,41.67,54.46,63.39,64.88,47.62,62.2,51.49,61.9,77.98,60.12,74.11,65.48,48.21,55.36,58.63,64.88,52.68,47.32,58.93,56.25,52.98,61.31,66.67,61.01,57.14,58.93,55.95
2020-06-30,54.46,59.82,56.25,67.86,57.44,70.24,67.86,62.5,66.67,50.6,48.51,48.81,54.17,53.57,65.48,66.37,65.48,59.23,71.43,60.12,55.06,41.67,54.46,63.39,64.88,47.62,62.2,51.49,61.9,77.98,60.12,74.11,65.48,49.11,55.36,58.63,64.88,52.68,47.32,58.93,56.25,52.98,61.31,66.67,61.01,57.14,58.93,55.95
2020-07-01,54.46,57.44,56.25,67.86,57.44,70.24,67.86,62.5,64.29,50.6,48.51,48.81,54.17,53.57,65.48,66.37,65.48,59.23,71.43,61.31,55.06,44.35,54.46,63.39,64.88,47.62,62.2,51.49,61.9,77.98,60.12,74.11,65.48,49.11,55.36,62.2,64.88,52.68,47.32,58.93,55.06,52.98,55.36,66.67,61.01,57.14,55.36,55.95
2020-07-02,54.46,57.44,56.25,67.86,57.44,70.24,67.86,62.5,64.29,50.6,48.51,48.81,54.17,53.57,65.48,66.37,65.48,59.23,71.43,61.31,55.06,44.35,54.46,63.39,64.88,47.62,62.2,51.49,61.9,77.98,60.12,74.11,65.48,44.35,55.36,62.2,64.88,52.68,47.32,58.93,55.95,52.98,55.36,66.67,61.01,57.14,55.36,55.95
2020-07-03,54.46,57.44,56.25,67.86,57.44,66.67,67.86,64.88,64.29,50.6,48.51,48.81,54.17,56.25,65.48,66.37,65.48,59.23,71.43,61.31,55.06,44.35,54.46,63.39,64.88,47.62,62.2,51.49,61.9,77.98,60.12,74.11,65.48,45.24,55.36,60.12,64.88,52.68,47.32,61.61,58.63,52.98,55.36,66.67,61.01,57.14,55.36,55.95
2020-07-04,54.46,57.44,56.25,67.86,57.44,66.67,67.86,64.88,64.29,50.6,48.51,48.81,52.38,56.25,65.48,66.37,65.48,59.23,71.43,61.31,55.06,44.35,54.46,63.39,64.88,47.62,62.2,51.49,61.9,77.98,60.12,74.11,65.48,45.24,55.36,60.12,64.88,52.68,47.32,61.61,58.63,52.98,55.36,66.67,61.01,57.14,55.36,55.95
2020-07-05,54.46,57.44,56.25,67.86,57.44,66.67,67.86,64.88,64.29,50.6,48.51,48.81,52.38,56.25,65.48,66.37,65.48,59.23,71.43,61.31,55.06,44.35,54.46,63.39,64.88,47.62,62.2,51.49,61.9,77.98,60.12,74.11,65.48,45.24,55.36,60.12,64.88,52.68,47.32,61.61,58.63,52.98,55.36,66.67,61.01,57.14,55.36,55.95
2020-07-06,54.46,57.44,56.25,67.86,57.44,65.48,67.86,64.88,64.29,50.6,48.51,50.6,52.38,56.25,65.48,66.37,61.9,59.23,71.43,61.31,55.06,44.35,54.46,63.39,64.88,47.62,59.52,51.49,60.71,77.98,60.12,75.0,65.48,45.24,55.36,60.12,64.88,52.68,47.32,61.61,58.63,52.98,55.36,66.67,61.01,57.14,55.36,55.95
2020-07-07,54.46,57.44,56.25,67.86,57.44,65.48,67.86,64.88,64.29,50.6,48.51,50.6,52.38,56.25,65.48,66.37,61.9,59.23,71.43,61.31,55.06,44.35,52.08,63.39,64.88,47.62,59.52,51.49,60.71,77.98,60.12,75.0,65.48,47.02,55.36,60.12,70.83,52.68,47.32,61.61,58.63,52.98,55.36,66.67,61.01,57.14,57.14,55.95
2020-07-08,54.46,57.44,56.25,67.86,57.44,65.48,67.86,64.88,64.29,50.6,48.51,52.98,52.38,56.25,65.48,66.37,61.9,59.23,71.43,61.31,55.06,44.35,52.08,63.39,64.88,47.62,59.52,51.49,62.5,77.98,60.12,75.0,66.37,47.02,55.36,60.12,70.83,52.68,47.32,61.61,58.63,52.98,55.36,66.67,61.01,57.14,57.14,55.95
2020-07-09,54.46,57.44,56.25,67.86,57.44,65.48,67.86,64.88,64.29,50.6,48.51,52.98,52.38,56.25,65.48,66.37,61.9,59.23,71.43,61.31,55.06,44.35,52.08,63.39,64.88,47.62,59.52,51.49,62.5,77.98,60.12,75.0,66.37,47.02,55.36,60.12,70.83,52.68,47.32,61.61,58.63,52.98,55.36,66.67,61.01,57.14,57.14,55.95
2020-07-10,54.46,57.44,56.25,67.86,57.44,65.48,67.86,64.88,64.29,50.6,48.51,52.98,52.38,56.25,69.05,66.37,64.29,59.23,71.43,61.31,55.06,44.35,51.19,63.39,64.88,47.62,59.52,51.49,62.5,77.98,61.31,72.62,66.37,45.24,55.36,60.12,70.83,52.68,47.32,61.61,58.63,52.98,55.36,66.67,61.01,57.14,57.14,55.95
2020-07-11,54.46,57.44,58.63,67.86,57.44,65.48,67.86,64.88,64.29,50.6,48.51,52.98,52.38,56.25,69.05,66.37,64.29,59.23,71.43,61.31,55.06,44.35,51.19,63.39,64.88,47.62,59.52,51.49,62.5,77.98,61.31,72.62,66.37,45.24,55.36,60.12,70.83,52.68,47.32,61.61,58.63,52.98,55.36,66.67,61.01,57.14,57.14,55.95
2020-07-12,54.46,57.44,58.63,67.86,57.44,65.48,67.86,64.88,64.29,50.6,48.51,52.98,52.38,56.25,69.05,66.37,64.29,59.23,71.43,61.31,55.06,44.35,51.19,63.39,64.88,47.62,59.52,51.49,62.5,77.98,61.31,72.62,66.37,45.24,55.36,60.12,70.83,52.68,47.32,61.61,58.63,52.98,55.36,66.67,61.01,57.14,57.14,55.95
2020-07-13,54.46,57.44,58.63,67.86,57.44,65.48,67.86,64.88,61.9,51.49,48.51,52.98,52.38,56.25,69.05,67.26,64.29,59.23,71.43,61.31,55.06,44.35,51.19,63.39,64.88,47.62,59.52,51.49,62.5,77.98,61.31,72.62,66.37,45.24,55.36,60.12,70.83,52.68,47.32,61.61,58.63,52.98,55.36,66.67,61.01,57.14,57.14,55.95
2020-07-14,54.46,57.44,58.63,67.86,57.44,65.48,67.86,67.26,61.9,51.49,51.19,52.98,52.38,56.25,69.05,67.26,64.29,59.23,71.43,61.31,55.06,44.35,51.19,63.39,64.88,47.62,58.63,51.49,62.5,77.98,61.31,72.62,66.37,45.24,55.36,60.12,70.83,52.68,47.32,61.61,58.63,52.98,55.36,66.67,61.01,57.14,60.71,55.95
2020-07-15,54.46,57.44,58.63,67.86,57.44,65.48,65.48,67.26,61.9,51.49,51.19,52.98,52.38,56.25,66.67,67.26,64.29,59.23,71.43,61.31,55.06,44.35,51.19,63.39,64.88,47.62,58.63,51.49,62.5,77.98,61.31,72.62,66.37,45.24,58.93,60.12,70.83,55.06,47.32,61.61,58.63,52.98,55.36,63.1,61.01,57.14,60.71,55.95
2020-07-16,55.36,57.44,58.63,67.86,60.12,65.48,67.86,67.26,61.9,51.49,51.19,52.98,52.38,56.25,66.67,67.26,64.29,59.23,71.43,61.31,55.06,44.35,54.76,63.39,64.88,45.24,58.63,51.49,62.5,77.98,61.31,72.62,66.37,45.24,58.93,65.18,70.83,55.06,47.32,61.61,58.63,52.98,55.36,63.1,61.01,58.93,60.71,55.95
2020-07-17,55.36,57.44,58.63,67.86,60.12,67.26,67.86,67.26,61.9,51.49,51.19,52.98,52.38,56.25,66.67,67.26,64.29,59.23,71.43,63.1,55.06,44.35,54.76,63.39,64.88,45.24,59.23,51.49,58.93,77.98,61.31,72.62,66.37,45.24,58.93,65.18,70.83,55.06,47.32,61.61,58.63,51.79,55.36,63.1,61.01,58.93,60.71,55.95
2020-07-18,55.36,57.44,58.63,67.86,60.12,67.26,67.86,67.26,61.9,51.49,51.19,52.98,52.38,56.25,66.67,65.48,64.29,59.23,71.43,63.1,55.06,44.35,54.76,63.39,64.88,45.24,59.23,51.49,58.93,77.98,61.31,72.62,66.37,45.24,58.93,65.18,70.83,55.06,47.32,61.61,58.63,51.79,55.36,63.1,61.01,58.93,60.71,55.95
2020-07-19,55.36,57.44,58.63,67.86,60.12,67.26,67.86,67.26,61.9,51.49,51.19,52.98,52.38,56.25,66.67,65.48,64.29,59.23,71.43,63.1,55.06,44.35,54.76,63.39,64.88,45.24,59.23,51.49,58.93,77.98,61.31,72.62,66.37,45.24,58.93,65.18,70.83,55.06,47.32,61.61,58.63,51.79,55.36,58.33,61.01,58.93,60.71,55.95
2020-07-20,55.36,58.33,58.63,67.86,60.12,67.26,67.86,67.26,61.9,51.49,51.19,52.98,52.38,56.25,66.67,65.48,64.29,59.23,73.81,63.1,55.06,44.35,54.76,63.39,64.88,45.24,59.23,51.49,58.93,77.98,61.31,70.83,66.37,45.24,56.55,65.18,70.83,55.06,47.32,61.61,58.63,54.17,55.36,58.33,61.01,58.93,60.71,55.95
2020-07-21,55.36,58.33,58.63,67.86,60.12,67.26,67.86,67.26,61.9,53.27,51.19,52.98,52.38,56.25,68.45,65.48,64.29,62.8,73.81,63.1,55.06,44.35,54.76,63.39,64.88,45.24,59.23,51.49,58.93,77.98,61.31,70.83,66.37,45.24,56.55,65.18,70.83,55.06,47.32,61.61,58.63,54.17,55.36,58.33,61.01,58.93,60.71,55.95
2020-07-22,55.36,58.33,58.63,67.86,60.12,67.26,67.86,67.26,61.9,53.27,51.19,52.98,52.38,57.44,68.45,65.48,64.29,62.8,73.81,63.1,55.95,44.35,54.76,63.39,64.88,45.24,59.23,51.49,58.93,77.98,61.31,70.83,66.37,45.24,56.55,65.18,70.83,55.06,47.32,61.61,58.63,54.17,55.36,58.33,61.01,58.93,60.71,59.52
2020-07-23,55.36,58.33,58.63,67.86,63.69,67.26,67.86,67.26,61.9,53.27,51.19,52.98,50.6,57.44,68.45,65.48,64.29,62.8,73.81,63.1,55.95,47.92,54.76,61.01,64.88,45.24,59.23,51.49,58.93,77.98,61.31,70.83,67.26,45.24,56.55,65.18,70.83,55.06,47.32,61.61,58.63,54.17,55.36,58.33,61.01,58.93,60.71,59.52
2020-07-24,55.36,58.33,58.63,67.86,63.69,70.83,65.48,67.26,61.9,53.27,51.19,52.98,50.6,57.44,68.45,65.48,64.29,62.8,73.81,63.1,55.95,47.92,55.65,61.01,67.26,45.24,59.23,51.49,62.5,77.98,61.31,70.83,67.26,45.24,56.55,65.18,70.83,55.06,47.32,61.61,58.63,54.17,55.36,58.33,61.01,58.93,60.71,59.52
2020-07-25,55.36,58.33,58.63,67.86,63.69,70.83,65.48,67.26,61.9,53.27,51.19,52.98,50.6,57.44,68.45,65.48,64.29,62.8,73.81,63.1,55.95,47.92,55.65,61.01,67.26,45.24,59.23,51.49,62.5,77.98,61.31,70.83,67.26,45.24,56.55,65.18,70.83,55.06,47.32,61.61,58.63,54.17,55.36,58.33,61.01,58.93,60.71,59.52
2020-07-26,55.36,58.33,58.63,67.86,63.69,70.83,65.48,67.26,61.9,53.27,51.19,52.98,50.6,57.44,68.45,65.48,64.29,62.8,73.81,63.1,55.95,47.92,55.65,61.01,67.26,45.24,59.23,51.49,62.5,77.98,61.31,70.83,67.26,45.24,56.55,65.18,70.83,55.06,47.32,61.61,58.63,54.17,55.36,58.33,61.01,58.93,60.71,59.52
2020-07-27,55.36,58.33,58.63,67.86,63.69,70.83,65.48,67.26,61.9,53.27,51.19,52.98,54.17,57.44,68.45,65.48,64.29,59.23,73.81,63.1,55.95,47.92,55.65,61.01,67.26,45.24,59.23,51.49,62.5,74.4,61.31,70.83,67.26,45.24,56.55,65.18,70.83,55.06,47.32,61.61,58.63,54.17,55.36,58.33,61.01,58.93,60.71,59.52
2020-07-28,55.36,58.33,58.63,67.86,63.69,70.83,65.48,67.26,61.9,53.27,51.19,52.98,54.17,57.44,70.83,65.48,64.29,59.23,73.81,63.1,55.95,47.92,55.65,61.01,67.26,45.24,59.23,51.49,62.5,74.4,61.31,70.83,67.26,45.24,56.55,65.18,70.83,55.06,47.32,56.85,58.63,54.17,55.36,58.33,61.01,58.93,60.71,59.52
2020-07-29,55.36,58.33,58.63,67.86,63.69,70.83,65.48,67.26,61.9,53.27,51.19,52.98,52.98,57.44,70.83,65.48,64.29,59.23,73.81,63.1,55.95,47.92,55.65,63.39,67.26,45.24,59.23,51.49,62.5,74.4,61.31,70.83,67.26,45.24,56.55,65.18,67.26,55.06,47.32,56.85,58.63,54.17,55.36,58.33,61.01,58.93,60.71,59.52
2020-07-30,55.36,58.33,58.63,67.86,63.69,70.83,65.48,67.26,61.9,53.27,51.19,52.98,52.98,57.44,70.83,65.48,64.29,59.23,73.81,63.1,55.95,47.92,55.65,63.39,67.26,45.24,59.23,51.49,62.5,74.4,61.31,70.83,67.26,45.24,56.55,65.18,67.26,55.06,47.32,56.85,58.63,54.17,55.36,58.33,61.01,58.93,60.71,59.52
2020-07-31,55.36,58.33,58.63,67.86,63.69,70.83,65.48,67.26,61.9,53.27,51.19,52.98,52.98,57.44,70.83,65.48,64.29,61.01,73.81,66.07,55.95,52.38,55.65,63.39,67.26,45.24,59.23,51.49,62.5,74.4,61.31,70.83,67.26,45.24,60.12,65.18,67.26,55.06,47.32,56.85,58.63,54.17,56.25,58.33,61.01,58.93,60.71,59.52
2020-08-01,55.36,58.33,58.63,67.86,63.69,70.83,65.48,64.88,61.9,53.27,51.19,52.98,54.17,57.44,70.83,65.48,64.29,61.01,73.81,66.07,55.95,52.38,55.65,63.39,67.26,45.24,59.23,51.49,62.5,74.4,61.31,70.83,67.26,45.24,60.12,65.18,67.26,55.06,47.32,56.85,58.63,54.17,56.25,60.12,62.8,58.93,60.71,59.52
2020-08-02,55.36,58.33,58.63,67.86,63.69,70.83,65.48,64.88,61.9,53.27,51.19,52.98,54.17,57.44,70.83,65.48,64.29,61.01,73.81,66.07,55.95,52.38,55.65,63.39,67.26,45.24,59.23,51.49,62.5,74.4,61.31,70.83,67.26,45.24,60.12,65.18,67.26,57.44,47.32,56.85,58.63,54.17,56.25,60.12,62.8,58.93,60.71,59.52
2020-08-03,55.36,58.33,67.56,67.86,63.69,70.83,65.48,64.88,61.9,53.27,51.19,52.98,54.17,57.44,70.83,64.29,64.29,61.01,73.81,67.86,55.95,52.38,55.65,63.39,67.26,45.24,59.23,51.49,62.5,74.4,61.31,70.83,67.26,45.24,60.12,65.18,67.26,57.44,47.32,56.85,58.63,54.17,56.25,60.12,62.8,58.93,60.71,59.52
2020-08-04,55.36,58.33,67.56,67.86,63.69,70.83,65.48,64.88,61.9,53.27,51.19,52.98,54.17,57.44,70.83,64.29,64.29,61.01,73.81,67.86,55.95,52.38,55.36,63.39,67.26,45.24,59.23,51.49,62.5,74.4,61.31,70.83,67.26,45.24,60.12,65.18,67.26,57.44,47.32,56.85,58.63,54.17,56.25,60.12,62.8,58.93,60.71,59.52
2020-08-05,55.36,58.33,67.56,67.86,63.69,70.83,65.48,61.31,61.9,53.27,51.19,52.98,54.17,57.44,70.83,64.29,64.29,61.01,73.81,67.86,55.95,52.38,55.36,63.39,67.26,45.24,59.23,51.49,62.5,74.4,61.31,70.83,67.26,45.24,60.12,65.18,67.26,57.44,47.32,56.85,58.63,54.17,59.82,60.12,62.8,58.93,60.71,59.52
2020-08-06,55.36,58.33,67.56,67.86,63.69,70.83,65.48,61.31,61.9,53.27,51.19,52.98,54.17,57.44,70.83,64.29,64.29,61.01,73.81,67.86,55.95,52.38,55.36,63.39,67.26,45.24,59.23,51.49,62.5,74.4,61.31,70.83,67.26,45.24,60.12,65.18,67.26,57.44,47.32,56.85,56.25,54.17,59.82,60.12,62.8,58.93,60.71,59.52
2020-08-07,53.57,58.33,67.56,66.67,63.69,70.83,65.48,61.31,61.9,53.27,51.19,52.98,54.17,57.44,70.83,64.29,64.29,61.01,73.81,67.86,55.95,52.38,55.36,63.39,67.26,45.24,59.23,51.49,62.5,74.4,61.31,70.83,67.26,45.24,60.12,65.18,67.26,57.44,47.32,56.85,56.25,54.17,59.82,60.12,62.8,58.93,60.71,59.52
2020-08-08,53.57,58.33,67.56,66.67,63.69,70.83,65.48,61.31,61.9,53.27,51.19,52.98,54.17,57.44,70.83,64.29,64.29,61.01,73.81,67.86,55.95,52.38,55.36,63.39,67.26,45.24,59.23,51.49,62.5,74.4,61.31,70.83,67.26,45.24,60.12,65.18,67.26,57.44,47.32,56.85,56.25,54.17,59.82,60.12,62.8,58.93,60.71,59.52
2020-08-09,53.57,58.33,67.56,66.67,63.69,70.83,65.48,61.31,61.9,53.27,51.19,52.98,54.17,57.44,70.83,64.29,64.29,61.01,73.81,67.86,55.95,52.38,55.36,63.39,67.26,45.24,59.23,51.49,62.5,74.4,61.31,70.83,67.26,45.24,60.12,65.18,67.26,57.44,47.32,56.85,56.25,54.17,59.82,60.12,62.8,58.93,60.71,59.52
2020-08-10,53.57,53.57,66.37,66.67,63.69,70.83,65.48,61.31,61.9,53.27,51.19,52.98,54.17,57.44,70.83,64.29,64.29,61.01,73.81,67.86,55.95,52.38,55.36,63.39,64.88,45.24,59.23,51.49,62.5,74.4,61.31,70.83,67.26,45.24,60.12,65.18,67.26,57.44,47.32,56.85,56.25,54.17,59.82,60.12,62.8,58.93,59.52,59.52
2020-08-11,53.57,53.57,62.8,66.67,63.69,70.83,65.48,61.31,61.9,53.27,52.98,52.98,54.17,57.44,68.45,64.29,64.29,61.01,73.81,67.86,55.95,52.38,55.36,63.39,64.88,45.24,59.23,51.49,62.5,74.4,61.31,70.83,67.26,45.24,60.12,65.18,67.26,57.44,47.32,58.04,56.25,54.17,59.82,60.12,62.8,58.93,59.52,59.52
2020-08-12,53.57,53.57,62.8,66.67,63.69,70.83,65.48,61.31,61.9,53.27,52.98,52.98,54.17,57.44,68.45,64.29,64.29,61.01,73.81,67.86,55.95,52.38,55.36,63.39,64.88,45.24,59.23,51.49,62.5,74.4,61.31,70.83,67.26,45.24,60.12,65.18,67.26,57.44,47.32,58.04,56.25,54.17,59.82,60.12,60.42,58.93,60.71,59.52
2020-08-13,53.57,53.57,62.8,66.67,63.69,70.83,65.48,61.31,61.9,53.27,52.98,52.98,54.17,57.44,68.45,64.29,64.29,61.01,73.81,67.86,55.95,52.38,55.36,63.39,64.88,45.24,59.23,51.49,62.5,74.4,61.31,70.83,67.26,45.24,60.12,65.18,67.26,57.44,47.32,58.04,56.25,54.17,56.25,60.12,60.42,58.93,60.71,59.52
2020-08-14,53.57,53.57,62.8,66.67,63.69,70.83,65.48,61.31,61.9,53.27,52.98,54.17,54.17,57.44,68.45,64.29,64.29,61.01,73.81,67.86,55.95,52.38,57.14,63.39,64.88,45.24,59.23,51.49,62.5,74.4,61.31,70.83,67.26,45.24,60.12,65.18,67.26,57.44,47.32,58.04,56.25,54.17,56.25,57.74,60.42,58.93,60.71,59.52
2020-08-15,53.57,53.57,62.8,66.67,63.69,70.83,65.48,61.31,61.9,53.27,52.98,54.17,54.17,57.44,68.45,64.29,64.29,61.01,73.81,67.86,55.95,52.38,57.14,63.39,64.88,45.24,59.23,51.49,62.5,74.4,61.31,70.83,67.26,45.24,60.12,65.18,67.26,57.44,47.32,58.04,56.25,54.17,56.25,57.74,60.42,58.93,60.71,59.52
2020-08-16,51.19,53.57,62.8,66.67,63.69,70.83,65.48,61.31,61.9,53.27,52.98,54.17,54.17,57.44,68.45,64.29,64.29,61.01,73.81,67.86,55.95,52.38,57.14,63.39,64.88,45.24,59.23,51.49,62.5,74.4,61.31,70.83,67.26,45.24,60.12,65.18,67.26,57.44,47.32,58.04,56.25,54.17,56.25,57.74,60.42,58.93,60.71,59.52
2020-08-17,54.76,53.57,61.61,66.67,63.69,70.83,65.48,61.31,62.8,53.27,52.98,54.17,54.17,57.44,64.88,64.29,64.29,61.01,73.81,67.86,55.95,52.38,57.14,61.01,63.69,45.24,59.23,51.49,62.5,72.02,61.31,70.83,66.07,45.24,60.12,63.99,67.26,55.06,47.32,55.65,56.25,51.79,56.25,57.74,60.42,58.93,60.71,59.52
2020-08-18,54.76,57.14,61.61,66.67,63.69,70.83,65.48,61.31,62.8,53.27,52.98,52.08,54.17,57.44,64.88,64.29,64.29,61.01,73.81,67.86,55.95,52.38,57.14,61.01,63.69,45.24,59.23,51.49,62.5,72.02,61.31,70.83,66.07,45.24,60.12,63.99,67.26,55.06,47.32,55.65,56.25,51.79,56.25,57.74,60.42,58.93,60.71,59.52
2020-08-19,54.76,57.14,61.61,66.67,63.69,70.83,65.48,61.31,62.8,53.27,52.98,52.08,54.17,57.44,64.88,64.29,64.29,61.01,73.81,67.86,55.95,52.38,57.14,61.01,63.69,45.24,59.23,51.49,62.5,72.02,61.31,70.83,64.29,45.24,60.12,63.99,67.26,55.06,44.94,55.65,56.25,51.79,56.25,57.74,60.42,58.93,60.71,59.52
2020-08-20,54.76,57.14,59.23,66.67,63.69,70.83,65.48,61.31,62.8,53.27,52.98,52.08,54.17,57.44,64.88,64.29,64.29,61.01,73.81,67.86,55.95,52.38,57.14,61.01,63.69,45.24,59.23,51.49,62.5,72.02,61.31,70.83,64.29,45.24,60.12,63.99,67.26,55.06,44.94,55.65,56.25,51.79,56.25,56.85,60.42,58.93,60.71,59.52
2020-08-21,54.76,57.14,59.23,66.67,63.69,70.83,65.48,61.31,62.8,53.27,52.98,52.08,56.85,57.44,64.88,64.29,64.29,59.82,73.81,67.86,55.95,52.38,57.14,61.01,63.69,45.24,59.23,51.49,62.5,72.02,61.31,70.83,64.29,45.24,56.55,66.37,67.26,55.06,44.94,55.65,56.25,51.79,56.25,56.85,60.42,58.93,59.52,59.52
2020-08-22,54.76,57.14,59.23,66.67,63.69,70.83,65.48,61.31,62.8,53.27,52.98,52.08,56.85,57.44,64.88,64.29,64.29,59.82,73.81,67.86,55.95,52.38,57.14,61.01,63.69,45.24,59.23,51.49,62.5,72.02,61.31,70.83,64.29,45.24,56.55,66.37,67.26,55.06,44.94,55.65,56.25,51.79,56.25,56.85,60.42,58.93,59.52,59.52
2020-08-23,54.76,57.14,59.23,66.67,63.69,70.83,65.48,61.31,62.8,51.49,50.6,52.08,56.85,57.44,64.88,64.29,64.29,59.82,73.81,67.86,55.95,52.38,57.14,61.01,63.69,45.24,59.23,51.49,62.5,72.02,61.31,70.83,64.29,45.24,56.55,66.37,67.26,55.06,44.94,55.65,56.25,51.79,56.25,56.85,60.42,58.93,59.52,59.52
2020-08-24,55.95,57.14,59.23,66.67,63.69,70.83,65.48,61.31,62.8,50.3,50.6,52.08,54.46,55.06,64.88,61.9,64.29,59.82,73.81,67.86,55.95,50.0,54.76,59.82,63.69,42.86,56.85,49.7,62.5,72.02,61.31,70.83,64.29,42.86,56.55,66.37,67.26,55.06,44.94,55.65,56.25,51.79,56.25,56.85,60.42,58.93,58.33,57.14
2020-08-25,55.95,57.14,59.23,66.67,63.69,70.83,65.48,61.31,62.8,50.3,50.6,52.08,54.46,55.06,64.88,61.9,64.29,59.82,73.81,67.86,55.95,50.0,54.76,59.82,63.69,42.86,56.85,49.7,62.5,72.02,61.31,70.83,64.29,42.86,56.55,65.18,67.26,55.06,44.94,55.65,56.25,51.79,56.25,56.85,60.42,58.93,58.33,57.14
2020-08-26,55.95,57.14,59.23,66.67,63.69,69.64,65.48,61.31,62.8,46.73,50.6,52.08,54.46,55.06,64.88,61.9,64.29,59.82,73.81,67.86,55.95,50.0,54.76,59.82,63.69,42.86,55.65,49.7,62.5,72.02,61.31,70.83,64.29,42.86,56.55,65.18,67.26,55.06,44.94,55.65,53.87,51.79,53.87,56.85,60.42,58.93,58.33,57.14
2020-08-27,55.95,57.14,59.23,66.67,63.69,69.64,65.48,61.31,62.8,47.92,50.6,52.08,54.46,55.06,64.88,61.9,64.29,59.82,73.81,67.86,55.95,50.0,54.76,59.82,63.69,42.86,55.65,47.32,62.5,72.02,61.31,74.4,64.29,42.86,56.55,65.18,67.26,55.06,43.75,55.65,53.87,51.79,53.87,56.85,60.42,58.93,58.33,57.14
2020-08-28,55.95,57.14,59.23,65.77,63.69,69.64,64.29,61.31,62.8,47.92,50.6,52.08,54.46,55.06,64.88,61.9,64.29,59.82,73.81,67.86,55.95,50.0,54.76,59.82,63.69,42.86,55.65,47.32,62.5,72.02,61.31,74.4,64.29,42.86,56.55,65.18,73.21,55.06,43.75,55.65,53.87,51.79,53.87,56.85,60.42,58.93,57.14,57.14
2020-08-29,55.95,57.14,59.23,65.77,63.69,69.64,64.29,61.31,62.8,47.92,50.6,52.08,54.46,55.06,64.88,61.9,64.29,59.82,73.81,67.86,55.95,50.0,54.76,59.82,63.69,42.86,55.65,47.32,62.5,72.02,61.31,74.4,64.29,42.86,56.55,65.18,73.21,55.06,43.75,55.65,53.87,51.79,53.87,56.85,60.42,58.93,57.14,57.14
2020-08-30,55.95,57.14,59.23,65.77,63.69,69.64,64.29,61.31,62.8,47.92,50.6,52.08,54.46,55.06,64.88,61.9,64.29,59.82,71.43,67.86,55.95,50.0,54.76,59.82,63.69,42.86,55.65,47.32,62.5,72.02,61.31,74.4,64.29,42.86,56.55,65.18,73.21,57.44,43.75,55.65,53.87,51.79,53.87,56.85,60.42,58.93,57.14,57.14
2020-08-31,55.95,57.14,59.23,65.77,63.69,68.45,64.29,60.12,62.8,47.92,50.6,52.08,54.46,55.06,64.88,61.9,64.29,58.63,71.43,65.48,55.95,47.62,54.76,59.82,63.69,42.86,55.65,47.32,62.5,72.02,61.31,72.02,64.29,42.86,56.55,65.18,73.21,57.44,43.75,55.65,53.87,51.79,53.87,56.85,60.42,58.93,57.14,57.14
2020-09-01,55.95,57.14,59.23,65.77,63.69,68.45,64.29,57.74,62.8,47.92,50.6,52.08,54.46,55.06,64.88,61.9,64.29,58.63,67.86,64.29,55.95,47.62,54.76,59.82,63.69,42.86,55.65,47.32,62.5,72.02,61.31,70.83,64.29,42.86,56.55,65.18,73.21,55.06,43.75,55.65,53.87,51.79,53.87,56.85,60.42,58.93,57.14,57.14
2020-09-02,55.95,57.14,59.23,65.77,63.69,68.45,64.29,57.74,62.8,47.92,50.6,52.08,54.46,55.06,64.88,61.9,64.29,58.63,67.86,64.29,55.95,47.62,54.76,59.82,63.69,42.86,55.65,47.32,62.5,72.02,61.31,70.83,64.29,42.86,56.55,65.18,73.21,55.06,43.75,55.65,53.87,51.79,53.87,56.85,60.42,56.55,57.14,57.14
2020-09-03,55.95,57.14,59.23,65.77,61.31,68.45,64.29,57.74,62.8,47.92,50.6,52.08,54.46,55.06,64.88,61.9,64.29,58.63,67.86,64.29,55.95,47.62,54.76,59.82,63.69,42.86,55.65,47.32,62.5,74.4,61.31,70.83,64.29,42.86,56.55,65.18,73.21,55.06,43.75,55.65,53.87,51.79,53.87,56.85,60.42,56.55,57.14,57.14
2020-09-04,55.95,57.14,59.23,65.77,61.31,68.45,57.14,57.74,62.8,47.92,50.6,52.08,54.46,55.06,64.88,61.9,64.29,58.63,67.86,64.29,55.95,47.62,54.76,59.82,59.52,43.75,55.65,47.32,62.5,74.4,61.31,70.83,64.29,42.86,56.55,65.18,73.21,55.06,43.75,55.65,53.87,47.02,53.87,56.85,60.42,56.55,57.14,57.14
2020-09-05,55.95,57.14,59.23,65.77,61.31,68.45,57.14,57.74,62.8,47.92,50.6,52.08,54.46,55.06,64.88,61.9,64.29,58.63,66.67,64.29,55.95,47.62,54.76,59.82,59.52,43.75,55.65,47.32,62.5,74.4,61.31,70.83,64.29,42.86,56.55,65.18,73.21,55.06,43.75,55.65,53.87,47.02,53.87,56.85,60.42,56.55,57.14,57.14
2020-09-06,55.95,57.14,59.23,65.77,61.31,68.45,57.14,57.74,62.8,47.92,50.6,52.08,54.46,55.06,64.88,61.9,64.29,58.63,66.67,64.29,55.95,47.62,54.76,59.82,59.52,43.75,55.65,47.32,62.5,74.4,61.31,70.83,64.29,42.86,56.55,65.18,73.21,55.06,43.75,55.65,53.87,47.02,53.87,56.85,60.42,56.55,57.14,57.14
2020-09-07,55.95,57.14,59.23,65.77,61.31,68.45,57.14,57.74,62.8,47.92,50.6,52.08,54.46,55.06,64.88,61.9,64.29,58.63,66.67,64.29,55.95,47.62,54.76,59.82,59.52,43.75,55.65,47.32,62.5,74.4,61.31,70.83,64.29,42.86,56.55,65.18,73.21,55.06,43.75,55.65,53.87,47.02,53.87,56.85,60.42,56.55,57.14,57.14
2020-09-08,54.76,57.14,59.23,65.77,61.31,68.45,58.33,57.74,62.8,46.73,50.6,52.08,54.46,55.06,64.88,61.9,64.29,58.63,66.67,64.29,55.95,47.62,54.76,59.82,59.52,43.75,55.65,47.32,60.12,74.4,61.31,70.83,64.29,42.86,54.17,63.39,73.21,55.06,41.37,55.65,53.87,47.02,52.68,55.65,60.42,56.55,55.95,57.14
2020-09-09,54.76,57.14,59.23,65.77,61.31,68.45,58.33,57.74,62.8,46.73,50.6,52.08,54.46,55.06,64.88,61.9,64.29,58.63,66.67,64.29,55.95,50.0,54.76,59.82,59.52,43.75,55.65,47.32,60.12,74.4,61.31,70.83,64.29,42.86,54.17,63.39,73.21,55.06,41.37,55.65,53.87,47.02,52.68,55.65,60.42,56.55,54.17,57.14
2020-09-10,54.76,57.14,59.23,65.77,61.31,68.45,58.33,57.74,62.8,46.73,50.6,52.08,54.46,55.06,64.88,61.9,64.29,58.63,66.67,64.29,55.95,50.0,54.76,59.82,59.52,43.75,55.65,47.32,60.12,74.4,61.31,70.83,64.29,42.86,54.17,63.39,73.21,55.06,41.37,55.65,53.87,47.02,52.68,55.65,60.42,56.55,54.17,57.14
2020-09-11,54.76,57.14,59.23,65.77,61.31,68.45,58.33,57.74,62.8,46.73,50.6,52.08,54.46,55.06,64.88,58.33,64.29,58.63,66.67,64.29,55.95,50.0,54.76,58.04,59.52,43.75,55.65,47.32,60.12,74.4,61.31,70.83,64.29,42.86,54.17,63.39,73.21,55.06,41.37,55.65,53.87,47.02,52.68,55.65,60.42,56.55,54.17,57.14
2020-09-12,54.76,57.14,59.23,65.77,61.31,68.45,58.33,57.74,62.8,46.73,50.6,52.08,54.46,55.06,64.88,58.33,64.29,58.63,66.67,64.29,55.95,50.0,54.76,58.04,59.52,43.75,55.65,47.32,60.12,74.4,61.31,70.83,64.29,42.86,54.17,63.39,73.21,55.06,41.37,55.65,53.87,47.02,52.68,55.65,60.42,56.55,54.17,57.14
2020-09-13,54.76,57.14,59.23,65.77,61.31,68.45,58.33,57.74,62.8,46.73,50.6,52.08,54.46,55.06,64.88,58.33,64.29,58.63,66.67,64.29,55.95,50.0,54.76,58.04,59.52,43.75,55.65,47.32,60.12,74.4,61.31,70.83,64.29,42.86,54.17,63.39,73.21,55.06,41.37,55.65,53.87,47.02,52.68,55.65,60.42,56.55,54.17,57.14
2020-09-14,54.76,57.14,59.23,65.77,61.31,68.45,58.33,57.74,62.8,46.73,50.6,52.08,54.46,55.06,64.88,58.33,64.29,58.63,65.48,64.29,53.57,50.0,54.76,56.85,59.52,43.75,55.65,47.32,60.12,74.4,61.31,70.83,64.29,42.86,54.17,63.39,69.64,55.06,41.37,55.65,53.87,47.02,52.68,55.65,60.42,56.55,60.71,57.14
2020-09-15,54.76,57.14,59.23,65.77,58.04,68.45,58.33,57.74,59.23,46.73,50.6,52.08,54.46,55.06,64.88,58.33,64.29,58.63,65.48,64.29,53.57,50.0,54.76,56.85,59.52,43.75,55.65,47.32,60.12,74.4,61.31,70.83,64.29,42.86,54.17,63.39,69.64,55.06,41.37,55.65,53.87,47.02,52.68,55.65,60.42,56.55,60.71,57.14
2020-09-16,54.76,57.14,59.23,65.77,58.04,68.45,58.33,57.74,59.23,46.73,50.6,55.65,54.46,55.06,64.88,58.33,61.9,58.63,65.48,64.29,53.57,50.0,54.76,56.85,59.52,43.75,54.46,47.32,60.12,74.4,61.31,70.83,64.29,42.86,54.17,63.39,69.64,55.06,41.37,55.65,53.87,47.02,52.68,55.65,60.42,56.55,58.93,57.14
2020-09-17,54.76,57.14,59.23,65.77,58.04,68.45,58.33,57.74,59.23,46.73,50.6,55.65,54.46,55.06,64.88,58.33,61.9,56.25,65.48,64.29,53.57,50.0,54.76,56.85,59.52,43.75,54.46,47.32,60.12,74.4,60.12,70.83,64.29,42.86,54.17,63.39,69.64,55.06,41.37,55.65,53.87,47.02,52.68,55.65,60.42,56.55,58.93,57.14
2020-09-18,54.76,57.14,59.23,65.77,58.04,68.45,58.33,57.74,55.65,46.73,50.6,55.65,54.46,55.06,64.88,55.95,61.9,56.25,65.48,64.29,53.57,50.0,54.76,56.85,59.52,43.75,54.46,47.32,60.12,74.4,60.12,70.83,64.29,42.86,54.17,63.39,69.64,55.06,41.37,55.65,53.87,47.02,52.68,55.65,60.42,56.55,58.93,57.14
2020-09-19,54.76,57.14,59.23,65.77,58.04,68.45,58.33,57.74,55.65,46.73,50.6,55.65,54.46,55.06,64.88,55.95,61.9,56.25,65.48,64.29,53.57,50.0,54.76,56.85,59.52,43.75,54.46,47.32,60.12,74.4,60.12,70.83,64.29,42.86,54.17,63.39,69.64,55.06,41.37,55.65,53.87,47.02,52.68,55.65,60.42,56.55,58.93,57.14
2020-09-20,54.76,57.14,59.23,65.77,58.04,68.45,58.33,57.74,55.65,46.73,50.6,55.65,54.46,55.06,64.88,55.95,61.9,56.25,65.48,64.29,53.57,50.0,54.76,56.85,59.52,43.75,54.46,47.32,60.12,74.4,60.12,70.83,64.29,42.86,54.17,63.39,69.64,55.06,41.37,55.65,53.87,47.02,52.68,55.65,60.42,56.55,58.93,57.14
2020-09-21,54.76,57.14,59.23,65.77,58.04,68.45,58.33,57.74,55.65,46.73,48.21,55.65,54.46,55.06,64.88,55.95,61.9,56.25,65.48,64.29,50.0,50.0,54.76,56.85,59.52,43.75,54.76,47.32,60.12,74.4,60.12,70.83,59.52,42.86,54.17,61.01,69.64,55.06,41.37,55.65,53.87,47.02,52.68,55.65,60.42,56.55,58.93,57.14
2020-09-22,54.76,57.14,59.23,68.15,58.04,68.45,58.33,57.74,55.65,46.73,48.21,55.65,54.46,55.06,64.88,55.95,61.9,56.25,65.48,64.29,50.0,50.0,54.76,56.85,59.52,43.75,54.76,47.32,60.12,74.4,60.12,70.83,59.52,42.86,54.17,64.58,69.64,55.06,41.37,55.65,53.87,47.02,52.68,55.65,60.42,56.55,58.93,57.14
2020-09-23,54.76,57.14,59.23,68.15,58.04,68.45,58.33,57.74,55.65,46.73,48.21,55.65,54.46,55.06,64.88,55.95,61.9,56.25,65.48,64.29,50.0,50.0,54.76,56.85,59.52,46.13,54.76,47.32,60.12,74.4,60.12,70.83,59.52,42.86,54.17,64.58,69.64,55.06,41.37,55.65,53.87,47.02,52.68,55.65,60.42,56.55,58.93,57.14
2020-09-24,54.76,57.14,59.23,68.15,58.04,68.45,58.33,57.74,55.65,46.73,48.21,55.65,54.46,55.06,64.88,55.95,61.9,56.25,65.48,64.29,50.0,50.0,54.76,56.85,59.52,46.13,54.76,47.32,60.12,74.4,60.12,70.83,59.52,42.86,54.17,64.58,69.64,55.06,41.37,55.65,53.87,47.02,52.68,55.65,60.42,56.55,58.93,57.14
2020-09-25,51.19,57.14,59.23,68.15,58.04,66.07,58.33,50.6,55.65,46.73,48.21,55.65,54.46,55.06,64.88,55.95,61.9,56.25,65.48,57.14,50.0,50.0,54.76,56.85,59.52,46.13,54.76,47.32,60.12,74.4,60.12,70.83,59.52,42.86,54.17,64.58,69.64,55.06,41.37,55.65,53.87,47.02,52.68,55.65,60.42,56.55,58.93,57.14
2020-09-26,51.19,57.14,59.23,68.15,58.04,66.07,58.33,50.6,55.65,46.73,48.21,55.65,54.46,55.06,64.88,55.95,61.9,56.25,65.48,57.14,50.0,50.0,54.76,56.85,59.52,46.13,54.76,47.32,60.12,74.4,60.12,70.83,59.52,42.86,54.17,64.58,69.64,55.06,41.37,55.65,53.87,47.02,52.68,55.65,60.42,56.55,58.93,57.14
2020-09-27,51.19,57.14,59.23,68.15,58.04,66.07,58.33,50.6,55.65,46.73,48.21,55.65,54.46,55.06,64.88,55.95,61.9,56.25,65.48,57.14,50.0,50.0,54.76,56.85,59.52,46.13,54.76,47.32,60.12,74.4,60.12,70.83,59.52,42.86,54.17,64.58,69.64,55.06,41.37,55.65,53.87,47.02,52.68,55.65,60.42,56.55,58.93,57.14
2020-09-28,51.19,57.14,59.23,68.15,58.04,66.07,58.33,50.6,55.65,46.73,48.21,55.65,54.46,55.06,64.88,55.95,61.9,56.25,65.48,57.14,50.0,50.0,54.76,56.85,59.52,46.13,54.76,47.32,60.12,74.4,60.12,70.83,59.52,42.86,54.17,64.58,69.64,55.06,41.37,55.65,53.87,47.02,52.68,55.65,60.42,56.55,58.93,55.95
2020-09-29,51.19,58.33,59.23,68.15,58.04,66.07,59.52,50.6,55.65,46.73,48.21,55.65,54.46,55.06,64.88,55.95,61.9,56.25,65.48,57.14,50.0,50.0,54.76,56.85,59.52,46.13,54.76,47.32,60.12,74.4,60.12,70.83,59.52,42.86,54.17,64.58,69.64,55.06,41.37,55.65,53.87,47.02,52.68,55.65,60.42,56.55,58.93,55.95
2020-09-30,51.19,58.33,59.23,68.15,58.04,66.07,59.52,50.6,55.65,46.73,48.21,55.65,54.46,55.06,64.88,55.95,61.9,56.25,65.48,57.14,50.0,50.0,48.51,56.85,59.52,46.13,54.76,47.32,60.12,74.4,54.76,70.83,59.52,42.86,54.17,64.58,69.64,55.06,41.37,54.76,53.87,47.02,52.68,55.65,60.42,56.55,58.93,55.95
2020-10-01,51.19,58.33,55.65,68.15,58.04,66.07,59.52,50.6,55.65,46.73,48.21,58.33,54.46,55.06,64.88,55.95,61.9,56.25,65.48,57.14,50.0,50.0,48.51,56.85,59.52,46.13,54.76,47.32,60.12,74.4,54.76,70.83,59.52,42.86,54.17,64.58,69.64,55.06,41.37,54.76,53.87,47.02,52.68,60.42,60.42,56.55,58.93,55.95
2020-10-02,48.81,58.33,55.65,68.15,58.04,66.07,59.52,43.75,55.65,46.73,48.21,58.33,54.46,55.06,64.88,55.95,62.8,56.25,65.48,57.14,50.0,50.0,48.51,56.85,59.52,46.13,52.38,47.32,60.12,74.4,54.76,70.83,59.52,42.86,54.17,64.58,69.64,55.06,41.37,54.76,53.87,47.02,52.68,60.42,60.42,56.55,58.93,55.95
2020-10-03,48.81,58.33,55.65,68.15,58.04,66.07,59.52,43.75,55.65,46.73,48.21,58.33,54.46,55.06,64.88,55.95,62.8,56.25,65.48,57.14,52.38,50.0,48.51,56.85,59.52,46.13,52.38,47.32,60.12,74.4,54.76,70.83,59.52,42.86,54.17,64.58,69.64,55.06,41.37,54.76,53.87,47.02,52.68,60.42,60.42,56.55,58.93,55.95
2020-10-04,48.81,58.33,55.65,68.15,58.04,66.07,59.52,43.75,55.65,46.73,48.21,58.33,54.46,55.06,64.88,55.95,62.8,56.25,65.48,57.14,52.38,50.0,48.51,56.85,59.52,46.13,52.38,47.32,60.12,74.4,54.76,70.83,59.52,42.86,54.17,64.58,69.64,55.06,41.37,54.76,53.87,47.02,52.68,60.42,60.42,56.55,58.93,55.95
2020-10-05,48.81,58.33,55.65,68.15,58.04,66.07,59.52,42.56,55.65,45.54,48.21,58.33,54.46,55.06,64.88,55.95,59.82,56.25,65.48,57.14,52.38,50.0,48.51,58.04,59.52,46.13,52.38,47.32,60.12,74.4,54.76,70.83,59.52,42.86,54.17,64.58,69.64,55.06,41.37,54.76,53.87,47.02,52.68,60.42,60.42,56.55,58.93,55.95
2020-10-06,48.81,60.71,55.65,68.15,58.04,66.07,59.52,42.56,55.65,45.54,48.21,58.33,54.46,55.06,64.88,55.95,59.82,56.25,65.48,57.14,52.38,50.0,48.51,58.04,59.52,46.13,50.6,47.32,60.12,74.4,54.76,70.83,59.52,42.86,57.74,64.58,69.64,55.06,41.37,54.76,53.87,47.02,52.68,60.42,60.42,56.55,58.93,55.95
2020-10-07,48.81,60.71,55.65,68.15,58.04,66.07,59.52,42.56,55.65,45.54,48.21,58.33,54.46,55.06,64.88,55.95,59.82,56.25,65.48,57.14,52.38,50.0,48.51,58.04,59.52,46.13,50.6,47.32,60.12,74.4,54.76,70.83,59.52,42.86,60.12,64.58,69.64,55.06,41.37,54.76,54.76,47.02,52.68,60.42,60.42,56.55,58.93,55.95
2020-10-08,48.81,60.71,55.65,68.15,58.04,66.07,59.52,42.56,55.65,45.54,48.21,58.33,54.46,55.06,64.88,55.95,59.82,56.25,65.48,57.14,52.38,50.0,48.51,58.04,59.52,46.13,50.6,47.32,60.12,74.4,54.76,71.13,59.52,42.86,60.12,64.58,69.64,55.06,41.37,54.76,54.76,47.02,52.68,60.42,60.42,59.52,58.93,55.95
2020-10-09,48.81,60.71,55.65,66.37,58.04,66.07,59.52,42.56,55.65,45.54,48.21,55.95,54.46,55.06,64.88,55.95,59.82,56.25,65.48,57.14,52.38,50.0,48.51,58.04,59.52,47.92,50.6,47.32,60.12,73.21,54.76,71.13,59.52,42.86,60.12,62.8,69.64,55.06,41.37,54.76,54.76,47.02,52.68,60.42,60.42,59.52,58.93,55.95
2020-10-10,48.81,60.71,55.65,66.37,58.04,66.07,59.52,42.56,55.65,45.54,48.21,55.95,54.46,55.06,64.88,55.95,59.82,56.25,65.48,57.14,52.38,50.0,48.51,58.04,59.52,47.92,50.6,47.32,60.12,73.21,54.76,71.13,59.52,42.86,60.12,62.8,69.64,55.06,41.37,54.76,54.76,47.02,52.68,60.42,60.42,59.52,58.93,55.95
2020-10-11,48.81,60.71,55.65,66.37,58.04,66.07,59.52,42.56,55.65,45.54,48.21,55.95,54.46,55.06,64.88,55.95,59.82,56.25,65.48,57.14,52.38,50.0,48.51,58.04,59.52,47.92,50.6,47.32,60.12,73.21,54.76,71.13,59.52,42.86,60.12,62.8,69.64,55.06,41.37,54.76,54.76,47.02,52.68,60.42,60.42,59.52,58.93,55.95
2020-10-12,48.81,60.71,55.65,66.37,58.04,66.07,59.52,42.56,55.65,45.54,48.21,55.95,54.46,55.06,64.88,55.95,59.82,56.25,65.48,57.14,52.38,50.0,48.51,58.04,59.52,47.92,50.6,47.32,60.12,73.21,54.76,71.13,59.52,42.86,60.12,62.8,69.64,55.06,41.37,54.76,54.76,47.02,52.68,61.61,60.42,59.52,58.93,55.95
2020-10-13,48.81,60.71,55.65,66.37,58.04,66.07,59.52,42.56,55.65,45.54,48.21,55.95,54.46,55.06,64.88,55.95,59.82,56.25,61.9,57.14,52.38,50.0,48.51,58.04,59.52,47.92,50.6,47.32,60.12,73.21,54.76,71.13,59.52,42.86,60.12,62.8,69.64,56.85,41.37,54.76,54.76,49.4,52.68,61.61,60.42,59.52,58.93,55.95
2020-10-14,48.81,60.71,55.65,66.37,58.04,66.07,59.52,42.56,55.65,45.54,48.21,55.95,54.46,55.06,64.88,55.95,59.82,56.25,61.9,57.14,52.38,50.0,48.51,58.04,59.52,47.92,50.6,47.32,60.12,73.21,54.76,71.13,59.52,42.86,60.12,62.8,69.64,56.85,41.37,54.76,52.38,49.4,52.68,61.61,60.42,59.52,58.93,58.33
2020-10-15,48.81,60.71,55.65,66.37,58.04,66.07,59.52,42.56,55.65,45.54,48.21,55.95,54.46,55.06,64.88,55.95,59.82,58.63,61.9,57.14,52.38,50.0,47.32,59.23,59.52,47.92,50.6,47.32,60.12,73.21,54.76,71.13,59.52,42.86,60.12,62.8,69.64,56.85,41.37,54.76,52.38,52.98,52.68,61.61,60.42,59.52,58.93,58.33
2020-10-16,48.81,60.71,55.65,66.37,58.04,66.07,59.52,42.56,55.65,45.54,48.21,58.04,54.46,55.06,64.88,55.95,59.82,59.82,61.9,57.14,52.38,50.0,47.32,59.23,59.52,47.92,50.6,47.32,60.12,73.21,54.76,71.13,59.52,42.86,60.12,62.8,69.64,56.85,41.37,54.76,52.38,49.4,52.68,61.61,60.42,59.52,58.93,58.33
2020-10-17,48.81,60.71,55.65,66.37,58.04,66.07,59.52,42.56,55.65,45.54,48.21,58.04,53.57,55.06,64.88,55.95,59.82,56.25,61.9,57.14,52.38,50.0,47.32,59.23,59.52,47.92,50.6,47.32,60.12,73.21,54.76,71.13,59.52,42.86,60.12,62.8,69.64,56.85,41.37,54.76,52.38,49.4,52.68,61.61,60.42,59.52,58.93,58.33
2020-10-18,48.81,60.71,55.65,66.37,58.04,66.07,59.52,42.56,55.65,45.54,48.21,58.04,53.57,55.06,64.88,55.95,59.82,56.25,61.9,57.14,52.38,50.0,47.32,59.23,59.52,47.92,50.6,47.32,60.12,73.21,54.76,71.13,59.52,42.86,60.12,62.8,69.64,56.85,41.37,54.76,52.38,49.4,52.68,61.61,60.42,59.52,58.93,58.33
2020-10-19,48.81,59.52,55.65,66.37,58.04,66.07,59.52,42.56,55.65,45.54,48.21,58.04,53.57,55.06,64.88,55.95,59.82,56.25,61.9,57.14,52.38,50.0,47.32,58.04,59.52,50.6,50.6,47.32,60.12,73.21,54.76,71.13,59.52,42.86,60.12,62.8,69.64,56.85,41.37,54.76,52.38,49.4,52.68,61.61,60.42,59.52,58.93,58.33
2020-10-20,48.81,59.52,55.65,66.37,58.04,66.07,59.52,42.56,55.65,45.54,48.21,58.04,53.57,55.06,64.88,55.95,59.82,56.25,61.9,57.14,52.38,50.0,47.32,58.04,59.52,50.6,50.6,47.32,60.12,73.21,54.76,71.13,59.52,42.86,60.12,62.8,69.64,56.85,41.37,54.76,52.38,49.4,52.68,61.61,60.42,59.52,58.93,58.33
2020-10-21,48.81,59.52,55.65,66.37,58.04,66.07,59.52,42.56,55.65,45.54,48.21,58.04,53.57,55.06,64.88,55.95,58.04,56.25,61.9,57.14,52.38,50.0,48.21,58.04,59.52,50.6,52.38,47.32,60.12,73.21,54.76,71.13,59.52,42.86,60.12,62.8,69.64,56.85,41.37,54.76,52.38,49.4,52.68,61.61,60.42,59.52,58.93,58.33
2020-10-22,48.81,59.52,54.46,66.37,58.04,66.07,59.52,44.94,55.65,45.54,50.0,58.04,53.57,55.06,64.88,55.95,58.04,56.25,61.9,57.14,52.38,50.0,48.21,58.04,59.52,47.02,52.38,47.32,60.12,73.21,54.76,71.13,59.52,42.86,60.12,62.8,69.64,56.85,41.37,54.76,52.38,49.4,52.68,61.61,60.42,59.52,58.93,58.33
2020-10-23,48.81,59.52,54.46,65.18,58.04,66.07,59.52,44.94,55.65,45.54,50.0,58.04,53.57,55.06,64.88,55.95,58.04,56.25,61.9,57.14,52.38,50.0,48.21,54.46,59.52,47.02,52.38,47.32,60.12,73.21,54.76,71.13,59.52,42.86,60.12,62.8,69.64,56.85,45.54,54.76,52.38,49.4,52.68,61.61,60.42,59.52,58.93,58.33
2020-10-24,48.81,59.52,54.46,65.18,58.04,66.07,59.52,44.94,55.65,45.54,50.0,58.04,53.57,55.06,64.88,55.95,58.04,56.25,61.9,57.14,52.38,50.0,48.21,54.46,59.52,47.02,52.38,47.32,60.12,73.21,54.76,71.13,59.52,42.86,60.12,62.8,69.64,56.85,45.54,54.76,52.38,49.4,52.68,61.61,60.42,59.52,58.93,58.33
2020-10-25,48.81,59.52,54.46,65.18,58.04,66.07,59.52,44.94,55.65,45.54,50.0,58.93,53.57,55.06,64.88,55.95,58.04,56.25,61.9,57.14,52.38,50.0,48.21,54.46,59.52,47.02,52.38,47.32,60.12,73.21,54.76,72.32,59.52,42.86,60.12,62.8,69.64,56.85,45.54,54.76,52.38,49.4,52.68,61.61,60.42,59.52,58.93,58.33
2020-10-26,48.81,59.52,54.46,65.18,58.04,66.07,59.52,44.94,55.65,45.54,48.21,58.93,53.57,55.06,61.9,55.95,58.04,56.25,61.9,57.14,52.38,50.0,48.21,54.46,59.52,47.02,50.6,47.32,60.12,73.21,54.76,72.32,59.52,44.64,60.12,62.8,69.64,56.85,45.54,54.76,52.38,49.4,52.68,61.61,60.42,59.52,56.55,58.33
2020-10-27,48.81,59.52,54.46,65.18,58.04,66.07,59.52,44.94,55.65,45.54,50.6,58.93,53.57,55.06,61.9,55.95,58.04,58.63,61.9,57.14,52.38,50.0,48.21,54.46,59.52,47.02,50.6,47.32,60.12,73.21,54.76,72.32,59.52,44.64,60.12,62.8,69.64,56.85,45.54,54.76,52.38,49.4,52.68,61.61,60.42,59.52,56.55,58.33
2020-10-28,48.81,59.52,54.46,63.39,58.04,66.07,59.52,44.94,55.65,45.54,50.6,58.93,53.57,55.06,61.9,55.95,59.82,58.63,61.9,57.14,52.38,50.0,48.21,54.46,59.52,47.02,52.98,47.32,60.12,73.21,54.76,72.32,59.52,44.64,60.12,62.8,66.07,56.85,45.54,54.76,52.38,49.4,52.68,61.61,60.42,59.52,57.14,59.52
2020-10-29,48.81,59.52,54.46,63.39,58.04,66.07,59.52,44.94,55.65,45.54,50.6,58.93,53.57,55.06,61.9,55.95,59.82,58.63,59.52,57.14,52.38,50.0,48.21,54.46,59.52,47.02,52.98,47.32,60.12,73.21,54.76,72.32,59.52,44.64,60.12,62.8,66.07,56.85,45.54,54.76,57.14,51.19,52.68,61.61,60.42,59.52,57.14,59.52
2020-10-30,48.81,59.52,54.46,63.39,58.04,66.07,58.33,44.94,55.65,45.54,50.6,58.93,53.57,55.06,61.9,55.95,59.82,58.63,59.52,57.14,52.38,50.0,48.21,54.46,59.52,47.02,52.98,47.32,60.12,73.21,54.76,72.32,59.52,44.64,60.12,62.8,67.86,56.85,41.37,54.76,57.14,51.19,52.68,61.61,60.42,59.52,58.93,59.52
2020-10-31,48.81,59.52,54.46,63.39,58.04,66.07,58.33,44.94,55.65,45.54,50.6,58.93,53.57,55.06,61.9,55.95,59.82,58.63,59.52,57.14,52.38,50.0,48.21,54.46,59.52,47.02,52.98,47.32,60.12,73.21,54.76,72.32,59.52,44.64,60.12,62.8,67.86,56.85,41.37,54.76,57.14,51.19,52.68,61.61,60.42,59.52,58.93,59.52
2020-11-01,48.81,59.52,56.25,63.39,58.04,66.07,58.33,44.94,55.65,45.54,50.6,58.93,53.57,55.06,61.9,55.95,59.82,58.63,59.52,57.14,52.38,50.0,48.21,54.46,59.52,47.02,52.98,47.32,60.12,73.21,54.76,72.32,59.52,44.64,60.12,62.8,67.86,56.85,41.37,54.76,57.14,51.19,52.68,61.61,60.42,59.52,58.93,59.52
2020-11-02,48.81,59.52,56.25,63.39,58.04,66.07,58.33,44.94,55.65,45.54,50.6,58.93,53.57,55.06,61.9,55.95,59.82,58.63,59.52,62.5,52.38,50.0,48.21,54.46,59.52,47.02,52.98,47.32,57.74,73.21,54.76,72.32,59.52,44.64,60.12,62.8,67.86,56.85,41.37,54.76,57.14,51.19,52.68,61.61,60.42,59.52,58.93,59.52
2020-11-03,48.81,58.33,56.25,63.39,58.04,66.07,58.33,44.94,55.65,45.54,50.6,58.93,53.57,55.06,61.9,55.95,59.82,58.63,59.52,62.5,52.38,50.0,48.21,54.46,59.52,47.02,52.98,47.32,57.74,73.21,54.76,72.32,59.52,44.64,60.12,62.8,67.86,56.85,41.37,54.76,57.14,51.19,52.68,61.61,60.42,59.52,58.93,59.52
2020-11-04,48.81,58.33,56.25,63.39,58.04,66.07,58.33,44.94,55.65,45.54,50.6,58.93,53.57,55.06,61.9,55.95,59.82,58.63,61.31,62.5,52.38,50.0,48.21,54.46,59.52,47.02,54.76,47.32,57.74,73.21,54.76,72.32,59.52,44.64,60.12,62.8,67.86,56.85,41.37,54.76,57.14,51.19,52.68,61.61,60.42,59.52,58.93,59.52
2020-11-05,48.81,58.33,56.25,63.39,58.04,66.07,58.33,44.94,55.65,45.54,50.6,58.93,53.57,55.06,61.9,55.95,59.82,58.63,61.31,62.5,52.38,50.0,48.21,54.46,59.52,47.02,54.76,47.32,57.74,73.21,54.76,72.32,59.52,44.64,60.12,62.8,70.24,56.85,41.37,54.76,57.14,51.19,52.68,61.61,60.42,59.52,58.93,59.52
2020-11-06,48.81,58.33,56.25,63.39,58.04,67.86,58.33,44.94,55.65,45.54,50.6,58.93,53.57,55.06,61.9,53.57,66.07,59.52,61.31,62.5,52.38,50.0,48.21,55.65,59.52,47.02,54.76,47.32,57.74,73.21,54.76,72.32,59.52,44.64,60.12,62.8,70.24,56.85,41.37,53.57,57.14,51.19,52.68,61.61,60.42,59.52,58.93,59.52
2020-11-07,48.81,58.33,56.25,63.39,58.04,67.86,58.33,44.94,55.65,45.54,50.6,58.93,53.57,55.06,61.9,53.57,66.07,59.52,61.31,62.5,52.38,50.0,48.21,55.65,59.52,47.02,54.76,47.32,57.74,73.21,54.76,72.32,59.52,44.64,60.12,62.8,70.24,56.85,41.37,53.57,57.14,51.19,52.68,61.61,60.42,59.52,58.93,59.52
2020-11-08,48.81,58.33,56.25,63.39,58.04,67.86,58.33,44.94,55.65,45.54,50.6,58.93,53.57,55.06,61.9,53.57,66.07,59.52,61.31,62.5,52.38,50.0,48.21,55.65,59.52,47.02,54.76,47.32,57.74,73.21,54.76,72.32,59.52,44.64,60.12,62.8,70.24,56.85,41.37,53.57,58.33,51.19,52.68,61.61,60.42,59.52,58.93,59.52
2020-11-09,48.81,58.33,54.46,63.39,58.04,67.86,58.33,44.94,55.65,45.54,50.6,58.93,53.57,55.06,61.9,53.57,66.07,59.52,61.31,62.5,52.38,50.0,48.21,55.65,59.52,47.02,54.76,47.32,57.74,73.21,54.76,72.32,59.52,44.64,60.12,62.8,70.24,56.85,41.37,53.57,58.33,51.19,52.68,61.61,60.42,59.52,58.93,59.52
2020-11-10,48.81,58.33,56.85,63.39,58.04,67.86,58.33,44.94,55.65,44.35,50.6,58.93,53.57,55.06,61.9,53.57,66.07,66.37,61.31,62.5,52.38,50.0,48.21,55.65,59.52,47.02,54.76,47.32,57.74,73.21,54.76,72.32,59.52,44.64,60.12,62.8,70.24,56.85,41.37,53.57,58.33,51.19,52.68,61.61,60.42,59.52,58.93,59.52
2020-11-11,48.81,58.33,56.85,63.39,58.04,67.86,58.33,44.94,55.65,50.89,50.6,58.93,53.57,53.87,61.9,53.57,66.07,66.37,61.31,62.5,52.38,50.0,48.21,55.65,59.52,47.02,60.12,47.32,57.74,73.21,54.76,72.32,59.52,44.64,60.12,62.8,70.24,56.85,41.37,53.57,58.33,51.19,52.68,61.61,60.42,55.95,58.93,59.52
2020-11-12,48.81,58.33,56.85,63.39,58.04,67.86,58.33,44.94,55.65,50.89,50.6,58.93,53.57,53.87,61.9,53.57,66.07,67.26,61.31,62.5,52.38,50.0,48.21,55.65,59.52,47.02,61.9,43.75,57.74,73.21,54.76,72.32,59.52,44.64,60.12,62.8,70.24,56.85,41.37,53.57,58.33,52.08,52.68,61.61,60.42,55.95,58.93,59.52
2020-11-13,48.81,58.33,56.85,63.39,58.04,67.86,58.33,44.94,55.65,50.89,50.6,58.93,55.95,53.87,61.9,53.57,67.86,67.26,61.31,62.5,52.38,50.0,48.21,55.65,61.31,47.02,61.9,43.75,57.74,73.21,54.76,73.21,59.52,44.64,60.12,62.8,70.24,56.85,41.37,53.57,54.76,52.08,52.68,61.61,60.42,55.95,60.71,59.52
2020-11-14,48.81,58.33,56.85,63.39,58.04,67.86,58.33,44.94,55.65,50.89,55.06,58.93,55.95,53.87,61.9,53.57,67.86,67.26,61.31,62.5,52.38,51.79,48.21,55.65,61.31,47.92,61.9,43.75,57.74,73.21,54.76,73.21,59.52,44.64,60.12,62.8,70.24,56.85,41.37,53.57,54.76,52.08,52.68,70.24,60.42,55.95,60.71,59.52
2020-11-15,48.81,58.33,56.85,63.39,58.04,67.86,58.33,43.15,55.65,50.89,55.06,58.93,55.06,53.87,61.9,53.57,67.86,67.26,61.31,62.5,52.38,51.79,48.21,55.65,61.31,47.92,61.9,47.32,57.74,73.21,54.76,73.21,59.52,44.64,60.12,62.8,70.24,56.85,43.75,53.57,54.76,52.08,53.57,70.24,60.42,55.95,60.71,59.52
2020-11-16,48.81,58.33,56.85,63.39,58.04,67.86,58.33,43.15,55.65,50.89,57.44,58.93,55.06,55.65,61.9,53.57,67.86,67.26,61.31,62.5,52.38,51.79,48.21,55.65,61.31,48.81,58.33,47.32,57.74,75.6,54.76,73.21,59.52,44.64,60.12,62.8,68.45,56.85,43.75,53.57,54.76,52.08,55.36,70.24,61.61,55.95,60.71,59.52
2020-11-17,48.81,55.95,56.85,63.39,58.04,67.86,58.33,43.15,55.65,50.89,57.44,58.93,55.06,55.65,61.9,57.14,66.07,69.64,61.31,62.5,52.38,54.17,48.21,55.65,61.31,48.81,58.33,47.32,59.52,75.6,54.76,73.21,59.52,44.64,60.12,62.8,68.45,56.85,43.75,53.57,54.76,52.08,55.36,70.24,64.29,55.95,60.71,59.52
2020-11-18,48.81,55.95,56.85,63.39,58.04,67.86,58.33,43.15,55.65,50.89,57.44,58.93,55.06,55.65,61.9,57.14,66.07,69.64,61.31,70.83,52.38,54.17,48.21,55.65,61.31,48.81,58.33,47.32,59.52,75.6,54.76,73.21,59.52,44.64,61.31,61.01,68.45,56.85,43.75,53.57,54.76,52.08,55.36,70.24,64.29,55.95,60.71,59.52
2020-11-19,48.81,55.95,56.85,63.39,58.04,67.86,58.33,43.15,55.65,50.89,57.44,58.93,55.06,55.65,61.9,57.14,66.07,69.64,61.31,70.83,52.38,54.17,48.21,55.65,61.31,48.81,57.14,47.32,59.52,75.6,54.76,72.32,61.9,44.64,61.31,61.01,68.45,56.85,43.75,53.57,54.76,52.08,55.36,70.24,64.29,55.95,60.71,59.52
2020-11-20,48.81,55.95,56.85,63.39,58.04,67.86,58.33,43.15,55.65,50.89,57.44,63.39,55.06,54.17,64.29,57.14,66.07,69.64,58.93,70.83,63.69,54.17,49.4,55.65,63.69,48.81,57.14,50.0,59.52,75.6,54.76,72.32,61.9,44.64,61.31,64.58,68.45,56.85,43.75,53.57,54.76,52.08,55.36,70.24,64.29,55.95,60.71,59.52
2020-11-21,48.81,55.95,56.85,64.58,58.04,67.86,58.33,43.15,55.65,50.89,57.44,63.39,55.06,54.17,64.29,57.14,66.07,69.64,58.93,70.83,63.69,54.17,49.4,55.65,63.69,48.81,57.14,50.0,59.52,75.6,54.76,72.32,61.9,44.64,61.31,64.58,68.45,56.85,43.75,53.57,54.76,52.08,55.36,70.24,64.29,55.95,60.71,59.52
2020-11-22,48.81,55.95,56.85,64.58,58.04,67.86,58.33,43.15,55.65,50.89,57.44,63.39,55.06,54.17,64.29,57.14,66.07,69.64,58.93,70.83,63.69,54.17,49.4,55.65,63.69,48.81,57.14,50.0,59.52,75.6,54.76,72.32,61.9,44.64,61.31,64.58,68.45,56.85,43.75,53.57,54.76,52.08,55.36,70.24,64.29,55.95,60.71,59.52
2020-11-23,48.81,55.95,56.85,64.58,58.04,67.86,61.9,43.15,55.65,50.89,57.44,63.39,55.06,54.17,64.29,57.14,66.07,69.64,58.93,70.83,63.69,54.17,49.4,54.46,61.31,48.81,57.14,50.0,59.52,75.6,54.76,72.32,61.9,44.64,61.31,64.58,68.45,56.85,43.75,55.36,54.76,49.7,55.36,70.24,64.29,55.95,60.71,59.52
2020-11-24,48.81,55.95,56.85,64.58,58.04,67.86,61.9,43.15,55.65,50.89,57.44,63.39,55.06,54.17,64.29,57.14,66.07,69.64,58.93,70.83,63.69,54.17,49.4,54.46,61.31,48.81,57.14,50.0,59.52,75.6,58.33,72.32,61.9,44.64,57.74,64.58,68.45,56.85,43.75,55.36,54.76,49.7,55.36,70.24,64.29,55.95,60.71,61.31
2020-11-25,48.81,55.95,56.85,64.58,58.04,67.86,61.9,43.15,55.65,50.89,57.44,63.39,55.06,55.06,64.29,57.14,66.07,69.64,58.93,70.83,63.69,54.17,49.4,54.46,61.31,48.81,57.14,50.0,60.71,75.6,58.33,72.32,61.9,44.64,57.74,64.58,68.45,56.85,43.75,55.36,54.76,49.7,55.36,70.24,64.29,55.95,60.71,61.31
2020-11-26,48.81,55.95,56.85,64.58,58.04,67.86,61.9,43.15,55.65,50.89,57.44,63.39,55.06,55.06,64.29,57.14,66.07,69.64,58.93,70.83,63.69,54.17,49.4,54.46,61.31,48.81,57.14,50.0,60.71,75.6,58.33,72.32,61.9,44.64,57.74,64.58,68.45,56.85,43.75,55.36,54.76,49.7,55.36,70.24,64.29,55.95,60.71,61.31
2020-11-27,48.81,55.95,56.85,64.58,58.04,67.86,61.9,43.15,55.65,50.89,57.44,63.39,55.06,55.06,64.29,57.14,66.07,69.64,58.93,70.83,63.69,54.17,49.4,54.46,61.31,48.81,57.14,50.0,60.71,75.6,58.33,72.32,61.9,44.64,57.74,66.96,68.45,56.85,43.75,55.36,54.76,49.7,55.36,70.24,64.29,55.95,60.71,61.31
2020-11-28,48.81,55.95,56.85,64.58,58.04,67.86,61.9,43.15,55.65,50.89,57.44,63.39,55.06,55.06,64.29,57.14,66.07,69.64,58.93,70.83,63.69,54.17,49.4,54.46,61.31,48.81,57.14,50.0,60.71,75.6,58.33,72.32,61.9,44.64,57.74,66.96,68.45,56.85,43.75,55.36,54.76,49.7,55.36,70.24,64.29,55.95,60.71,61.31
2020-11-29,48.81,55.95,56.85,64.58,58.04,67.86,61.9,43.15,55.65,50.89,57.44,63.39,55.06,55.06,64.29,57.14,66.07,69.64,58.93,70.83,63.69,54.17,49.4,54.46,61.31,48.81,57.14,50.0,60.71,79.17,58.33,72.32,61.9,44.64,57.74,66.96,68.45,56.85,43.75,55.36,54.76,49.7,55.36,70.24,64.29,55.95,60.71,61.31
2020-11-30,48.81,55.95,56.85,66.37,58.04,67.86,61.9,44.35,55.65,50.89,57.44,63.39,55.06,55.06,64.29,57.14,66.07,69.64,58.93,70.83,63.69,57.74,49.4,54.46,61.31,48.81,57.14,50.0,60.71,79.17,58.33,72.32,61.9,44.64,57.74,66.96,72.62,56.85,43.75,55.36,54.76,49.7,55.36,70.24,64.29,55.95,60.71,61.31
2020-12-01,48.81,55.95,56.85,66.37,58.04,67.86,61.9,44.35,55.65,50.89,57.44,62.5,58.63,55.06,64.29,57.14,66.07,69.64,58.93,70.83,63.69,57.74,49.4,53.27,61.31,48.81,57.14,50.0,60.71,79.17,58.33,72.32,61.9,44.64,57.74,66.96,72.62,56.85,42.56,55.36,54.76,49.7,55.36,70.24,64.29,55.95,60.71,61.31
2020-12-02,48.81,55.95,56.85,66.37,58.04,67.86,61.9,44.35,55.65,50.89,57.44,62.5,58.63,55.06,64.29,57.14,66.07,69.64,58.93,70.83,63.69,57.74,49.4,53.27,61.31,48.81,57.14,50.0,60.71,73.81,58.33,72.32,61.9,44.64,57.74,66.96,72.62,56.85,42.56,55.36,54.76,49.7,55.36,70.24,64.29,55.95,60.71,61.31
2020-12-03,48.81,55.95,56.85,66.37,58.04,67.86,61.9,44.35,55.65,50.89,57.44,62.5,58.63,57.44,64.29,57.14,66.07,69.64,58.93,70.83,63.69,57.74,49.4,54.46,61.31,48.81,59.52,50.0,60.71,73.81,58.33,72.32,61.9,44.64,57.74,66.96,72.62,56.85,42.56,55.36,54.76,49.7,55.36,70.24,64.29,55.95,60.71,61.31
2020-12-04,48.81,55.95,56.85,66.37,58.04,67.86,61.9,44.35,55.65,50.89,57.44,62.5,58.63,57.44,64.29,57.14,66.07,69.64,58.93,70.83,63.69,57.74,49.4,54.46,61.31,48.81,59.52,50.0,60.71,73.81,58.33,72.32,61.9,44.64,57.74,66.96,72.62,56.85,42.56,55.36,54.76,49.7,55.36,70.24,64.29,55.95,60.71,61.31
2020-12-05,48.81,55.95,56.85,66.37,58.04,67.86,61.9,44.35,55.65,50.89,57.44,62.5,58.63,57.44,64.29,53.57,66.07,69.64,58.93,70.83,63.69,57.74,49.4,54.46,61.31,48.81,59.52,50.0,59.52,73.81,58.33,72.32,61.9,44.64,57.74,66.96,72.62,56.85,42.56,55.36,54.76,49.7,55.36,70.24,64.29,55.95,60.71,61.31
2020-12-06,48.81,55.95,56.85,66.37,58.04,67.86,61.9,44.35,55.65,50.89,57.44,62.5,58.63,57.44,64.29,53.57,66.07,69.64,58.93,70.83,63.69,57.74,49.4,54.46,61.31,48.81,59.52,50.0,59.52,73.81,58.33,72.32,61.9,44.64,57.74,66.96,72.62,56.85,42.56,55.36,54.76,49.7,55.36,70.24,64.29,55.95,60.71,61.31
2020-12-07,48.81,55.95,60.42,66.37,58.04,67.86,61.9,44.35,55.65,50.89,57.44,62.5,58.63,57.44,64.29,53.57,66.07,69.64,58.93,70.83,63.69,57.74,49.4,54.46,61.31,48.81,59.52,50.0,59.52,73.81,58.33,72.32,61.9,44.64,57.74,66.96,72.62,56.85,42.56,55.36,54.76,49.7,57.74,70.24,64.29,55.95,60.71,61.31
2020-12-08,48.81,55.95,60.42,66.37,58.04,67.86,61.9,44.35,55.65,50.89,57.44,62.5,58.63,57.44,64.29,53.57,66.07,67.26,58.93,70.83,63.69,56.85,49.4,54.46,61.31,48.81,59.52,50.0,59.52,73.81,58.33,72.32,61.9,44.64,57.74,66.96,72.62,56.85,42.56,55.36,54.76,49.7,57.74,70.24,64.29,55.95,60.71,61.31
2020-12-09,48.81,55.95,60.42,66.37,58.04,67.86,61.9,44.35,55.65,50.89,57.44,62.5,58.63,57.44,64.29,53.57,66.07,67.26,58.93,70.83,63.69,56.85,49.4,54.46,61.31,48.81,59.52,50.0,59.52,73.81,58.33,72.32,61.9,44.64,57.74,66.96,72.62,56.85,42.56,55.36,54.76,49.7,57.74,70.24,64.29,55.95,60.71,66.67
2020-12-10,48.81,55.95,60.42,66.37,58.04,67.86,61.9,44.35,55.65,50.89,57.44,62.5,58.63,57.44,64.29,53.57,66.07,67.26,58.93,70.83,63.69,55.06,49.4,54.46,61.31,48.81,59.52,50.0,59.52,73.81,58.33,72.32,61.9,45.54,57.74,66.96,72.62,56.85,42.56,55.36,54.76,49.7,57.74,70.24,64.29,55.95,60.71,66.67
2020-12-11,48.81,55.95,60.42,66.37,58.04,67.86,61.9,44.35,55.65,50.89,57.44,62.5,58.63,57.44,64.29,53.57,66.07,65.48,58.93,70.83,63.69,55.06,50.3,54.46,63.69,48.81,61.31,50.0,59.52,73.81,58.33,72.32,61.9,48.39,57.74,66.96,72.62,56.85,42.56,55.36,54.76,49.7,57.74,70.24,64.29,55.95,60.71,66.67
2020-12-12,48.81,55.95,60.42,66.37,58.04,67.86,61.9,44.35,55.65,50.89,57.44,62.5,58.63,57.44,64.29,53.57,66.07,65.48,58.93,70.83,63.69,55.06,50.3,54.46,63.69,48.81,61.31,50.0,59.52,73.81,58.33,68.75,61.9,48.39,57.74,67.86,72.62,56.85,42.56,55.36,54.76,49.7,57.74,70.24,64.29,55.95,60.71,66.67
2020-12-13,48.81,55.95,60.42,66.37,58.04,67.86,61.9,44.35,55.65,50.89,57.44,62.5,58.63,57.44,64.29,53.57,72.62,65.48,58.93,70.83,63.69,55.06,50.3,54.46,63.69,48.81,61.31,50.0,59.52,73.81,58.33,68.75,61.9,48.39,57.74,67.86,72.62,55.06,42.56,55.36,54.76,49.7,57.74,70.24,64.29,55.95,60.71,66.67
2020-12-14,48.81,57.38,60.42,66.37,59.46,70.71,67.26,45.77,57.08,52.32,60.3,62.5,61.49,58.87,65.71,55.0,75.48,66.9,58.93,73.69,63.69,55.06,51.73,55.89,63.69,49.88,61.31,50.0,59.52,75.24,58.33,71.61,63.33,50.18,57.74,67.86,74.05,56.49,42.56,55.36,56.19,50.6,65.48,70.24,64.29,55.95,60.71,66.67
2020-12-15,50.24,57.38,60.42,69.23,59.46,70.71,67.26,45.77,57.08,52.32,60.3,63.93,61.49,58.87,65.71,55.0,75.48,68.33,60.36,73.69,66.55,55.06,51.73,55.89,65.12,49.88,61.31,51.43,60.95,75.24,59.76,71.61,63.33,50.18,57.74,67.86,74.05,56.49,43.99,55.36,56.19,50.6,68.33,73.1,64.29,58.81,60.71,68.1
2020-12-16,50.24,57.38,61.85,69.23,59.46,70.71,67.26,52.02,57.08,52.32,60.3,63.93,61.49,58.87,65.71,55.0,75.48,68.33,60.36,73.69,66.55,55.06,51.73,55.89,65.12,49.88,58.33,51.43,60.95,78.21,59.76,71.61,63.33,50.18,59.17,70.71,74.05,56.49,43.99,58.21,56.19,52.02,68.33,73.1,65.71,58.81,60.71,68.1
2020-12-17,50.24,57.38,61.85,69.23,59.46,70.71,68.69,52.02,57.08,46.96,60.3,63.93,61.49,58.87,65.71,55.0,75.48,72.8,60.36,73.69,66.55,55.06,51.73,55.89,65.12,49.88,58.33,51.43,60.95,78.21,59.76,71.61,63.33,50.18,59.17,70.71,74.05,56.49,43.99,58.21,56.19,52.02,68.33,73.1,65.71,58.81,60.71,68.1
2020-12-18,50.24,57.38,61.85,69.23,59.46,70.71,68.69,53.45,57.08,46.96,60.3,63.93,61.49,58.87,65.71,55.0,75.48,72.8,60.36,73.69,66.55,55.06,51.73,55.89,65.12,49.88,58.33,51.43,60.95,78.21,59.76,71.61,64.76,50.18,59.17,70.71,74.05,56.49,43.99,58.21,56.19,52.02,68.33,73.1,65.71,58.81,63.57,68.1
2020-12-19,50.24,58.57,61.85,69.23,59.46,70.71,68.69,53.45,57.08,46.96,60.3,63.93,61.49,58.87,65.71,55.0,75.48,72.8,60.36,73.69,66.55,55.06,51.73,55.89,65.12,49.88,58.33,51.43,60.95,78.21,59.76,71.61,64.76,50.18,59.17,70.71,74.05,56.49,43.99,58.21,56.19,52.02,68.33,73.1,65.71,58.81,63.57,68.1
2020-12-20,50.24,58.57,61.85,69.23,59.46,70.71,68.69,53.45,57.08,46.96,60.3,63.93,61.49,58.87,65.71,55.0,75.48,72.8,60.36,73.69,66.55,55.06,51.73,55.89,65.12,49.88,58.33,51.43,60.95,78.21,59.76,71.61,64.76,50.18,59.17,70.71,74.05,56.49,43.99,64.46,56.19,52.02,68.33,73.1,65.71,58.81,63.57,68.1
2020-12-21,50.24,58.57,61.85,69.23,59.46,70.71,68.69,53.45,57.08,46.96,60.3,63.93,61.49,58.87,65.71,55.0,75.48,72.8,61.79,68.93,66.55,55.06,51.73,55.89,65.12,49.88,58.33,51.43,60.95,78.21,59.76,71.61,64.76,50.18,60.6,70.71,70.48,56.49,43.99,64.46,56.19,52.02,68.33,73.1,65.71,58.81,63.57,68.1
2020-12-22,51.67,58.57,61.85,69.23,59.46,70.71,68.69,53.45,57.08,46.96,60.3,63.93,61.49,58.87,67.14,55.0,75.48,72.8,61.79,68.93,66.55,57.92,51.73,55.89,65.12,53.45,58.33,52.86,60.95,78.21,59.76,71.61,64.76,50.18,60.6,70.71,70.48,56.49,43.99,64.46,56.19,52.02,68.33,73.1,67.14,58.81,63.57,68.1
2020-12-23,51.67,58.57,61.85,69.23,59.46,70.71,68.69,53.45,57.08,46.96,60.3,63.93,61.49,58.87,67.14,55.0,75.48,72.8,61.79,68.93,66.55,57.92,50.83,55.89,65.12,53.45,58.33,52.86,60.95,78.21,59.76,71.61,64.76,50.18,60.6,70.71,70.48,56.49,43.99,64.46,56.19,52.02,68.33,73.1,67.14,58.81,63.57,68.1
2020-12-24,51.67,58.57,61.85,69.23,59.46,70.71,69.88,53.45,58.51,46.96,60.3,63.93,61.49,58.87,67.14,55.0,75.48,72.8,61.79,68.93,66.55,57.92,50.83,55.89,65.12,53.45,51.19,52.86,60.95,78.21,59.76,71.61,64.76,50.18,60.6,70.71,70.48,56.49,43.99,64.46,56.19,52.02,68.33,73.1,67.14,58.81,63.57,68.1
2020-12-25,51.67,58.57,61.85,69.23,59.46,70.71,69.88,53.45,58.51,46.96,60.3,63.93,61.49,58.87,67.14,55.0,75.48,72.8,61.79,68.93,66.55,57.92,50.83,55.89,65.12,53.45,51.19,52.86,60.95,78.21,59.76,71.61,64.76,50.18,60.6,70.71,70.48,56.49,43.99,64.46,56.19,52.02,68.33,73.1,67.14,58.81,63.57,68.1
2020-12-26,51.67,58.57,61.85,69.23,59.46,70.71,69.88,53.45,58.51,46.96,60.3,63.93,61.49,58.87,67.14,55.0,75.48,72.8,61.79,68.93,66.55,57.92,50.83,55.89,65.12,53.45,51.19,52.86,60.95,78.21,59.76,71.61,64.76,50.18,60.6,70.71,70.48,56.49,43.99,64.46,56.19,52.02,68.33,73.1,67.14,58.81,63.57,68.1
2020-12-27,51.67,58.57,63.27,69.23,59.46,70.71,69.88,53.45,58.51,46.96,60.3,63.93,61.49,60.3,67.14,55.0,75.48,72.8,61.79,68.93,66.55,57.92,50.83,55.89,65.12,53.45,51.19,52.86,60.95,79.64,59.76,71.61,64.76,50.18,60.6,70.71,70.48,56.49,43.99,64.46,56.19,52.02,68.33,73.1,67.14,58.81,63.57,68.1
2020-12-28,51.67,60.0,63.27,69.23,59.46,70.71,69.88,53.45,58.51,48.39,60.3,63.93,61.49,59.4,67.14,55.0,75.48,72.8,61.79,68.93,66.55,57.92,52.26,55.89,65.12,53.45,52.62,52.86,62.38,79.64,59.76,71.61,64.76,50.18,60.6,70.71,70.48,57.92,43.99,64.46,57.62,52.02,68.33,73.1,67.14,58.81,63.57,68.1
2020-12-29,51.67,60.0,63.27,69.23,59.46,70.71,69.88,53.45,58.51,48.39,60.3,65.36,61.49,59.4,67.14,55.0,75.48,72.8,61.79,68.93,66.55,57.92,52.26,55.89,65.12,53.45,52.62,52.86,62.38,79.64,59.76,71.61,64.76,50.18,60.6,70.71,70.48,57.92,43.99,64.46,57.62,52.02,68.33,73.1,67.14,58.81,63.57,68.1
2020-12-30,51.67,60.0,63.27,71.01,60.89,70.71,69.88,53.45,54.94,48.39,59.11,65.36,61.49,59.4,67.14,58.81,75.48,72.8,61.79,68.93,66.55,59.35,52.26,55.89,65.12,53.45,54.4,52.86,62.38,79.64,59.76,71.61,64.76,50.18,60.6,70.71,70.48,57.92,43.99,64.46,57.62,53.45,68.33,73.1,67.14,58.81,63.57,64.76
2020-12-31,51.67,60.0,63.27,71.01,60.89,70.71,69.88,53.45,54.94,48.39,59.11,65.36,61.49,59.4,67.14,61.19,75.48,72.8,61.79,68.93,66.55,59.35,52.26,55.89,65.12,53.45,54.4,52.86,62.38,79.64,59.76,71.61,64.76,50.18,60.6,70.71,70.48,57.92,45.42,64.46,57.62,53.45,68.33,73.1,67.14,58.81,63.57,64.76
2021-01-01,51.67,60.0,63.27,71.01,60.89,70.71,66.31,53.45,54.94,48.39,59.11,65.36,61.49,59.4,67.14,61.19,75.48,72.8,61.79,68.93,66.55,59.35,52.26,53.51,65.12,53.45,54.4,52.86,62.38,79.64,59.76,71.61,64.76,50.18,60.6,70.71,71.9,57.92,45.42,64.46,57.62,51.67,68.33,73.1,67.14,58.81,63.57,64.76
2021-01-02,51.67,65.36,63.27,71.01,60.89,70.71,66.31,53.45,54.94,48.39,59.11,65.36,61.49,59.4,67.14,61.19,75.48,72.8,61.79,68.93,66.55,59.35,52.26,53.51,65.12,53.45,54.4,52.86,62.38,79.64,59.76,71.61,64.76,50.18,60.6,70.71,71.9,57.92,45.42,64.46,57.62,51.67,68.33,73.1,67.14,58.81,63.57,64.76
2021-01-03,51.67,65.36,63.27,71.01,60.89,70.71,66.31,53.45,54.94,48.39,59.11,65.36,61.49,59.4,67.14,61.19,75.48,72.8,61.79,68.93,66.55,59.35,52.26,53.51,65.12,53.45,54.4,52.86,62.38,79.64,59.76,71.61,64.76,50.18,60.6,70.71,71.9,57.92,45.42,64.46,57.62,51.67,68.33,73.1,67.14,58.81,62.38,64.76
2021-01-04,51.67,65.36,63.27,71.01,60.89,70.71,66.31,53.45,54.94,48.39,59.11,65.36,61.49,59.4,65.95,61.19,75.48,72.8,61.79,68.93,60.6,59.35,52.26,53.51,65.12,53.45,54.4,52.86,62.38,80.83,59.76,71.61,64.76,50.18,60.6,64.76,71.9,57.92,45.42,64.46,57.62,51.67,68.33,73.1,67.14,58.81,63.57,64.76
2021-01-05,51.67,67.74,65.65,71.01,60.89,70.71,66.31,53.45,54.94,48.39,59.11,65.36,61.49,59.4,65.95,61.19,75.48,72.8,61.79,68.93,60.6,57.02,52.26,53.51,65.12,53.45,54.4,52.86,62.38,80.83,59.76,72.8,64.76,51.37,60.6,64.76,71.9,57.92,45.42,64.46,57.62,44.52,68.33,73.1,67.14,58.81,63.57,61.19
2021-01-06,51.67,67.74,65.65,69.23,60.89,70.71,66.31,53.45,54.94,48.39,59.11,65.36,61.49,59.4,65.95,61.19,75.48,72.8,61.79,68.93,60.6,57.02,52.26,53.51,68.69,53.45,54.4,52.86,61.19,80.83,59.76,72.8,64.76,51.37,60.6,64.76,71.9,57.92,45.42,64.46,57.62,44.52,68.33,73.1,67.14,58.81,63.57,61.19
2021-01-07,51.67,67.74,65.65,69.23,60.89,70.71,66.31,53.45,54.94,48.39,59.11,65.36,61.49,59.4,65.95,61.19,75.48,72.8,61.79,68.93,60.6,57.02,52.26,53.51,68.69,53.45,54.4,52.86,61.19,80.83,59.76,72.8,64.76,51.37,60.6,64.76,71.9,57.92,45.42,64.46,57.62,44.52,68.33,73.1,67.14,58.81,65.0,61.19
2021-01-08,51.67,67.74,65.65,69.23,60.89,70.71,66.31,53.45,54.94,48.39,59.11,65.36,61.49,59.4,65.95,63.87,75.48,72.8,61.79,68.93,60.6,57.02,52.26,53.51,68.69,53.45,54.4,52.86,61.19,82.26,59.76,72.8,64.76,51.37,62.02,64.76,71.9,57.92,45.42,64.46,57.62,44.52,69.76,73.1,67.14,58.81,65.0,61.19
2021-01-09,51.67,67.74,65.65,69.23,60.89,70.71,66.31,53.45,54.94,48.39,59.11,65.36,61.49,59.4,65.95,63.87,75.48,72.8,61.79,68.93,60.6,57.02,52.26,53.51,68.69,53.45,54.4,52.86,61.19,82.26,59.76,72.8,64.76,51.37,62.02,64.76,71.9,57.92,45.42,65.65,57.62,44.52,69.76,73.1,67.14,58.81,65.0,61.19
2021-01-10,51.67,67.74,65.65,65.65,57.32,70.71,66.31,53.45,54.94,48.39,59.11,65.36,61.49,59.4,65.95,63.87,75.48,72.8,61.79,68.93,60.6,57.02,52.26,53.51,68.69,53.45,54.4,52.86,61.19,82.26,59.76,72.8,64.76,51.37,62.02,64.76,71.9,57.92,45.42,65.65,57.62,44.52,69.76,73.1,67.14,58.81,65.0,61.19
2021-01-11,51.67,67.74,65.65,65.65,57.32,70.71,66.31,53.45,54.94,50.77,59.11,67.74,61.49,59.4,65.95,63.87,75.48,72.8,61.79,68.93,60.6,57.02,52.26,53.51,68.69,53.45,54.4,52.86,61.19,82.26,59.76,72.8,64.76,51.37,62.02,64.76,71.9,57.92,45.42,65.65,57.62,44.52,69.76,73.1,67.14,58.81,65.0,61.19
2021-01-12,51.67,67.74,65.65,65.65,57.32,70.71,66.31,53.45,54.94,50.77,59.11,67.74,61.49,59.4,65.95,63.87,75.48,72.8,61.79,68.93,58.81,57.02,52.26,53.51,68.69,53.45,54.4,52.86,61.19,82.26,59.76,72.8,64.76,51.37,62.02,64.76,71.9,57.92,45.42,65.65,59.05,44.52,69.76,73.1,67.14,58.81,65.0,62.62
2021-01-13,51.67,67.74,65.65,65.65,57.32,70.71,66.31,53.45,54.94,50.77,59.11,67.74,61.49,59.4,65.95,63.87,75.48,72.8,61.79,68.93,58.81,57.02,52.26,53.51,68.69,53.45,57.26,52.86,61.19,77.2,59.76,72.8,64.76,51.37,62.02,64.76,71.9,57.92,45.42,65.65,59.05,44.52,69.76,73.1,67.14,58.81,65.0,62.62
2021-01-14,51.67,67.74,65.65,65.65,57.32,70.71,66.31,53.45,54.94,50.77,59.11,67.74,61.49,59.4,65.95,63.87,75.48,72.8,61.79,68.93,58.81,57.02,52.26,53.51,70.12,53.45,57.26,52.86,62.62,77.2,61.19,72.8,64.76,51.37,62.02,64.76,71.9,57.92,45.42,65.65,59.05,44.52,69.76,73.1,67.14,58.81,65.0,62.62
2021-01-15,51.67,67.74,65.65,65.65,57.32,70.71,66.31,53.45,54.94,50.77,59.11,67.74,61.49,59.4,65.95,63.87,75.48,72.8,61.79,68.93,58.81,57.02,52.26,53.51,70.12,54.88,57.26,52.85,62.62,77.2,61.19,72.8,64.76,51.37,62.02,64.76,71.9,57.92,45.42,65.65,59.05,44.52,69.76,73.1,67.14,58.81,65.0,62.62
2021-01-16,51.67,67.74,65.65,65.65,57.32,70.71,66.31,53.45,54.94,50.77,59.11,67.74,61.49,59.4,65.95,63.87,75.48,72.8,61.79,68.93,58.81,57.02,52.26,53.51,70.12,54.88,57.26,52.85,62.62,77.2,61.19,72.8,64.76,51.37,62.02,64.76,71.9,57.92,45.42,65.65,59.05,44.52,69.76,73.1,67.14,58.81,65.0,62.62
2021-01-17,51.67,67.74,65.65,65.65,60.3,70.71,66.31,53.45,54.94,50.77,59.11,67.74,61.49,59.4,65.95,63.87,75.48,72.8,61.79,68.93,58.81,57.02,52.26,53.51,70.12,54.88,57.26,52.85,62.62,76.01,61.19,72.8,64.76,51.37,62.02,64.76,71.9,57.92,45.42,65.65,59.05,44.52,69.76,73.1,67.14,58.81,65.0,62.62
2021-01-18,51.67,69.17,65.65,65.65,60.3,72.14,66.31,53.45,54.94,50.77,59.11,67.74,61.49,59.4,65.95,63.87,75.48,72.8,61.79,68.93,58.81,58.45,52.26,54.94,70.12,52.2,57.26,52.85,62.62,76.01,61.19,72.8,64.76,51.37,62.02,64.76,71.9,57.92,45.42,65.65,59.05,44.52,69.76,73.1,67.14,58.81,65.0,62.62
2021-01-19,51.67,69.17,65.65,65.65,60.3,70.71,66.31,53.45,54.94,50.77,57.92,65.36,61.49,59.4,65.95,63.87,75.48,72.8,61.79,68.93,58.81,57.26,52.26,57.56,70.12,49.82,57.26,52.84,62.62,76.01,61.19,72.8,64.76,51.37,62.02,66.19,69.52,57.92,45.42,60.0,56.67,44.52,69.76,73.1,67.14,58.81,63.81,62.62
2021-01-20,51.67,69.17,65.65,65.65,60.3,70.71,67.74,53.45,54.94,50.77,57.92,65.36,61.49,59.4,65.95,63.87,75.48,72.8,61.79,68.93,58.81,57.26,52.26,57.56,70.12,49.82,57.26,52.84,62.62,76.01,61.19,72.8,64.76,51.37,62.02,66.19,69.52,57.92,45.42,60.0,56.67,44.52,69.76,73.1,67.14,58.81,63.81,62.62
2021-01-21,51.67,69.17,65.65,65.65,60.3,70.71,67.74,53.45,54.94,50.77,57.92,65.36,61.49,59.4,65.95,63.87,75.48,72.8,61.79,68.93,58.81,57.26,52.26,57.56,70.12,49.82,57.26,52.83,62.62,76.01,61.19,72.8,64.76,51.37,62.02,66.19,69.52,57.92,45.42,60.0,56.67,44.52,69.76,73.1,67.14,58.81,63.81,62.62
2021-01-22,51.67,69.17,65.65,65.65,60.3,70.71,67.74,53.45,54.94,50.77,57.92,65.36,61.49,59.4,65.95,63.87,75.48,72.8,61.79,68.93,58.81,57.26,52.26,57.56,70.12,49.82,57.26,52.83,62.62,76.01,61.19,72.8,64.76,51.37,62.02,66.19,69.52,57.92,45.42,60.0,56.67,44.52,69.76,73.1,67.14,58.81,63.81,62.62
2021-01-23,51.67,69.17,65.65,65.65,60.3,70.71,67.74,53.45,54.94,50.77,57.92,65.36,61.49,59.4,65.95,63.87,75.48,72.8,61.79,68.93,58.81,57.26,52.26,57.56,70.12,49.82,57.26,52.83,62.62,76.01,61.19,72.8,64.76,51.37,62.02,66.19,69.52,57.92,45.42,60.0,56.67,44.52,69.76,73.1,67.14,58.81,63.81,62.62
2021-01-24,51.67,69.17,65.65,65.65,60.3,70.71,67.74,53.45,54.94,50.77,57.92,65.36,61.49,59.4,65.95,63.87,75.48,72.8,58.21,68.93,58.81,57.26,52.26,57.56,70.12,49.82,57.26,52.83,62.62,76.01,61.19,72.8,64.76,51.37,62.02,66.19,69.52,57.92,45.42,60.0,56.67,44.52,69.76,73.1,67.14,58.81,63.81,62.62
2021-01-25,51.67,69.17,65.65,65.65,60.3,70.71,67.74,52.26,54.94,48.39,57.92,65.36,61.49,59.4,65.95,63.87,75.48,74.23,58.21,68.93,58.81,57.26,52.26,57.56,70.12,49.82,57.26,52.82,62.62,76.01,61.19,72.8,66.19,51.37,62.02,66.19,69.52,57.92,45.42,60.0,56.67,44.52,69.76,73.1,67.14,58.81,63.81,62.62
2021-01-26,51.67,69.17,65.65,65.65,60.3,70.71,67.74,52.26,54.94,48.39,57.92,65.36,61.49,59.4,65.95,63.87,75.48,74.23,58.21,68.93,58.81,57.26,52.26,57.56,70.12,49.82,57.26,54.25,62.62,76.01,61.19,72.8,66.19,51.37,62.02,66.19,69.52,57.92,45.42,60.0,54.88,44.52,69.76,73.1,67.14,58.81,63.81,62.62
2021-01-27,51.67,69.17,65.65,64.46,60.3,70.71,67.74,52.26,54.94,48.39,57.92,65.36,61.49,59.4,65.95,63.87,75.48,74.23,58.21,68.93,58.81,57.26,52.26,57.56,70.12,49.82,57.26,54.24,62.62,76.01,61.19,72.8,66.19,51.37,62.02,66.19,69.52,57.92,45.42,60.0,54.88,44.52,69.76,73.1,67.14,62.38,63.81,62.62
2021-01-28,51.67,69.17,65.65,64.46,60.3,70.71,67.74,52.26,54.94,48.39,57.92,65.36,61.49,59.4,65.95,63.87,75.48,69.76,58.21,68.93,58.81,57.26,52.26,57.56,70.12,49.82,57.26,54.23,62.62,76.01,61.19,71.61,66.19,51.37,62.02,66.19,69.52,57.92,45.42,60.0,54.88,44.52,69.76,73.1,67.14,62.38,63.81,62.62
2021-01-29,51.67,69.17,65.65,64.46,60.3,70.71,67.74,52.26,54.94,48.39,57.92,65.36,61.49,59.4,65.95,62.08,75.48,69.76,58.21,68.93,58.81,57.26,52.26,57.56,70.12,51.01,57.26,54.22,62.62,76.01,61.19,71.61,66.19,51.37,62.02,66.19,69.52,59.35,46.61,60.0,54.88,44.52,69.76,73.1,67.14,62.38,63.81,62.62
2021-01-30,51.67,69.17,65.65,64.46,60.3,70.71,67.74,52.26,54.94,48.39,57.92,65.36,61.49,59.4,65.95,62.08,75.48,69.76,58.21,68.93,58.81,57.26,52.26,57.56,70.12,51.01,57.26,56.6,62.62,76.01,61.19,71.61,66.19,51.37,62.02,66.19,69.52,59.35,46.61,60.0,54.88,44.52,69.76,73.1,67.14,62.38,63.81,62.62
2021-01-31,51.67,69.17,65.65,64.46,60.3,70.71,67.74,52.26,54.94,48.39,57.92,65.36,61.49,59.4,65.95,62.08,75.48,69.76,58.21,68.93,58.81,57.26,52.26,57.56,70.12,51.01,57.26,56.59,62.62,76.01,61.19,71.61,66.19,51.37,62.02,66.19,69.52,59.35,46.61,60.0,54.88,44.52,69.76,73.1,67.14,62.38,63.81,62.62
2021-02-01,49.29,69.17,65.65,64.46,60.3,70.71,67.74,52.26,54.94,48.39,57.92,65.36,62.92,59.4,65.95,62.08,75.48,67.38,58.21,68.93,58.81,57.26,52.26,57.56,70.12,51.01,53.69,56.59,62.62,76.01,61.19,71.61,66.19,51.37,62.02,66.19,69.52,59.35,46.61,60.0,54.88,44.52,69.76,73.1,65.36,62.38,63.81,62.62
2021-02-02,49.29,69.17,65.65,64.46,56.13,70.71,64.17,52.26,54.94,48.39,51.07,65.36,62.92,59.4,65.95,62.08,75.48,63.81,58.21,68.93,58.81,57.26,52.26,57.56,70.12,51.01,53.69,60.16,62.62,76.01,61.19,71.61,66.19,51.37,62.02,66.19,69.52,59.35,46.61,60.0,53.99,44.52,69.76,73.1,65.36,62.38,63.81,62.62
2021-02-03,49.29,69.17,65.65,64.46,56.13,70.71,64.17,52.26,54.94,47.2,51.07,65.36,62.92,59.4,65.95,62.08,75.48,63.81,58.21,68.93,58.81,57.26,52.26,57.56,70.12,51.01,53.69,60.15,62.62,76.01,61.19,71.61,66.19,51.37,62.02,66.19,69.52,59.35,46.61,60.0,53.99,44.52,69.76,73.1,65.36,62.38,63.81,62.62
2021-02-04,49.29,69.17,65.65,64.46,56.13,70.71,61.79,52.26,54.94,47.2,51.07,60.0,62.92,59.4,65.95,62.08,75.48,63.81,59.64,68.93,58.81,57.26,52.26,57.56,70.12,51.01,53.69,60.14,62.62,76.01,61.19,71.61,66.19,51.37,62.02,66.19,69.52,59.35,46.61,60.0,53.99,44.52,69.76,73.1,65.36,63.27,63.81,62.62
2021-02-05,49.29,69.17,65.65,64.46,56.13,70.71,61.79,52.26,54.94,47.2,51.07,60.0,62.92,59.4,65.95,62.08,75.48,63.81,59.64,68.93,58.81,57.26,52.26,57.56,70.12,51.01,53.69,60.13,62.62,76.01,61.19,71.61,66.19,51.37,62.02,66.19,67.74,59.35,46.61,60.0,53.99,44.52,69.76,73.1,65.36,63.27,63.81,62.62
2021-02-06,49.29,69.17,65.65,64.46,56.13,70.71,61.79,52.26,54.94,47.2,51.07,60.0,62.92,59.4,65.95,62.08,75.48,63.81,59.64,68.93,58.81,57.26,52.26,57.56,70.12,51.01,53.69,60.12,62.62,76.01,61.19,71.61,66.19,51.37,62.02,66.19,67.74,59.35,46.61,60.0,53.99,44.52,69.76,73.1,65.36,63.27,63.81,62.62
2021-02-07,49.29,69.17,65.65,64.46,56.13,70.71,61.79,52.26,54.94,47.2,51.07,60.0,62.92,59.4,65.95,62.08,75.48,63.81,59.64,68.93,58.81,57.26,52.26,57.56,70.12,51.01,53.69,60.12,62.62,76.01,61.19,71.61,66.19,51.37,62.02,66.19,67.74,59.35,46.61,60.0,53.99,44.52,69.76,73.1,65.36,63.27,63.81,62.62
2021-02-08,49.29,69.17,65.65,64.46,56.13,70.71,61.79,52.26,54.94,47.2,51.07,60.0,62.92,59.4,65.95,63.51,75.48,63.81,59.64,68.93,58.81,57.26,52.26,56.37,70.12,51.01,53.69,60.12,62.62,76.01,61.19,71.61,66.19,51.37,62.02,66.19,67.74,59.35,45.42,60.0,53.99,43.33,69.76,73.1,65.36,63.27,63.81,62.62
2021-02-09,49.29,69.17,65.65,64.46,56.13,70.71,61.79,52.26,54.94,47.2,51.07,60.0,62.92,59.4,65.95,63.51,75.48,63.81,59.64,68.93,58.81,58.69,52.26,56.37,70.12,51.01,53.69,60.12,62.62,76.01,61.19,71.61,66.19,51.37,62.02,66.19,67.74,59.35,45.42,60.0,53.99,43.33,64.4,73.1,65.36,63.27,63.81,62.62
2021-02-10,49.29,69.17,65.65,64.46,56.13,70.71,61.79,52.26,54.94,47.2,51.07,60.0,62.92,59.4,65.95,63.51,75.48,63.81,59.64,68.93,58.81,58.69,53.69,56.37,70.12,51.01,53.69,60.11,62.62,76.01,61.19,71.61,66.19,51.37,62.02,66.19,67.74,59.35,45.42,60.0,53.99,43.33,64.4,73.1,65.36,61.49,63.81,62.62
2021-02-11,49.29,69.17,65.65,64.46,56.13,70.71,61.79,52.26,54.94,47.2,51.07,60.0,62.92,59.4,65.95,63.51,75.48,63.81,59.64,68.93,58.81,60.48,53.69,56.37,70.12,51.01,53.69,60.1,62.62,76.01,61.19,71.61,63.81,51.37,62.02,66.19,67.74,59.35,45.42,60.0,53.99,43.33,64.4,73.1,65.36,61.49,63.81,62.62
2021-02-12,49.29,69.17,65.65,64.46,56.13,70.71,60.0,52.26,54.94,47.2,51.07,60.0,62.92,59.4,65.95,64.7,75.48,63.81,59.64,68.93,58.81,60.48,53.69,57.86,70.12,51.01,53.69,60.09,62.62,72.44,61.19,71.61,63.81,51.37,62.02,66.19,67.74,59.35,45.42,60.0,53.99,43.33,64.4,73.1,65.36,61.49,63.81,62.62
2021-02-13,49.29,69.17,65.65,64.46,56.13,70.71,60.0,52.26,54.94,47.2,51.07,60.0,62.92,59.4,65.95,64.7,75.48,63.81,59.64,68.93,58.81,60.48,51.31,57.86,73.69,51.01,53.69,60.08,62.62,72.44,61.19,71.61,63.81,51.37,62.02,66.19,67.74,59.35,45.42,60.0,53.99,43.33,64.4,73.1,65.36,61.49,63.81,62.62
2021-02-14,49.29,69.17,65.65,64.46,56.13,70.71,60.0,52.26,54.94,47.2,51.07,60.0,62.92,59.4,65.95,64.7,75.48,63.81,59.64,68.93,58.81,60.48,51.31,57.86,73.69,51.01,53.69,60.08,62.62,72.44,61.19,71.61,63.81,51.37,62.02,66.19,67.74,59.35,45.42,60.0,53.99,43.33,64.4,73.1,65.36,61.49,63.81,62.62
2021-02-15,49.29,69.17,65.65,64.46,56.13,70.71,60.0,52.26,54.94,47.2,51.07,60.0,62.92,59.4,65.95,64.7,75.48,63.81,56.79,68.93,58.81,60.48,53.69,57.86,68.33,51.01,53.69,60.08,62.62,72.44,61.19,73.04,63.81,51.37,62.02,66.19,67.74,59.35,45.42,60.0,53.99,43.33,64.4,73.1,65.36,61.49,63.81,60.83
2021-02-16,49.29,69.17,65.65,64.46,56.13,70.71,60.0,52.26,54.94,47.2,51.07,61.43,62.92,59.4,65.95,64.7,75.48,63.81,56.79,68.93,58.81,60.48,53.69,57.86,68.33,51.01,53.69,60.07,62.62,72.44,61.19,73.04,63.81,51.37,62.02,66.19,67.74,59.35,45.42,60.0,53.99,43.33,64.4,73.1,67.74,61.49,63.81,60.83
2021-02-17,49.29,69.17,65.65,64.46,56.13,70.71,60.0,52.26,54.94,47.2,51.07,61.43,62.92,59.4,65.95,63.51,75.48,63.81,56.79,68.93,58.81,60.48,53.69,57.86,68.33,51.01,53.69,60.07,62.62,72.44,61.19,73.04,63.81,51.37,62.02,66.19,67.74,59.35,45.42,60.0,53.99,43.33,60.83,73.1,67.74,61.49,63.81,60.83
2021-02-18,49.29,67.98,65.65,64.46,56.13,70.71,60.0,52.26,54.94,47.2,51.07,61.43,62.92,59.4,65.95,63.51,76.9,63.81,56.79,68.93,58.81,60.48,53.69,57.86,68.33,51.01,53.69,60.06,62.62,72.44,61.19,73.04,63.81,51.37,62.02,66.19,69.17,59.35,45.42,60.0,53.99,43.33,60.83,73.1,67.74,61.49,63.81,60.83
2021-02-19,49.29,67.98,65.65,64.46,56.13,70.71,60.0,52.26,54.94,47.2,51.07,61.43,62.92,54.05,65.95,63.51,76.9,63.81,56.79,68.93,58.81,60.48,53.69,57.86,68.33,51.01,53.69,60.04,62.62,72.44,61.19,73.04,63.81,51.37,62.02,66.19,66.79,59.35,45.42,60.0,53.99,43.33,60.83,73.1,67.74,61.49,63.81,60.83
2021-02-20,49.29,67.98,65.65,64.46,56.13,70.71,60.0,52.26,54.94,47.2,51.07,61.43,62.92,54.05,65.95,63.51,76.9,63.81,56.79,68.93,58.81,60.48,53.69,57.86,68.33,51.01,53.69,60.03,62.62,72.44,61.19,73.04,63.81,51.37,62.02,66.19,66.79,59.35,45.42,60.0,53.99,43.33,60.83,73.1,67.74,61.49,63.81,60.83
2021-02-21,49.29,67.98,65.65,64.46,56.13,70.71,60.0,52.26,54.94,47.2,51.07,61.43,62.92,54.05,65.95,63.51,76.9,63.81,56.79,68.93,58.81,60.48,53.69,57.86,68.33,51.01,53.69,60.03,62.62,72.44,61.19,69.46,63.81,51.37,62.02,66.19,66.79,59.35,45.42,60.0,53.99,43.33,60.83,73.1,67.74,61.49,63.81,60.83
2021-02-22,49.29,67.98,65.65,64.46,56.13,70.71,56.43,52.26,54.94,47.2,50.18,61.43,62.92,54.05,65.95,63.51,76.9,63.81,56.79,68.93,58.81,60.48,53.69,57.86,68.33,53.39,53.69,60.02,62.62,72.44,63.57,69.46,63.81,52.8,62.02,66.19,66.79,59.35,46.85,60.0,53.99,44.52,60.83,73.1,67.74,61.49,63.81,60.83
2021-02-23,49.29,67.98,65.65,64.46,56.13,70.71,60.0,52.26,53.75,47.2,50.18,61.43,62.92,54.05,65.95,63.51,76.9,62.92,56.79,68.93,58.81,60.48,53.69,57.86,68.33,53.39,53.69,60.01,62.62,72.44,63.57,69.46,63.81,52.8,62.02,66.19,66.79,59.35,46.85,60.0,53.99,44.52,60.83,73.1,67.74,61.49,62.62,60.83
2021-02-24,49.29,67.98,65.65,64.46,56.13,70.71,60.0,52.26,53.75,47.2,50.18,61.43,62.92,54.05,65.95,63.51,76.9,62.92,56.79,68.93,58.81,60.48,53.69,57.86,69.76,53.39,53.69,60.01,62.62,72.44,63.57,69.46,63.81,52.8,62.02,66.19,66.79,59.35,46.85,60.0,53.99,44.52,60.83,73.1,67.74,61.49,62.62,60.83
2021-02-25,49.29,67.98,65.65,64.46,56.13,70.71,60.0,52.26,53.75,47.2,50.18,61.43,62.92,54.05,65.95,63.51,76.9,62.92,56.79,68.93,58.81,60.48,53.69,57.86,69.76,53.39,53.69,60.0,62.62,72.44,63.57,69.46,63.81,52.8,62.02,66.19,66.79,59.35,46.85,60.0,53.99,45.95,60.83,73.1,67.74,61.49,62.62,60.83
2021-02-26,49.29,60.83,67.08,64.46,56.13,70.71,60.0,53.69,53.75,47.2,50.18,61.43,62.92,54.05,65.95,63.51,76.9,62.92,56.79,68.93,58.81,60.48,53.69,57.86,63.21,53.39,53.69,59.99,62.62,72.44,63.57,69.46,63.81,52.8,62.02,66.19,66.79,59.35,46.85,60.0,53.99,45.95,60.83,70.71,67.74,61.49,62.62,60.83
2021-02-27,49.29,60.83,67.08,64.46,56.13,70.71,60.0,53.69,53.75,47.2,50.18,61.43,62.92,54.05,65.95,63.51,76.9,62.92,56.79,68.93,58.81,60.48,53.69,57.86,63.21,53.39,53.69,59.98,62.62,72.44,63.57,69.46,63.81,52.8,62.02,66.19,66.79,59.35,46.85,60.0,53.99,45.95,60.83,70.71,67.74,61.49,62.62,60.83
2021-02-28,49.29,59.64,67.08,64.46,56.13,70.71,60.0,53.69,53.75,47.2,50.18,61.43,62.92,54.05,65.95,63.51,76.9,62.92,56.79,68.93,58.81,60.48,53.69,57.86,63.21,53.39,53.69,59.98,62.62,72.44,63.57,69.46,63.81,52.8,62.02,66.19,66.79,59.35,46.85,57.62,53.99,45.95,60.83,70.71,67.74,61.49,62.62,60.83
2021-03-01,49.29,57.26,65.65,64.46,56.13,73.57,60.0,53.69,53.75,47.2,50.18,61.43,62.92,54.05,65.95,63.51,75.12,62.92,56.79,68.93,58.81,60.48,53.69,57.86,63.21,53.39,53.69,59.98,62.62,72.44,61.19,69.46,63.81,52.8,62.02,59.05,66.79,59.35,46.85,57.62,53.99,45.95,58.45,70.71,64.76,61.49,62.62,60.83
2021-03-02,49.29,57.26,65.65,64.46,56.13,70.0,60.0,53.69,55.18,47.2,50.18,61.43,62.92,54.05,65.95,63.51,75.12,62.92,56.79,68.93,58.81,60.48,53.69,56.67,63.21,53.39,53.69,59.97,62.62,72.44,61.19,69.46,63.81,52.8,62.02,59.05,66.79,58.15,46.85,57.62,58.75,45.95,58.45,70.71,64.76,61.49,62.62,60.83
2021-03-03,49.29,57.26,65.65,64.46,56.13,70.0,60.0,55.12,55.18,47.2,50.18,61.43,62.92,54.05,65.95,63.51,75.12,62.92,59.64,68.93,58.81,60.48,47.44,56.67,63.21,53.39,53.69,59.97,62.62,72.44,61.19,69.46,63.81,52.8,62.02,59.05,66.79,58.15,46.85,57.62,58.75,45.95,58.45,70.71,64.76,61.49,62.62,60.83
2021-03-04,49.29,57.26,65.65,64.46,56.13,70.0,60.0,55.12,55.18,47.2,50.18,61.43,62.92,54.05,65.95,63.51,75.12,62.92,59.64,68.93,58.81,60.48,47.44,56.67,63.21,53.39,53.69,59.96,62.62,72.44,61.19,69.46,63.81,52.8,62.02,59.05,66.79,58.15,46.85,57.62,58.75,45.95,58.45,70.71,64.76,61.49,62.62,60.83
2021-03-05,49.29,57.26,63.27,62.08,56.13,70.0,60.0,55.12,55.18,47.2,50.18,61.43,62.92,54.05,65.95,63.51,75.12,62.92,59.64,68.93,58.81,60.48,47.44,55.48,63.21,53.39,53.69,59.95,62.62,72.44,61.19,68.27,63.81,52.8,62.02,59.05,66.79,58.15,46.85,57.62,58.75,45.95,58.45,70.71,64.76,61.49,62.62,60.83
2021-03-06,49.29,57.26,63.27,62.08,56.13,70.0,60.0,55.12,55.18,47.2,50.18,61.43,62.92,54.05,65.95,63.51,75.12,62.92,59.64,68.93,58.81,60.48,47.44,55.48,63.21,53.39,53.69,59.94,62.62,72.44,61.19,68.27,63.81,52.8,62.02,59.05,66.79,58.15,46.85,57.62,58.75,45.95,58.45,70.71,64.76,61.49,62.62,60.83
2021-03-07,49.29,57.26,63.27,62.08,56.13,70.0,60.0,55.12,55.18,47.2,50.18,61.43,62.92,54.05,65.95,63.51,75.12,62.92,59.64,68.93,58.81,60.48,47.44,55.48,63.21,53.39,53.69,59.93,62.62,72.44,61.19,68.27,63.81,52.8,62.02,59.05,66.79,58.15,46.85,57.62,58.75,45.95,58.45,70.71,64.76,61.49,62.62,60.83
2021-03-08,49.29,57.26,63.27,62.08,56.13,70.0,60.0,55.12,56.61,47.2,50.18,61.43,62.92,54.05,65.95,63.51,75.12,62.92,59.64,68.93,58.81,58.69,47.44,55.48,63.21,51.61,53.69,58.73,62.62,68.87,61.19,68.27,63.81,52.52,62.02,59.05,66.79,59.58,46.85,57.86,58.75,44.76,58.45,72.14,64.76,61.49,62.62,60.83
2021-03-09,49.29,57.26,59.7,62.08,56.13,70.0,60.0,55.12,56.61,47.2,50.18,61.43,62.92,54.05,65.95,63.51,75.12,62.92,59.64,70.36,58.81,58.69,47.44,55.48,63.21,51.61,53.69,58.73,62.62,68.87,62.62,68.27,63.81,52.52,62.02,59.05,66.79,59.58,46.85,57.86,58.75,44.76,58.45,72.14,64.76,61.49,62.62,60.83
2021-03-10,49.29,57.26,59.7,62.08,56.13,67.62,60.0,55.12,56.61,47.2,50.18,61.43,58.75,54.05,65.95,63.51,75.12,62.92,59.64,70.36,60.24,58.69,47.44,57.86,60.83,51.61,53.69,58.71,62.62,68.87,62.62,68.27,63.81,52.51,62.02,59.05,66.79,59.58,46.85,57.86,52.5,44.76,58.45,72.14,64.76,59.7,62.62,60.54
2021-03-11,49.29,57.26,59.7,62.08,56.13,67.62,60.0,55.12,56.61,47.2,50.18,61.43,58.75,54.05,65.95,63.51,75.12,62.92,59.64,70.36,60.24,58.69,47.44,57.86,60.83,51.61,53.69,58.7,62.62,68.87,62.62,68.27,63.81,52.51,62.02,59.05,66.79,59.58,46.85,57.86,52.5,44.76,58.45,72.14,64.76,59.7,62.62,60.54
2021-03-12,49.29,57.26,59.7,62.08,56.13,67.62,60.0,55.12,56.61,47.2,50.18,61.43,58.75,53.68,65.95,61.73,75.12,59.35,59.64,70.36,60.24,58.69,47.44,57.86,58.45,51.61,53.69,58.68,62.62,68.87,62.62,68.27,63.81,52.5,62.02,54.29,66.79,59.58,46.85,57.86,52.5,44.76,58.45,72.14,64.76,59.7,62.62,60.52
2021-03-13,49.29,57.26,59.7,62.08,56.13,67.62,60.0,55.12,56.61,47.2,50.18,61.43,58.75,53.67,65.95,61.73,75.12,59.35,59.64,70.36,60.24,58.69,47.44,57.86,58.45,51.61,53.69,58.65,62.62,68.87,62.62,68.27,63.81,52.5,62.02,54.29,66.79,59.58,46.85,57.86,52.5,44.76,58.45,72.14,64.76,59.7,62.62,60.51
2021-03-14,49.29,57.26,59.7,62.08,56.13,67.62,60.0,55.12,56.61,47.2,50.18,61.43,58.75,49.18,65.95,61.73,75.12,59.35,59.64,70.36,60.24,58.69,47.44,57.86,58.45,51.61,53.69,58.64,62.62,68.87,62.62,68.27,63.81,52.49,62.02,54.29,66.79,59.58,46.85,57.86,52.5,44.76,58.45,72.14,64.76,59.7,62.62,60.5
2021-03-15,49.29,57.26,58.51,63.51,56.13,67.62,60.0,55.12,56.61,47.2,51.61,61.43,60.18,49.18,65.95,61.73,75.12,59.35,59.64,70.36,58.45,58.69,47.44,57.86,58.45,51.61,53.69,58.63,62.62,68.87,62.62,67.38,63.81,52.49,62.02,54.29,66.79,59.58,49.23,56.07,52.5,44.76,58.45,72.14,64.76,59.7,62.62,60.5
2021-03-16,49.29,57.26,58.51,64.7,56.13,67.62,60.0,55.12,56.61,47.2,51.61,61.43,60.18,49.17,65.95,61.73,75.12,59.35,59.64,70.36,58.45,58.69,50.3,57.86,58.45,51.61,51.31,55.48,60.83,68.87,62.62,67.38,63.81,52.49,62.02,54.29,66.79,59.58,49.23,56.07,52.5,44.76,58.45,72.14,64.76,59.7,62.62,58.71
2021-03-17,49.29,57.26,58.51,64.7,56.13,67.62,62.86,55.12,56.61,47.2,51.61,61.43,60.18,49.16,65.95,61.73,75.12,59.35,59.64,70.36,58.45,58.69,50.3,57.86,58.45,51.61,51.31,55.48,60.83,68.87,62.62,67.38,63.81,52.48,62.02,54.29,66.79,59.58,49.23,56.07,52.5,44.76,58.45,72.14,66.19,59.7,62.62,58.71
2021-03-18,49.29,57.26,58.51,64.7,56.13,67.62,62.86,55.12,56.61,47.2,51.61,61.43,60.18,49.15,63.57,61.73,75.12,59.35,59.64,70.36,58.45,58.69,50.3,57.86,58.45,51.61,51.31,55.48,60.83,68.87,62.62,67.38,63.81,52.47,62.02,54.29,66.79,59.58,49.23,57.5,52.5,44.76,58.45,72.14,66.19,59.7,62.62,58.71
2021-03-19,49.29,57.26,58.51,64.7,58.99,62.26,62.86,55.12,56.61,47.2,51.61,61.43,60.18,49.14,63.57,61.73,75.12,59.35,59.64,68.57,58.45,58.69,50.3,57.86,58.45,51.61,51.31,55.48,60.83,68.87,62.62,67.38,63.81,52.47,62.02,54.29,65.85,59.58,49.23,57.5,52.5,44.76,58.45,72.14,66.19,59.7,62.62,58.7
2021-03-20,49.29,57.26,58.51,64.7,58.99,62.26,62.86,59.29,56.61,47.2,51.61,61.43,60.18,49.12,63.57,61.73,75.12,59.35,59.64,68.57,58.45,58.69,50.3,57.86,58.45,51.61,51.31,55.48,60.83,68.87,62.62,67.38,63.81,52.46,62.02,54.29,65.79,59.58,49.23,57.5,52.5,44.76,58.45,72.14,66.19,59.7,62.62,58.7
2021-03-21,49.29,57.26,58.51,64.7,58.99,62.26,62.86,59.29,56.61,47.2,51.61,61.43,60.18,49.1,63.57,61.73,75.12,59.35,59.64,68.57,58.45,58.69,50.3,57.86,58.45,51.61,51.31,55.48,60.83,62.92,62.62,67.38,63.81,52.45,62.02,54.29,65.73,59.58,49.23,57.5,52.5,44.76,58.45,72.14,66.19,59.7,62.62,58.7
2021-03-22,50.71,57.26,58.51,64.7,58.99,62.26,62.86,59.29,56.61,47.2,51.61,61.43,60.18,49.1,63.57,63.15,69.76,59.35,59.64,68.57,58.45,58.69,50.3,57.86,58.45,52.5,51.31,55.48,60.83,62.92,62.62,67.38,63.81,52.45,62.02,54.29,65.66,59.58,49.23,57.5,52.5,44.76,58.45,72.14,66.19,61.13,65.48,58.7
2021-03-23,50.71,57.26,58.51,64.7,58.99,62.26,62.86,59.29,56.61,47.2,51.61,60.92,60.18,49.09,63.57,63.15,71.55,59.35,59.64,68.57,58.45,58.69,50.3,57.86,58.45,52.5,51.31,55.48,62.02,62.92,62.62,66.19,63.81,52.45,62.02,54.29,65.61,59.58,49.23,57.5,52.5,44.76,58.45,72.14,66.19,61.13,65.48,58.67
2021-03-24,50.71,57.26,58.51,64.7,58.99,62.26,62.86,59.29,56.61,47.2,51.61,60.91,60.18,49.08,63.57,63.15,69.17,59.35,59.64,68.57,58.45,55.12,50.3,57.86,58.45,52.5,51.31,55.48,62.02,62.92,62.62,66.19,63.81,52.44,62.02,54.29,65.57,59.58,49.23,57.5,52.5,47.62,58.45,69.76,66.19,61.13,65.48,58.67
2021-03-25,50.71,57.26,54.05,64.7,58.99,62.26,62.86,59.29,58.04,47.2,51.61,59.71,60.18,49.06,65.0,63.15,69.17,59.35,59.64,68.57,58.45,55.12,50.3,57.86,58.45,52.5,51.31,55.48,62.02,62.92,62.62,66.19,63.81,52.43,62.02,54.29,65.53,59.58,49.23,57.5,52.5,47.62,58.45,71.19,66.19,61.13,65.48,58.66
2021-03-26,50.71,57.26,56.9,64.7,58.99,62.26,62.86,59.29,58.04,47.2,51.61,59.7,60.18,49.05,65.0,63.15,69.17,59.35,59.64,68.57,58.45,55.12,50.3,57.86,58.45,52.5,51.31,55.48,62.02,62.92,62.62,66.19,63.81,52.42,62.02,54.29,65.49,59.58,49.23,57.5,52.5,47.62,58.45,71.19,66.19,61.13,65.48,58.66
2021-03-27,50.71,57.26,56.9,64.7,61.37,62.26,62.86,59.29,58.04,47.2,51.61,59.69,60.18,49.03,65.0,63.15,69.17,59.35,59.64,68.57,58.45,55.12,50.3,57.86,58.45,52.5,51.31,55.48,62.02,62.92,62.62,66.19,63.81,52.41,62.02,54.29,65.45,59.58,49.23,57.5,52.5,47.62,58.45,71.19,66.19,61.13,65.48,58.65
2021-03-28,50.71,57.26,56.9,64.7,61.37,62.26,62.86,59.29,58.04,47.2,51.61,59.68,60.18,49.0,65.0,63.15,67.98,59.35,59.64,68.57,58.45,55.12,50.3,57.86,58.45,52.5,51.31,55.48,62.02,62.92,62.62,66.19,63.81,52.39,62.02,54.29,65.41,59.58,49.23,57.5,52.5,47.62,58.45,71.19,66.19,61.13,65.48,58.65
2021-03-29,50.71,57.26,56.9,64.7,61.37,62.26,62.86,59.29,58.04,47.2,53.04,59.66,60.18,53.29,65.0,64.58,67.98,59.35,59.64,68.57,58.45,55.12,50.3,57.86,58.45,55.36,52.74,56.9,62.02,62.92,62.62,66.19,66.67,55.24,62.02,54.29,65.35,59.58,49.23,57.5,55.36,52.08,58.45,71.19,66.19,61.13,65.48,58.62
2021-03-30,50.71,60.12,56.9,64.7,61.37,62.26,62.86,59.29,58.04,47.2,53.04,59.66,60.18,53.28,65.0,64.58,67.98,59.35,59.64,68.57,61.31,55.12,50.3,57.86,58.45,55.36,52.74,56.9,60.83,62.92,62.62,67.62,66.67,55.24,66.8,54.29,65.31,59.58,49.23,57.5,55.36,52.08,58.45,71.19,66.19,61.13,65.48,58.62
2021-03-31,50.71,60.12,56.9,64.7,61.37,62.26,62.86,59.29,58.04,47.2,53.04,59.65,61.61,53.27,65.0,64.58,67.98,59.35,59.64,68.57,61.31,55.12,50.3,57.86,59.88,55.36,52.74,56.9,60.83,62.92,62.62,67.62,66.67,55.23,66.78,54.29,65.29,61.01,49.23,57.5,55.36,52.08,58.45,71.19,66.19,60.24,65.48,58.62
2021-04-01,50.71,58.33,56.9,64.7,61.37,63.69,62.86,59.29,58.04,47.2,53.04,59.64,61.61,53.26,65.0,64.58,67.98,59.35,59.64,68.57,61.31,55.12,50.3,56.07,58.69,55.36,52.74,56.9,60.83,62.92,62.62,63.43,66.67,55.21,66.77,54.29,65.26,61.01,49.23,57.5,55.36,52.08,56.67,71.19,66.19,60.24,65.48,58.6
2021-04-02,50.71,55.95,54.52,64.7,62.8,62.5,60.48,59.29,58.04,44.82,50.65,59.62,59.23,50.85,62.62,62.8,65.6,59.35,59.64,66.19,61.31,55.12,47.92,53.69,58.69,52.98,52.74,58.33,60.83,62.92,60.24,63.37,64.29,55.2,66.75,54.29,65.2,58.63,46.85,55.12,55.36,49.7,56.67,71.19,65.51,60.24,65.48,56.22
2021-04-03,50.71,55.95,54.52,64.7,61.01,62.5,60.48,59.29,58.04,44.82,50.65,59.61,59.23,50.83,62.62,62.8,65.6,59.35,59.64,66.19,61.31,55.12,47.92,53.69,58.69,52.98,52.74,58.33,60.83,61.73,60.24,63.33,64.29,55.18,66.73,54.29,65.15,58.63,46.85,55.12,55.36,45.24,56.67,71.19,65.49,60.24,65.48,56.22
2021-04-04,50.71,55.95,54.52,64.7,61.01,62.5,60.48,59.29,58.04,44.82,50.65,59.59,59.23,50.81,62.62,62.8,66.79,59.35,59.64,66.19,61.31,55.12,47.92,53.69,58.69,52.98,52.74,58.33,60.83,61.73,60.24,63.31,64.29,55.17,66.72,54.29,65.09,58.63,46.85,55.12,55.36,45.24,56.67,71.19,65.47,60.24,65.48,56.18
2021-04-05,50.95,55.95,55.95,64.7,61.01,62.5,60.48,60.71,58.04,49.11,52.08,59.58,59.23,50.8,55.95,62.8,66.79,59.35,59.64,69.05,61.31,55.12,47.92,55.12,58.69,52.98,54.17,58.33,60.83,61.73,63.1,63.3,64.29,55.16,66.7,54.29,65.04,58.63,49.7,56.55,55.36,45.24,56.67,70.6,65.45,63.1,65.48,57.61
2021-04-06,50.95,55.95,53.27,64.7,61.01,62.5,61.9,60.71,58.04,49.11,52.08,59.58,57.44,47.23,55.95,62.8,66.79,59.35,59.64,69.05,61.31,55.12,47.92,55.12,58.69,52.98,54.17,58.33,62.67,61.73,61.9,62.34,64.29,55.16,64.31,54.29,65.01,55.06,49.7,56.55,55.36,45.24,56.67,70.6,65.45,63.1,65.48,57.61
2021-04-07,50.95,55.95,53.27,64.7,61.01,62.5,61.9,60.71,58.04,49.11,52.08,59.56,57.44,47.21,55.95,62.8,66.79,59.35,62.5,69.05,61.31,55.12,47.92,55.12,60.12,52.98,54.17,58.33,62.64,61.73,61.9,62.31,64.29,55.15,64.3,54.29,64.98,55.06,49.7,56.55,55.36,45.24,56.67,70.6,65.43,63.1,65.48,57.6
2021-04-08,50.95,55.95,53.27,64.7,61.01,62.5,61.9,60.71,50.3,49.11,52.08,59.54,57.44,47.19,55.95,62.8,66.79,59.35,62.5,69.05,61.31,55.12,47.92,55.12,60.12,52.98,54.17,58.33,62.61,61.73,61.9,62.29,64.29,55.14,64.29,54.29,64.93,55.06,49.7,56.55,55.36,45.24,56.67,70.6,65.42,63.1,65.48,57.6
2021-04-09,49.17,55.95,53.27,64.7,61.01,62.5,61.9,60.71,50.3,49.11,52.08,59.52,57.44,47.17,55.95,62.8,66.79,59.35,62.5,69.05,61.31,56.55,47.92,55.12,60.12,52.98,54.17,58.33,62.58,61.73,61.9,62.26,64.29,55.12,64.27,54.29,64.9,55.06,49.7,54.76,55.36,45.24,56.67,66.48,65.4,63.1,65.48,57.6
2021-04-10,49.7,55.95,53.27,64.7,61.01,62.5,61.9,60.71,50.3,49.11,52.08,59.5,57.44,47.14,55.95,62.8,66.79,59.35,62.5,69.05,61.31,56.55,47.92,55.12,60.12,52.98,54.17,58.33,62.55,61.73,61.9,62.24,64.29,55.11,64.24,54.29,64.85,55.06,49.7,54.76,55.36,46.43,56.67,66.4,65.38,63.1,65.48,57.6
2021-04-11,49.7,55.95,53.27,64.7,61.01,62.5,61.9,60.71,50.3,49.11,52.08,59.47,57.44,47.11,55.95,62.8,66.79,59.35,62.5,69.05,61.31,56.55,47.92,55.12,60.12,52.98,54.17,58.33,62.53,61.73,61.9,62.21,64.29,55.09,64.22,54.29,64.78,55.06,49.7,52.98,55.36,46.43,56.67,66.34,65.35,63.1,65.48,57.56
2021-04-12,49.7,55.95,53.27,64.7,61.01,62.5,61.9,60.71,50.3,49.11,52.08,60.87,57.44,47.1,55.95,62.8,66.79,59.35,62.5,69.05,61.31,56.55,47.92,55.12,60.12,52.98,54.17,58.33,62.51,64.58,61.9,62.19,64.29,55.09,63.01,54.29,64.74,55.06,49.7,52.98,55.36,46.43,56.67,66.27,65.33,63.1,65.48,56.66
2021-04-13,49.7,55.95,53.27,64.7,61.01,62.5,61.9,54.76,50.3,49.11,52.08,60.87,57.44,47.09,55.95,62.8,66.79,61.31,62.5,69.05,61.31,56.55,47.92,56.55,60.12,52.98,54.17,58.33,62.49,64.58,61.9,62.17,64.29,55.08,63.0,57.14,64.68,55.06,49.7,52.98,55.36,46.43,56.07,66.27,65.32,63.1,65.48,56.65
2021-04-14,49.7,55.95,53.27,64.7,61.01,62.5,61.9,54.76,50.3,49.11,52.08,60.86,57.44,47.07,55.95,62.8,66.79,61.31,62.5,69.05,61.31,56.55,47.92,56.55,60.12,52.98,54.17,58.33,62.47,64.58,61.9,62.15,64.29,55.07,62.99,57.14,64.66,55.06,49.7,52.98,55.36,46.43,56.07,66.18,65.3,63.1,65.48,56.64
2021-04-15,49.7,55.95,53.27,67.56,61.01,62.5,61.9,52.98,50.3,49.11,52.08,60.84,57.44,47.05,55.95,62.8,66.79,61.31,62.5,69.05,61.31,56.55,47.92,56.55,60.12,52.98,54.17,58.33,62.45,64.58,61.9,62.14,64.29,55.06,62.97,57.14,64.62,55.06,49.7,52.98,55.36,46.43,56.07,66.13,68.14,63.1,65.48,56.64
2021-04-16,49.7,55.95,53.27,67.56,53.27,62.5,61.9,52.98,50.3,49.11,52.08,60.82,57.44,47.02,55.95,62.8,66.79,61.31,62.5,69.05,61.31,56.55,47.92,56.55,60.12,52.98,54.17,58.33,62.43,64.58,61.9,62.12,64.29,55.05,62.95,57.14,64.58,55.06,49.7,51.19,55.36,46.43,56.07,66.08,68.13,63.1,65.48,56.63
2021-04-17,49.7,55.95,53.27,67.56,53.27,62.5,61.9,52.98,50.3,49.11,52.08,60.8,57.44,47.0,55.95,62.8,66.79,61.31,62.5,69.05,61.31,56.55,47.92,56.55,60.12,52.98,54.17,58.33,62.4,64.58,61.9,62.1,64.29,55.04,62.94,57.14,64.56,55.06,49.7,51.19,55.36,46.43,56.07,66.08,68.11,63.1,65.48,56.63
2021-04-18,49.7,55.95,53.27,67.56,53.27,62.5,61.9,52.98,50.3,49.11,52.08,60.77,57.44,46.97,52.38,62.8,66.79,61.31,62.5,69.05,61.31,56.55,47.92,56.55,60.12,52.98,54.17,58.33,62.39,64.58,61.9,62.07,64.29,55.03,62.92,57.14,64.53,55.06,49.7,51.19,55.36,46.43,58.93,65.99,68.09,63.1,65.48,56.63
2021-04-19,49.7,55.95,52.08,67.56,53.27,62.5,61.9,52.98,50.3,49.11,52.08,62.18,57.44,46.96,52.38,62.8,69.64,61.31,62.5,69.05,61.31,56.55,47.92,56.55,60.12,52.98,54.17,58.33,63.81,68.15,61.9,62.06,64.29,55.02,65.77,57.14,67.36,55.06,49.7,51.19,55.36,46.43,58.93,67.38,68.07,63.1,58.33,58.05
2021-04-20,49.7,55.95,52.08,67.56,53.27,62.5,64.29,52.98,50.3,49.11,52.08,62.17,57.44,46.96,52.38,62.8,69.64,61.31,62.5,69.05,61.31,56.55,47.92,56.55,60.12,52.98,54.17,58.33,62.01,68.15,61.9,60.26,64.29,55.02,65.76,57.14,67.34,55.06,49.7,51.19,55.36,46.43,58.93,67.31,68.06,63.1,60.12,58.03
2021-04-21,47.32,55.95,49.7,67.56,53.27,62.5,64.29,52.98,50.3,46.73,52.08,62.16,57.44,46.95,52.38,62.8,69.64,61.31,60.12,69.05,61.31,56.55,45.54,56.55,60.12,50.6,50.0,58.33,61.99,68.15,61.9,60.25,64.29,55.01,65.75,57.14,67.31,55.06,47.32,51.19,55.36,46.43,58.93,67.3,68.05,63.1,57.74,55.65
2021-04-22,47.32,55.95,49.7,66.37,53.27,62.5,64.29,54.76,50.3,46.73,52.08,62.14,57.44,46.92,52.38,62.8,69.64,61.31,60.12,69.05,61.31,56.55,45.54,56.55,60.12,50.6,50.0,58.33,61.97,68.15,61.9,60.23,64.29,55.0,65.74,57.14,67.29,55.06,47.32,51.19,55.36,46.43,58.93,67.26,68.04,63.1,57.74,55.64
2021-04-23,47.32,55.95,49.7,66.37,53.27,62.5,64.29,54.76,50.3,46.73,52.08,60.92,57.44,46.9,52.38,62.8,69.64,61.31,60.12,69.05,61.31,56.55,45.54,56.55,60.12,50.6,50.0,56.55,61.94,68.15,61.9,60.21,64.29,54.99,65.7,54.76,67.27,55.06,47.32,51.19,55.36,46.43,58.93,67.24,68.02,63.1,57.74,55.63
2021-04-24,47.32,55.95,49.7,66.37,53.27,62.5,64.29,54.76,48.51,46.73,52.08,60.9,57.44,46.87,52.38,62.8,69.64,61.31,60.12,69.05,61.31,56.55,45.54,56.55,60.12,50.6,50.0,56.55,61.92,68.15,61.9,60.19,64.29,54.98,65.68,54.76,67.23,55.06,47.32,51.19,55.36,46.43,58.93,67.2,68.0,63.1,57.74,55.63
2021-04-25,47.32,55.95,49.7,69.94,53.27,62.5,64.29,57.14,48.51,46.73,52.08,60.88,57.44,46.85,52.38,62.8,69.64,61.31,60.12,69.05,61.31,56.55,45.54,56.55,60.12,50.6,50.0,56.55,61.9,62.8,61.9,60.17,64.29,54.97,65.66,54.76,67.19,55.06,47.32,51.19,55.36,46.43,58.93,67.16,67.98,63.1,57.74,55.63
2021-04-26,47.32,55.95,49.7,66.37,53.27,62.5,64.29,57.14,48.51,46.73,52.08,60.87,57.44,46.85,50.6,62.8,69.64,61.31,60.12,69.05,61.31,56.55,45.54,56.55,60.12,50.6,50.0,56.55,61.89,62.8,61.9,60.16,64.29,54.97,65.64,54.76,67.16,55.06,47.32,51.19,55.36,46.43,58.93,67.1,67.96,63.1,57.74,55.61
2021-04-27,47.32,55.95,49.7,66.37,53.27,61.61,64.29,57.14,48.51,46.73,54.46,60.86,57.44,46.84,50.6,62.8,69.64,61.31,58.33,69.05,61.31,56.55,45.54,56.55,60.12,50.6,50.0,56.55,61.87,62.8,61.9,60.15,64.29,54.97,65.63,54.76,67.14,55.06,47.32,46.73,55.36,46.43,58.93,67.07,67.95,63.1,57.74,55.61
2021-04-28,47.32,55.95,49.7,66.37,53.27,61.61,64.29,57.14,48.51,46.73,54.46,60.85,57.44,46.83,50.6,61.9,69.64,59.52,58.33,69.05,61.31,56.55,45.54,56.55,60.12,50.6,50.0,56.55,61.85,62.8,61.9,60.13,64.29,54.96,65.62,54.76,67.11,55.06,47.32,46.73,55.36,46.43,58.93,67.04,67.94,63.1,57.74,55.61
2021-04-29,47.32,55.95,49.7,66.37,53.27,61.61,64.29,55.36,48.51,46.73,54.46,60.83,57.44,46.81,50.6,61.9,69.64,59.52,58.33,69.05,61.31,56.55,45.54,56.55,60.12,50.6,50.0,56.55,61.83,62.8,61.9,60.1,64.29,54.95,65.6,54.76,67.09,55.06,47.32,46.73,55.36,46.43,58.93,67.02,67.92,63.1,57.74,55.6
2021-04-30,47.32,55.95,49.7,66.37,53.27,61.61,64.29,55.36,48.51,46.73,54.46,60.81,57.44,46.8,50.6,61.01,67.86,59.52,58.33,69.05,61.31,56.55,45.54,56.55,58.33,50.6,50.0,56.55,61.81,62.8,61.9,60.08,64.29,53.17,66.77,54.76,67.03,55.06,47.32,46.73,55.36,46.43,58.93,66.98,67.9,63.1,57.74,55.59
2021-05-01,47.32,55.95,49.7,66.37,53.27,59.23,64.29,55.36,48.51,46.73,54.46,60.8,57.44,46.78,48.81,61.01,67.86,57.14,54.76,69.05,61.31,56.55,45.54,56.55,58.33,49.42,50.0,56.55,61.79,62.8,61.9,60.05,64.29,54.05,66.77,54.76,66.98,55.06,47.32,46.73,55.36,46.43,58.93,61.58,67.88,63.1,54.17,55.58
2021-05-02,47.32,55.95,49.7,66.37,53.27,59.23,64.29,55.36,48.51,46.73,54.46,60.78,57.44,46.76,48.81,61.01,67.86,57.14,54.76,69.05,61.31,56.55,45.54,56.55,58.33,49.41,50.0,56.55,61.78,62.8,61.9,60.04,64.29,54.04,66.73,54.76,66.94,55.06,47.32,46.73,55.36,46.43,58.93,61.52,67.86,63.1,54.17,55.58
2021-05-03,47.32,55.95,49.7,66.37,53.27,59.23,64.29,45.54,48.51,46.73,54.46,60.78,57.44,46.76,48.81,61.01,67.86,57.14,54.76,69.05,61.31,56.55,45.54,56.55,58.33,49.41,50.0,56.55,61.76,62.8,61.9,60.03,64.29,54.04,66.72,54.76,66.92,55.06,47.32,46.73,55.36,46.43,57.71,61.48,67.85,63.1,54.17,55.58
2021-05-04,47.32,55.95,49.7,66.37,53.27,59.23,64.29,45.54,48.51,46.73,54.46,60.77,57.44,46.75,48.81,61.01,67.86,57.14,54.76,69.05,61.31,56.55,45.54,56.55,58.33,49.41,50.0,56.55,61.75,62.8,61.9,57.33,64.29,52.85,66.71,54.76,66.88,55.06,47.32,46.73,55.36,48.21,54.72,61.44,67.84,63.1,48.21,55.58
2021-05-05,47.32,55.95,49.7,66.37,53.27,59.23,64.29,45.54,48.51,46.73,54.46,60.77,57.44,46.74,48.81,61.01,67.86,57.14,54.76,69.05,61.31,55.36,45.54,56.55,58.33,49.41,50.0,56.55,61.73,62.8,61.9,57.31,64.29,52.84,66.7,54.76,66.87,55.06,47.32,46.73,55.36,48.21,54.7,61.42,67.83,63.1,48.21,55.57
2021-05-06,47.32,55.95,49.7,66.37,53.27,59.23,64.29,45.54,48.51,46.73,54.46,60.75,57.44,46.73,52.38,61.01,67.86,56.25,54.76,68.44,61.31,55.36,45.54,56.55,58.33,49.4,50.0,56.55,61.7,62.8,61.9,57.29,64.29,52.84,66.68,54.76,66.84,55.06,47.32,46.73,55.36,48.21,54.68,61.38,67.81,63.1,48.21,55.57
2021-05-07,47.32,55.95,49.7,66.37,53.27,59.23,64.29,45.54,48.51,46.73,54.46,60.73,57.44,46.7,52.38,61.01,67.86,56.25,54.76,68.43,61.31,55.36,45.54,54.76,58.33,49.39,50.0,56.55,61.68,62.8,61.9,57.27,64.29,52.83,66.66,59.23,66.78,55.06,47.32,46.73,55.36,48.21,54.65,61.35,67.8,63.1,48.21,56.45
2021-05-08,47.32,55.95,49.7,66.37,53.27,59.23,64.29,45.54,48.51,46.73,54.46,60.71,57.44,46.69,52.38,61.01,67.86,56.25,54.76,68.42,61.31,55.36,45.54,54.76,58.33,49.38,50.0,52.98,61.65,62.8,61.9,57.24,64.29,52.83,66.64,59.23,66.74,55.06,47.32,46.73,55.36,48.21,54.63,61.32,67.78,63.1,48.21,56.44
2021-05-09,47.32,55.95,49.7,66.37,53.27,59.33,64.29,45.54,48.51,46.73,54.46,60.69,57.44,46.67,52.38,61.01,67.86,56.25,54.76,68.41,61.31,55.36,45.54,54.76,58.33,49.37,50.0,52.98,61.63,62.8,60.71,57.22,64.29,52.82,66.6,56.25,66.7,55.06,47.32,46.73,55.36,48.21,54.62,61.23,67.76,63.1,48.21,56.44
2021-05-10,47.32,55.95,49.7,66.37,53.27,59.31,64.29,45.54,48.51,46.73,54.46,60.68,57.44,46.67,52.38,61.01,67.86,56.25,54.76,68.4,61.31,55.36,45.54,54.76,56.55,49.37,50.0,53.27,61.61,62.8,60.71,58.09,64.29,52.82,66.58,56.25,66.66,55.06,47.32,46.73,54.17,48.21,54.6,61.19,67.73,63.1,48.21,56.44
2021-05-11,47.32,55.95,49.7,66.37,53.27,59.31,64.29,45.54,48.51,46.73,48.21,60.67,56.55,46.66,52.38,61.01,67.86,56.25,54.76,68.4,61.31,55.36,45.54,54.76,56.55,49.37,50.0,53.27,61.6,62.8,60.71,58.08,64.29,50.44,66.57,56.25,66.61,52.38,47.32,46.73,54.17,48.21,54.59,60.71,67.71,63.1,48.21,56.43
2021-05-12,47.32,55.95,49.7,66.37,53.27,59.3,64.29,45.54,48.51,46.73,48.21,60.65,56.55,46.65,52.38,61.01,67.86,56.25,54.76,68.39,61.31,55.36,45.54,54.76,58.93,49.36,50.0,53.27,61.58,62.8,60.71,58.06,64.29,50.44,66.55,56.25,66.59,52.38,47.32,46.73,54.17,48.21,54.58,60.71,67.7,63.1,48.21,56.43
2021-05-13,47.32,55.95,49.7,66.37,53.27,59.29,64.29,46.43,48.51,46.73,48.21,60.64,56.55,46.64,50.0,61.01,67.86,56.25,54.76,68.38,61.31,55.36,45.54,54.76,58.93,49.36,50.0,53.27,61.57,62.8,60.13,58.05,64.29,50.43,66.53,56.25,66.54,52.38,47.32,46.73,54.17,48.21,54.56,60.71,67.68,62.55,48.21,56.43
2021-05-14,47.32,55.95,49.7,66.37,53.27,59.28,64.29,46.43,48.51,46.73,48.21,60.63,56.55,46.64,50.0,61.01,67.86,56.25,54.76,68.37,60.42,50.89,45.54,54.76,55.36,49.35,50.0,53.27,61.55,62.08,60.12,58.03,64.29,50.43,65.32,56.25,66.46,52.38,47.32,49.4,54.17,48.21,54.54,59.9,67.66,62.53,48.84,56.42
2021-05-15,47.32,55.95,49.7,66.37,53.27,59.27,64.29,46.43,48.51,46.73,48.21,60.61,56.55,46.63,50.0,61.61,67.86,50.89,54.76,68.37,60.42,50.89,45.54,54.76,55.36,49.34,50.0,53.27,61.53,62.08,60.12,58.02,64.29,50.42,71.25,56.25,66.39,54.17,47.32,49.4,54.17,47.32,52.74,59.89,67.64,62.52,48.83,56.42
2021-05-16,47.32,55.95,49.7,66.37,53.27,59.26,64.29,46.43,48.51,46.73,48.21,58.82,56.55,46.62,50.0,61.61,67.86,50.89,54.76,68.36,60.42,50.89,45.54,54.76,55.36,49.34,50.0,53.27,61.52,62.67,60.11,58.0,64.29,50.42,71.23,56.25,66.33,54.17,47.32,49.4,54.17,47.32,52.73,59.88,67.62,62.5,48.83,56.42
2021-05-17,47.32,55.95,49.7,66.37,53.27,59.25,64.29,46.43,48.51,46.73,48.21,58.81,54.76,46.62,50.0,61.61,64.88,50.89,54.76,68.35,60.42,50.89,45.54,55.65,55.36,49.34,50.0,53.27,61.31,62.67,60.11,57.99,63.61,50.42,71.22,56.25,66.28,54.17,47.32,49.4,54.17,47.32,52.72,59.86,67.6,62.5,48.83,56.42
2021-05-18,47.32,55.95,49.7,66.37,53.27,59.24,64.29,46.43,48.51,45.83,48.21,58.8,54.76,46.62,50.0,61.61,64.88,50.89,54.76,68.35,60.42,48.51,45.54,55.65,55.36,49.34,50.0,53.27,61.31,62.67,60.1,57.98,63.61,53.99,69.42,56.25,61.22,54.17,47.32,49.4,54.17,47.32,52.71,59.85,65.07,62.5,48.83,56.41
2021-05-19,47.32,55.95,47.92,66.37,53.27,59.24,64.29,46.43,48.51,45.83,48.21,58.8,54.76,46.61,50.0,61.61,64.88,50.89,54.76,68.35,60.42,48.51,45.54,55.65,55.36,49.34,50.0,53.27,61.31,62.67,60.1,51.53,63.61,53.98,69.4,56.25,61.2,54.17,47.32,49.4,47.92,47.32,52.69,59.85,65.05,62.49,48.82,56.41
2021-05-20,47.32,55.95,47.92,66.37,53.27,59.23,64.29,46.43,48.51,45.83,48.21,58.78,54.76,46.6,50.0,61.61,64.88,50.89,54.76,68.34,60.42,48.51,45.54,55.65,55.36,49.33,50.0,53.27,61.31,62.67,60.1,51.48,62.41,53.98,69.39,56.25,61.15,54.17,47.32,49.4,47.92,47.32,52.68,59.84,65.02,62.48,48.82,56.41
2021-05-21,47.32,55.95,47.92,63.99,53.27,59.22,56.55,46.43,48.51,45.83,48.21,58.77,54.76,46.6,50.0,61.61,64.88,50.89,54.76,68.34,60.42,48.51,45.54,55.65,55.36,49.32,50.0,53.27,61.31,62.67,60.09,51.41,62.41,53.09,69.37,56.25,61.12,54.17,47.32,49.4,47.92,47.32,52.66,59.82,64.99,62.47,48.81,52.83
2021-05-22,47.32,55.95,47.92,63.99,53.27,59.21,56.55,46.43,48.51,45.83,48.21,58.75,54.76,46.59,50.0,61.61,64.88,50.89,54.76,68.33,60.42,48.51,45.54,55.65,55.36,49.32,50.0,53.27,61.31,62.67,60.08,51.36,62.4,53.08,69.35,56.25,61.08,54.17,47.32,49.4,47.92,47.32,52.65,59.81,62.58,62.45,48.81,52.83
2021-05-23,47.32,55.95,47.92,63.99,53.27,59.21,56.55,46.43,48.51,45.83,48.21,58.74,54.76,46.58,50.0,61.61,64.88,50.89,54.76,68.32,60.42,48.51,45.54,55.65,55.36,49.31,51.79,53.27,61.31,62.67,60.08,51.32,62.4,53.08,69.33,56.25,61.04,54.17,47.32,49.4,47.92,47.32,52.63,59.79,62.55,62.44,48.8,52.83
2021-05-24,47.32,55.95,47.92,63.99,53.27,59.2,56.55,46.43,48.51,45.83,48.21,58.74,54.76,46.58,50.0,61.61,64.88,50.89,54.76,68.32,60.42,48.51,45.54,55.65,48.81,49.31,51.79,53.27,61.31,60.29,60.08,51.29,62.4,53.08,69.31,56.25,61.02,54.17,48.21,49.4,47.92,47.32,52.63,59.79,58.95,62.44,48.8,52.83
2021-05-25,48.21,55.95,47.92,63.99,53.27,59.19,56.55,46.43,48.51,45.83,48.21,58.73,54.76,46.58,50.0,61.61,64.88,50.89,48.81,68.32,60.42,48.51,45.54,55.65,48.81,49.31,51.79,53.27,61.31,60.29,60.07,51.26,62.4,53.08,69.3,56.25,61.01,54.17,48.21,49.4,47.92,47.32,52.62,59.79,58.94,62.44,48.8,52.82
2021-05-26,48.21,55.95,47.92,63.99,53.27,59.19,56.55,46.43,48.51,45.83,48.21,58.73,54.76,46.57,50.0,61.61,64.88,50.89,48.81,68.32,60.42,48.51,45.54,55.65,48.81,49.31,51.79,53.27,61.31,60.29,60.07,51.22,62.39,53.08,69.29,56.25,61.0,54.17,48.21,49.4,47.92,47.32,52.61,59.79,58.92,62.43,48.8,52.82
2021-05-27,48.21,55.95,47.92,63.99,53.27,59.18,56.55,46.43,48.51,45.83,48.21,58.72,54.76,46.57,50.0,61.61,64.88,50.89,48.81,68.31,60.42,48.51,45.54,55.65,48.81,49.3,51.79,53.27,61.31,60.29,60.07,51.18,62.39,53.08,69.27,56.25,60.96,54.17,48.21,49.4,47.92,47.32,52.6,59.76,58.9,62.42,48.79,52.82
2021-05-28,48.21,55.95,47.92,63.99,53.27,59.17,56.55,46.43,48.51,45.83,48.21,58.72,54.76,45.66,51.79,59.82,64.88,50.89,48.81,68.3,48.51,48.51,45.54,55.65,48.81,49.3,51.79,53.27,59.52,60.29,60.06,51.14,62.39,53.07,69.26,56.25,60.93,54.17,48.21,49.4,47.92,47.32,47.81,59.75,58.9,62.42,48.79,52.82
2021-05-29,48.21,55.95,47.92,63.99,53.27,59.17,56.55,46.43,48.51,45.83,48.21,58.7,54.76,45.65,51.79,59.82,52.98,50.89,48.81,68.3,48.51,48.51,45.54,55.65,48.81,49.29,51.79,53.27,59.52,60.29,60.06,51.1,62.38,53.07,69.24,56.25,60.9,54.17,48.21,49.4,47.92,47.32,47.8,59.74,58.85,62.41,48.79,52.81
2021-05-30,48.21,55.95,47.92,63.99,53.27,59.16,56.55,46.43,48.51,45.83,48.21,58.69,54.76,45.65,51.79,59.82,52.08,50.89,48.81,68.3,48.51,48.51,45.54,55.65,48.81,49.29,51.79,53.27,59.52,60.29,60.06,51.06,62.38,53.07,69.22,56.25,60.88,54.17,48.21,49.4,47.92,47.32,47.79,59.72,58.82,62.4,48.79,52.81
2021-05-31,48.21,55.95,47.92,63.99,53.27,59.16,56.55,46.43,48.51,45.83,48.21,58.69,54.76,43.87,51.79,59.82,52.08,50.89,48.81,68.3,48.51,48.51,45.54,55.65,48.81,49.29,51.79,53.27,59.52,58.21,58.27,51.06,62.38,53.07,69.22,56.25,60.88,54.17,48.21,49.4,47.92,46.13,47.79,59.72,58.82,62.4,46.41,52.81
2021-06-01,43.45,55.95,47.92,63.99,53.27,51.42,55.36,46.43,48.51,45.83,48.21,58.69,52.98,42.08,51.79,59.82,52.08,50.89,48.81,57.58,48.51,48.51,45.54,55.65,48.81,49.29,51.79,53.27,59.52,58.21,49.34,51.02,62.38,53.07,69.2,56.25,60.86,54.17,48.21,45.83,47.92,46.13,47.78,56.3,58.81,62.4,46.4,50.43
2021-06-02,43.45,55.95,47.92,62.8,53.27,51.42,55.36,46.43,48.51,45.83,48.21,58.68,52.98,42.08,51.79,59.82,52.08,50.89,48.81,57.58,49.4,48.51,45.54,55.65,48.81,49.29,51.79,53.27,59.52,58.21,49.34,51.0,51.79,53.07,69.2,52.38,60.84,54.17,48.21,45.83,47.92,46.13,47.78,56.28,58.8,59.72,46.4,50.43
2021-06-03,43.45,55.95,47.92,62.8,53.27,51.42,55.36,46.43,48.51,45.83,48.21,58.68,52.98,42.07,51.79,59.82,52.08,50.89,47.02,57.58,49.4,48.51,45.54,55.65,48.81,49.29,51.79,53.27,59.52,58.21,49.33,50.98,51.79,53.06,69.19,52.38,60.82,54.17,48.21,45.83,47.92,46.13,47.78,56.27,58.78,59.71,46.4,50.43
2021-06-04,43.45,55.95,47.92,66.37,53.27,51.42,55.36,46.43,48.51,45.83,48.21,58.67,52.98,42.07,51.79,59.82,52.08,50.89,47.02,57.57,49.4,48.51,45.54,55.65,48.81,49.28,51.79,53.27,52.98,60.59,49.33,50.95,51.79,53.06,69.18,52.38,60.8,54.17,48.21,45.83,47.92,46.13,47.77,56.25,58.76,59.71,46.4,50.43
2021-06-05,43.45,55.95,47.92,66.37,53.27,51.42,55.36,46.43,48.51,45.83,48.21,58.67,52.98,42.07,51.79,58.65,52.08,50.89,47.02,57.57,49.4,48.51,45.54,55.65,48.81,49.28,51.79,53.27,52.98,60.59,49.33,50.91,51.79,53.06,69.17,52.38,60.77,54.17,48.21,45.83,47.92,46.13,47.76,56.21,58.76,59.71,46.39,50.42
2021-06-06,43.45,55.95,47.92,66.37,53.27,51.4,55.36,46.43,48.51,45.83,48.21,58.67,52.98,42.06,51.79,58.65,52.08,50.89,47.02,57.57,49.4,46.73,45.54,52.08,48.81,49.28,51.79,53.27,52.98,60.44,49.33,50.89,51.79,53.06,69.15,52.38,60.76,54.17,48.21,45.83,47.92,46.13,47.74,56.17,58.72,59.69,46.39,50.42
2021-06-07,43.45,55.95,47.92,66.37,53.27,51.4,55.36,46.43,48.51,45.83,48.21,56.27,52.98,48.01,51.79,58.65,52.08,50.89,47.02,57.56,49.4,46.73,45.54,52.08,48.81,49.27,51.79,53.27,52.98,60.44,49.32,50.83,51.79,53.06,69.15,52.38,60.71,54.17,48.21,45.83,47.92,46.13,47.74,56.14,58.7,59.68,46.38,50.42
2021-06-08,43.45,55.95,47.92,64.58,53.27,51.39,55.36,46.43,48.51,45.83,48.21,56.26,52.98,48.0,51.79,58.65,54.46,50.89,47.02,57.56,49.4,46.73,45.54,52.08,48.81,49.27,51.79,53.27,52.98,60.43,49.32,50.79,51.79,53.05,69.13,52.38,60.69,54.17,48.21,45.83,47.92,46.13,47.73,56.11,58.69,59.68,46.38,50.42
2021-06-09,43.45,55.95,47.92,64.58,53.27,51.39,55.36,46.43,48.51,45.83,48.21,56.26,52.98,48.0,51.79,58.64,54.46,50.89,47.02,57.55,49.4,46.73,45.54,52.08,48.81,49.27,51.79,53.27,52.98,60.43,49.32,50.75,51.79,53.05,69.12,52.38,60.68,54.17,48.21,45.83,45.54,46.13,47.72,53.72,58.69,59.67,46.38,50.41
2021-06-10,42.39,54.8,46.59,64.58,51.58,49.37,53.75,44.96,47.3,44.21,47.01,56.25,51.67,47.99,50.37,57.49,52.42,49.08,47.02,55.99,47.69,45.46,44.54,50.64,48.81,49.27,50.22,51.39,51.15,58.67,47.95,50.75,50.3,53.05,69.12,50.74,60.67,52.91,46.66,44.66,45.54,44.93,47.71,51.57,58.67,59.67,45.12,49.25
2021-06-11,42.38,54.8,46.58,64.58,51.57,49.37,53.74,44.96,47.3,44.21,47.01,48.51,51.66,47.99,46.08,57.49,52.42,49.08,47.02,55.99,47.69,45.46,44.54,50.64,48.81,49.26,50.22,51.38,51.15,58.66,47.94,50.69,50.3,53.05,69.1,49.43,60.64,52.91,46.66,44.66,45.54,44.92,47.7,51.57,58.65,59.67,45.11,49.25
2021-06-12,42.37,54.8,46.57,64.58,51.56,49.35,53.73,44.95,47.3,44.21,47.0,48.5,51.65,47.98,46.07,57.48,52.41,49.07,47.02,55.97,47.68,45.45,44.54,50.64,48.81,49.26,50.22,51.37,51.15,58.65,47.92,50.65,50.29,53.05,69.09,49.41,60.61,52.9,46.65,44.66,45.54,44.91,47.69,51.5,58.63,59.66,45.1,49.23
2021-06-13,42.36,54.79,46.57,64.58,51.55,49.33,53.72,44.94,47.3,44.2,47.0,48.49,51.64,46.78,46.05,57.48,52.4,49.05,47.02,55.95,47.67,45.44,44.54,50.63,48.81,49.25,50.21,51.37,51.15,58.62,47.91,50.6,50.28,53.04,69.07,45.83,60.56,52.89,46.65,44.65,45.54,44.91,47.68,51.43,58.61,59.65,45.09,49.23
2021-06-14,42.36,54.79,46.56,64.58,51.55,49.32,53.71,44.91,47.3,44.19,46.98,48.47,51.62,46.78,46.03,57.45,52.39,49.04,47.02,55.94,47.66,45.42,44.53,50.63,48.81,49.25,50.21,51.37,51.15,58.62,47.9,50.55,50.27,53.03,69.06,45.82,60.53,52.89,46.64,44.63,45.54,44.89,47.67,49.4,58.59,59.64,45.07,49.22
2021-06-15,42.36,54.78,46.56,50.58,51.54,49.29,53.7,44.91,47.3,44.18,46.97,48.46,51.61,46.77,44.83,57.45,52.38,49.02,47.02,55.93,47.65,44.23,44.52,50.62,48.81,49.25,50.19,51.35,51.15,58.6,47.9,51.7,50.27,53.01,69.04,45.81,60.5,52.88,46.64,44.62,47.92,44.87,47.66,44.78,58.57,49.51,45.07,49.21
2021-06-16,42.35,54.78,46.56,50.54,51.51,49.28,53.7,44.91,47.3,44.18,46.97,48.46,51.61,46.77,44.83,57.44,52.38,49.0,47.02,55.93,47.64,44.23,44.52,50.62,48.81,49.25,50.19,51.34,51.15,58.57,47.87,51.64,50.26,53.01,69.03,45.81,60.5,52.87,46.64,44.62,47.92,44.87,47.64,44.77,58.57,49.51,45.06,49.21
2021-06-17,42.32,54.77,46.54,50.52,51.5,49.26,53.68,44.88,47.27,44.17,46.96,48.44,51.6,46.76,44.8,57.44,52.35,48.99,47.02,55.9,47.63,44.21,44.51,50.61,48.81,49.24,50.18,51.33,51.15,58.56,47.87,51.59,50.25,53.0,69.02,45.78,60.44,52.87,46.63,44.61,47.92,44.85,47.64,44.76,58.53,49.5,45.05,49.21
2021-06-18,42.32,54.77,46.54,50.5,51.5,49.25,53.67,44.88,47.27,44.17,46.96,48.43,51.59,46.76,44.79,57.43,52.34,48.98,47.02,55.9,47.62,44.18,44.51,50.6,48.81,49.24,50.17,51.33,51.15,58.54,47.85,51.56,50.24,52.99,69.01,45.77,60.42,52.86,46.62,44.61,47.92,44.85,47.62,44.75,58.51,49.5,45.05,49.2
2021-06-19,42.32,54.77,46.53,50.48,51.49,49.23,53.66,44.87,47.27,44.16,46.96,48.43,51.59,46.75,44.77,57.43,52.33,48.97,47.02,55.88,47.61,44.18,44.51,50.6,48.81,49.23,50.17,51.32,51.15,58.53,47.84,51.52,50.24,52.99,69.0,45.76,60.4,52.86,46.62,44.6,47.92,44.85,47.61,44.74,58.5,49.49,45.04,49.19
2021-06-20,42.31,54.76,46.53,50.46,51.48,49.23,53.66,44.86,47.27,42.96,46.95,48.42,51.59,46.75,44.77,57.42,52.33,48.97,47.02,55.88,47.61,44.18,44.51,50.6,48.81,49.23,50.17,51.32,51.15,58.5,47.84,51.49,50.23,52.98,68.99,45.76,60.4,52.85,46.62,44.6,47.92,44.85,47.61,44.73,58.48,49.48,45.04,49.19
2021-06-21,42.31,54.76,46.53,50.45,49.69,49.22,53.65,44.86,47.27,42.96,46.95,48.41,51.58,46.75,44.76,57.42,52.32,48.97,47.02,55.86,47.6,44.18,44.51,50.59,48.81,49.23,50.17,51.31,51.15,58.5,47.82,51.47,50.23,52.98,68.99,45.75,60.36,52.85,46.62,44.6,47.92,44.85,45.22,44.72,58.47,49.48,45.01,49.19
2021-06-22,42.31,54.76,46.52,50.44,49.68,49.21,53.64,44.85,47.25,42.96,46.95,48.41,51.58,46.75,44.76,57.42,52.31,48.96,47.02,50.02,47.6,44.18,44.5,50.59,48.81,49.23,50.15,51.31,51.15,58.5,47.82,51.45,50.22,52.98,68.99,45.75,54.99,52.85,46.61,44.6,47.92,44.83,45.22,44.72,58.47,49.48,45.01,49.18
2021-06-23,42.31,54.75,46.52,50.43,49.67,49.21,53.64,44.85,47.25,42.96,46.95,48.41,51.58,46.74,44.75,56.22,52.31,48.96,47.02,50.02,47.6,44.17,44.5,50.59,48.81,49.23,50.15,51.31,51.15,58.49,47.82,51.43,50.22,52.98,68.98,45.74,54.98,52.83,46.61,44.59,47.92,44.83,45.21,44.72,58.46,49.47,45.01,49.18
2021-06-24,42.3,54.75,46.51,50.42,49.65,49.2,53.64,44.84,47.24,42.95,46.95,48.4,51.57,46.74,44.75,53.84,52.3,48.95,47.02,50.01,47.6,44.17,44.49,48.21,48.81,49.22,50.11,51.31,51.15,58.48,47.81,51.4,50.22,52.98,68.98,45.74,54.96,52.83,46.61,44.59,47.92,44.82,45.21,44.71,58.45,49.47,45.0,49.18
2021-06-25,42.3,54.75,46.51,50.4,49.64,49.19,53.63,44.83,47.24,42.95,46.94,48.4,51.57,44.96,44.74,53.83,52.3,48.94,47.02,48.82,47.59,44.17,44.49,48.21,48.81,49.22,50.1,51.3,51.05,58.46,47.81,51.38,50.21,52.97,68.97,45.73,54.95,52.83,46.61,44.59,47.92,44.82,45.2,44.71,58.44,49.47,44.99,49.17
2021-06-26,42.3,54.74,46.51,50.38,49.62,49.18,53.62,44.83,47.24,42.94,46.94,48.39,51.57,44.95,44.73,53.83,52.29,48.94,47.02,48.81,47.59,44.16,44.49,48.2,48.81,49.22,50.1,51.3,51.04,58.45,47.8,51.34,50.21,52.97,68.96,45.72,54.93,52.82,46.6,44.58,47.92,44.82,45.2,44.71,58.43,49.46,44.99,49.16
2021-06-27,42.3,54.74,46.5,50.35,49.6,49.16,53.6,44.83,47.24,42.94,46.93,48.38,51.56,44.94,44.72,53.83,52.28,48.9,47.02,48.81,47.58,44.15,44.49,48.19,48.81,49.21,50.1,51.3,51.02,58.44,47.78,51.26,50.2,52.96,68.96,45.72,54.91,52.81,46.6,44.58,47.92,44.82,45.19,44.7,58.42,49.44,44.98,49.16
2021-06-28,42.29,54.74,46.49,50.33,49.59,49.14,53.58,44.8,47.24,42.93,46.93,48.36,51.56,44.94,44.7,53.82,52.27,48.9,47.02,48.81,47.57,44.15,44.49,48.19,48.81,49.21,48.31,51.29,51.01,58.43,47.76,51.25,50.19,52.96,68.95,45.71,54.88,52.8,46.6,44.57,47.92,44.82,45.18,44.69,58.4,49.43,44.98,49.16
2021-06-29,42.29,54.73,46.49,50.33,49.58,49.14,53.58,44.8,47.21,42.93,46.93,45.61,51.55,46.72,44.7,53.82,52.27,48.9,47.02,48.79,47.57,44.15,44.48,48.19,48.81,49.21,48.3,51.29,51.01,58.43,47.76,51.23,50.19,52.96,68.95,45.71,50.11,52.79,46.59,44.57,47.92,44.8,45.18,44.68,58.39,49.43,44.97,49.14
2021-06-30,42.29,54.73,46.48,50.31,49.57,49.13,53.57,44.79,47.2,42.93,46.92,45.6,51.55,46.71,44.69,53.81,52.26,48.89,47.02,48.79,47.55,44.14,46.86,43.11,48.81,49.21,48.3,51.29,51.01,58.39,47.75,51.21,50.19,52.96,52.29,45.7,50.1,52.79,46.59,44.57,47.92,44.8,45.17,44.68,47.03,49.42,44.96,49.14
2021-07-01,42.28,54.73,46.38,50.3,48.67,49.12,53.57,44.79,47.2,42.92,46.92,45.6,51.31,49.09,44.69,53.8,52.26,48.89,47.02,48.79,47.54,44.14,46.85,43.11,48.81,49.21,48.29,52.17,51.0,52.43,47.75,51.19,50.19,52.95,52.25,45.7,50.09,52.79,46.59,44.56,47.92,44.79,43.93,44.68,47.01,49.42,44.96,49.14
2021-07-02,42.28,54.72,45.18,50.28,48.66,49.11,53.56,44.78,47.2,42.92,46.92,45.6,51.3,49.09,44.68,53.79,52.25,48.88,47.02,48.78,47.54,45.92,46.85,43.1,48.81,49.2,48.29,52.17,51.0,52.42,47.74,51.17,50.18,52.95,52.25,45.69,50.08,52.78,46.58,44.56,47.92,44.79,43.92,44.67,46.99,49.42,44.95,49.13
2021-07-03,42.28,54.72,45.18,50.27,48.65,49.11,53.56,44.78,47.2,42.92,46.92,45.6,51.13,49.09,44.68,53.78,52.25,48.88,47.02,48.78,47.54,45.92,46.85,43.1,48.81,49.2,48.29,52.15,50.99,52.41,47.73,51.14,50.18,52.95,52.24,45.68,50.07,52.78,46.58,44.49,47.92,44.79,43.91,44.67,46.97,49.41,44.95,49.09
2021-07-04,42.28,54.72,45.17,50.26,48.64,49.1,53.56,44.77,47.2,42.91,46.91,45.6,51.12,49.09,44.67,51.4,52.24,48.87,47.02,48.78,47.53,44.72,46.85,43.1,48.81,49.2,48.29,52.15,50.99,52.4,47.73,51.12,50.18,52.95,52.23,45.68,50.06,52.78,46.58,44.49,47.92,44.79,43.91,44.66,46.95,49.4,44.95,49.09
2021-07-05,42.28,54.72,45.17,50.26,48.64,49.1,53.56,44.77,47.2,42.91,46.91,45.6,48.45,49.09,44.67,51.4,52.24,48.87,47.02,48.78,47.53,44.72,46.85,43.1,47.31,49.2,48.29,52.15,50.99,52.4,47.73,51.12,50.18,52.95,52.23,45.68,50.06,52.78,46.58,44.49,47.92,44.79,43.91,44.66,46.95,49.4,44.95,49.09
2021-07-06,42.27,54.72,45.17,50.25,48.64,49.1,53.55,44.77,47.19,42.91,46.91,45.59,48.44,49.08,44.67,51.4,52.24,48.87,47.02,48.78,47.53,44.72,44.47,43.1,47.3,49.2,48.29,52.14,50.98,52.4,47.72,51.11,50.17,51.76,52.23,45.68,52.43,52.77,46.58,44.49,47.92,44.79,43.9,44.66,46.93,49.39,44.94,49.09
2021-07-07,39.89,54.71,45.17,50.25,48.63,49.1,53.55,44.77,47.19,42.91,46.91,45.59,48.44,49.08,44.67,51.39,52.24,48.86,47.02,48.78,47.53,44.72,44.35,43.1,47.3,49.2,48.29,52.14,50.98,54.78,47.72,51.09,50.17,51.76,52.23,45.67,52.43,52.77,46.58,44.48,47.92,44.78,43.9,44.66,46.91,49.39,44.94,49.09
2021-07-08,39.89,54.71,45.17,50.24,48.62,49.09,53.55,44.77,47.18,42.91,46.91,45.59,48.43,49.08,44.66,51.39,52.23,48.86,47.02,48.77,47.53,44.72,44.35,43.09,46.7,49.2,48.28,52.13,50.97,54.77,47.71,51.07,50.17,51.75,52.23,45.67,52.42,52.77,46.57,44.48,47.92,44.78,43.89,44.66,46.89,49.39,44.86,49.07
2021-07-09,39.89,54.71,45.16,50.22,48.62,49.08,53.54,44.76,47.18,42.91,46.91,45.59,48.42,49.08,44.66,51.39,52.23,48.86,47.02,48.76,47.52,44.72,44.35,43.09,46.7,49.19,48.28,52.13,50.97,54.77,47.71,51.06,50.17,51.75,52.23,45.66,52.41,52.77,46.57,44.48,47.92,44.77,43.88,44.66,46.87,49.39,44.86,49.07
2021-07-10,39.88,54.71,45.16,50.21,48.61,49.08,53.54,44.76,47.18,42.9,46.9,45.59,48.42,49.08,45.84,51.38,52.23,48.85,47.02,48.76,47.52,44.71,44.35,43.09,46.69,49.19,48.28,52.13,50.97,54.76,47.7,51.04,50.16,51.75,52.22,45.66,52.4,52.76,46.57,44.48,47.92,44.77,43.88,44.66,46.86,49.38,44.86,49.07
2021-07-11,39.88,54.7,45.15,50.2,48.6,49.07,53.53,44.75,47.18,42.9,46.9,45.59,48.41,49.07,45.84,51.38,52.23,48.85,47.02,48.76,47.52,44.71,44.35,43.09,46.69,49.19,50.07,52.13,50.96,54.76,47.7,51.02,50.16,51.75,52.22,45.66,52.39,52.76,46.57,44.47,47.92,44.77,43.87,44.66,46.84,49.38,44.86,49.07
2021-07-12,39.88,54.7,45.15,50.19,48.6,49.07,53.53,44.75,47.18,42.9,46.9,45.59,48.41,49.07,45.83,51.38,52.22,48.85,47.02,48.75,47.52,44.71,44.35,43.09,46.69,49.19,50.06,52.12,50.96,54.75,47.7,51.01,50.16,51.75,49.83,45.65,52.38,52.76,46.57,44.47,47.92,44.77,43.87,44.66,45.49,49.38,44.86,49.07
2021-07-13,39.88,54.7,45.15,50.19,48.59,49.06,48.76,44.75,47.18,42.9,46.9,45.58,48.41,49.07,45.83,51.38,49.84,48.84,47.02,48.75,47.52,44.71,44.34,43.09,46.69,49.19,50.06,52.12,50.96,54.75,47.69,51.0,50.16,51.75,49.83,45.65,52.38,52.76,46.57,44.47,47.92,44.77,43.86,44.66,45.48,49.38,44.86,49.06
2021-07-14,39.88,54.7,45.15,50.18,48.58,49.06,48.76,44.74,47.17,42.9,46.9,45.58,48.4,49.07,45.83,51.37,49.84,48.84,47.02,48.75,47.51,44.71,44.34,43.08,46.68,49.19,49.19,52.12,50.95,54.75,47.69,50.99,50.16,51.75,49.83,45.65,52.37,52.76,46.56,44.47,47.92,44.58,43.86,44.66,45.47,49.38,44.85,49.06
2021-07-15,39.87,54.7,45.15,50.17,48.58,49.06,48.76,44.74,47.17,42.9,46.9,45.58,48.4,49.07,45.82,51.37,49.84,48.84,47.02,48.75,47.51,44.7,44.34,43.08,46.68,49.19,49.19,52.12,50.95,54.74,47.69,50.97,50.16,51.74,49.82,45.64,52.36,52.75,46.56,44.47,47.92,44.57,43.85,44.66,45.45,49.37,44.85,49.05
2021-07-16,39.87,54.69,45.14,50.16,48.57,49.05,48.75,44.74,47.17,45.27,46.9,45.58,48.39,49.06,45.82,51.37,49.83,48.83,47.02,48.75,47.51,44.7,44.34,43.08,46.68,49.18,49.18,52.12,50.95,54.74,47.68,50.96,50.15,51.74,49.82,45.64,52.36,52.75,46.56,44.46,47.92,44.57,43.85,44.66,45.44,49.37,44.85,49.05
2021-07-17,39.87,54.69,45.14,49.26,48.57,49.05,48.75,44.73,47.17,45.27,46.89,45.58,48.39,49.06,45.82,51.37,49.83,48.83,47.02,48.74,47.51,44.69,44.33,43.08,46.68,49.18,49.18,52.11,50.94,54.73,47.68,50.95,50.15,51.74,49.82,45.63,52.35,52.75,46.56,44.46,47.92,44.57,43.84,44.66,45.42,49.37,44.85,49.05
2021-07-18,39.87,54.69,45.14,49.25,48.56,49.04,48.75,44.73,47.17,45.27,46.89,45.58,48.38,49.06,45.81,51.37,49.83,48.83,47.02,48.74,47.5,44.69,44.33,43.08,46.67,49.18,46.8,52.11,50.94,54.73,47.68,50.93,50.15,51.74,49.81,45.63,52.01,52.75,46.56,44.46,47.92,44.57,43.83,44.66,45.41,49.37,44.85,49.05
2021-07-19,42.25,54.69,45.14,49.25,48.56,49.04,48.74,44.72,47.17,45.27,49.28,45.58,47.34,49.06,48.2,51.36,49.82,46.44,49.4,48.74,47.5,44.69,46.71,43.07,49.06,49.18,49.18,52.11,50.94,54.73,47.67,50.92,50.15,51.74,49.81,45.63,49.62,52.74,46.56,44.46,47.92,46.95,43.83,44.66,45.41,49.36,44.85,49.05
2021-07-20,42.25,54.68,46.92,50.13,46.17,49.03,48.74,44.72,47.16,45.27,49.28,44.38,47.34,49.06,48.2,51.36,49.82,46.44,49.4,48.73,47.5,44.69,46.71,43.07,49.06,49.18,49.17,52.11,50.93,54.72,47.67,50.91,50.15,51.74,49.81,45.62,49.62,52.74,46.56,44.46,51.49,46.94,43.83,44.66,45.39,49.36,44.85,49.05
2021-07-21,42.24,54.68,46.92,50.12,46.17,49.03,48.74,44.72,47.15,45.27,49.28,44.38,47.33,49.05,48.19,51.36,49.82,46.44,49.4,48.73,47.5,44.69,46.71,43.07,49.05,49.18,49.17,52.11,50.93,54.72,47.67,50.9,50.14,51.74,49.81,45.62,49.62,52.74,46.55,44.45,51.49,46.94,43.82,44.66,45.38,49.36,44.85,49.04
2021-07-22,42.24,54.68,46.91,50.11,46.16,49.02,48.74,44.71,47.15,45.26,49.27,44.38,47.32,49.05,48.19,51.36,49.82,46.43,49.4,48.73,47.5,44.68,46.71,43.07,49.05,49.18,49.17,52.1,50.93,54.71,47.66,50.88,50.14,51.73,49.81,45.62,49.61,52.74,46.55,44.45,51.49,46.93,43.82,44.66,45.36,49.36,44.84,49.03
2021-07-23,42.24,54.68,46.91,50.11,46.16,49.02,48.73,44.71,47.15,45.26,49.27,44.38,47.32,49.05,48.18,53.76,52.63,46.43,49.4,48.73,47.5,44.68,46.71,43.07,49.05,49.18,49.17,52.1,50.92,54.71,47.66,50.87,50.14,51.73,49.8,45.61,49.61,52.74,46.55,44.45,51.49,46.93,43.81,44.66,45.35,49.36,44.84,49.03
2021-07-24,42.24,54.67,46.91,50.1,46.15,49.01,48.73,44.71,47.15,45.26,49.27,44.38,47.31,49.0,48.18,53.76,52.63,46.43,49.4,48.72,47.49,44.68,46.7,43.07,49.05,49.17,49.16,52.1,50.92,54.71,47.65,50.85,50.14,51.73,49.8,45.61,49.61,52.73,46.55,44.45,51.49,46.93,43.81,44.66,45.33,49.35,44.84,49.03
2021-07-25,42.23,54.67,46.91,50.09,46.14,49.01,48.73,44.7,47.15,45.26,49.27,46.19,47.3,48.99,48.18,53.75,52.63,46.43,49.4,48.72,47.49,44.67,46.7,43.07,49.04,49.17,49.15,52.1,50.91,54.7,47.65,50.85,50.14,51.73,46.22,45.6,49.61,52.73,46.55,44.44,51.49,46.93,43.8,44.66,45.32,49.35,44.84,49.03
2021-07-26,42.23,54.66,46.9,50.08,46.14,49.01,48.73,44.1,47.15,45.26,49.27,46.18,47.3,48.99,48.17,53.75,52.62,46.42,49.4,48.72,47.49,44.67,46.7,43.06,49.04,49.17,49.15,52.1,50.91,54.7,47.64,50.84,50.14,51.73,46.22,45.6,49.6,52.73,46.54,44.44,51.49,46.93,43.8,44.66,45.31,49.35,44.84,49.03
2021-07-27,42.23,54.66,46.9,50.08,46.14,49.0,48.72,44.1,47.15,45.25,49.27,46.18,47.3,48.99,48.17,53.75,52.62,46.42,49.4,48.72,47.49,44.67,46.7,43.06,49.04,49.17,49.15,52.1,50.91,54.7,47.64,50.82,50.13,50.54,46.22,45.6,49.6,52.73,46.54,44.44,50.3,46.92,43.79,44.66,45.3,49.35,44.84,49.03
2021-07-28,42.23,49.31,46.9,50.07,46.13,49.0,48.72,44.1,47.14,45.25,49.27,46.18,47.29,48.99,48.17,56.13,52.62,46.42,49.4,48.72,47.49,44.67,46.69,43.06,49.04,49.17,49.15,52.09,50.9,54.7,47.64,50.81,50.13,50.54,46.22,45.59,49.6,52.73,46.54,44.44,50.3,46.92,43.79,44.66,45.29,49.35,44.84,49.02
2021-07-29,42.23,49.3,46.9,50.06,46.13,49.0,48.72,44.09,47.13,45.25,49.27,46.18,47.29,48.99,48.17,56.13,52.62,46.42,49.4,48.72,47.48,44.66,46.69,43.06,49.04,49.17,49.14,52.09,50.9,54.69,47.63,50.8,50.13,50.54,46.22,45.59,49.6,52.72,46.54,44.44,48.21,46.92,43.79,44.66,45.28,49.35,44.84,49.01
2021-07-30,43.71,49.3,46.9,48.86,46.12,48.99,48.72,44.09,47.13,44.06,49.26,46.18,47.28,48.98,48.16,56.12,52.61,46.41,49.4,48.71,47.48,44.66,46.69,43.06,49.04,49.17,49.14,52.09,50.89,54.69,46.23,50.78,50.13,50.53,46.21,45.58,49.59,52.72,46.54,44.44,48.21,46.91,43.78,44.66,45.26,49.34,44.83,49.01
2021-07-31,43.71,49.3,46.89,48.85,46.11,48.99,48.71,44.09,47.13,44.06,49.26,46.17,47.27,48.98,48.16,56.12,52.61,46.41,49.4,48.71,47.48,44.65,46.69,43.06,49.03,49.16,49.14,52.09,50.89,54.68,46.23,50.77,50.12,50.53,46.21,45.58,49.59,52.72,46.53,44.43,48.21,46.91,43.78,44.66,45.25,49.34,44.83,49.01
2021-08-01,43.71,49.29,46.89,48.84,46.11,48.98,52.28,44.08,47.13,44.06,49.26,46.17,47.27,48.98,48.15,56.12,52.6,46.41,49.4,49.14,47.48,44.65,46.69,43.06,49.03,49.16,49.13,52.09,50.89,54.67,46.22,50.75,50.12,50.53,46.21,45.57,49.59,52.72,46.53,44.43,48.21,46.91,43.77,44.66,45.23,49.34,44.83,49.01
2021-08-02,43.71,49.29,46.89,48.83,46.11,48.98,52.28,44.08,47.13,44.06,49.26,46.17,47.26,48.98,48.15,56.12,52.6,46.4,49.4,49.14,47.48,44.65,44.9,43.06,48.13,49.16,49.13,52.09,50.88,54.66,46.22,50.75,50.12,50.53,46.21,45.57,49.58,52.72,46.53,44.43,48.21,46.91,43.76,44.66,45.23,49.34,44.83,49.01
2021-08-03,43.71,49.29,46.89,48.83,46.1,48.98,52.28,44.08,47.13,44.05,49.26,46.17,47.26,48.98,48.15,56.12,52.6,46.4,49.4,49.14,47.48,44.65,44.9,43.05,48.13,49.16,49.13,52.08,50.88,54.66,46.22,50.74,50.12,50.53,46.21,45.57,49.58,52.71,46.53,44.43,48.21,46.91,43.76,44.66,45.22,49.34,44.83,49.01
2021-08-04,43.71,49.27,46.89,49.38,46.1,48.98,52.28,44.07,47.13,44.05,49.26,46.17,47.26,48.97,48.14,56.11,52.6,46.4,49.4,49.14,47.47,44.64,44.89,43.05,48.13,49.16,49.13,52.08,50.88,54.66,46.21,50.73,50.12,50.53,46.2,45.57,49.58,52.71,46.53,44.43,48.21,46.9,43.76,44.66,45.21,49.34,44.83,49.01
2021-08-05,43.7,48.37,46.88,49.37,46.09,48.97,52.28,44.07,47.12,44.05,49.25,46.16,47.25,48.97,48.14,56.11,52.59,46.4,49.4,49.14,47.47,44.64,44.89,43.05,48.13,49.16,49.12,52.08,50.88,54.66,46.21,50.71,50.12,50.52,46.2,45.56,49.57,52.71,44.14,44.42,46.9,46.9,43.76,44.66,45.19,49.33,44.83,49.01
2021-08-06,43.7,48.37,46.88,49.36,46.09,48.97,52.27,44.07,47.12,44.05,49.25,46.16,47.25,48.97,48.13,56.11,52.59,46.39,49.4,49.14,47.47,44.64,44.89,43.05,48.13,49.16,49.12,52.08,50.87,54.65,46.21,50.7,50.11,50.52,46.2,45.56,49.57,52.71,44.14,44.42,43.32,46.9,43.75,44.66,45.18,49.33,44.83,48.99
2021-08-07,43.7,48.36,46.88,49.35,46.08,48.96,52.27,44.06,47.12,44.04,49.25,46.16,47.24,48.96,48.12,56.1,52.59,46.39,49.4,49.13,47.47,44.63,44.88,43.05,48.12,49.15,49.11,52.08,50.87,54.65,46.2,50.69,50.11,50.52,46.2,45.55,49.57,52.7,44.14,44.42,43.32,46.89,43.75,44.66,45.17,49.33,44.82,48.99
2021-08-08,43.7,48.36,46.88,49.33,46.07,48.96,52.27,44.06,47.12,44.04,49.25,46.16,47.23,48.96,48.12,56.1,52.59,46.39,49.4,49.13,47.46,44.63,44.87,42.15,48.12,49.15,49.11,52.08,50.87,54.64,46.2,50.67,50.11,50.52,46.2,45.55,49.57,52.7,44.14,44.42,43.32,46.89,43.74,44.66,45.15,49.33,46.01,48.99
2021-08-09,43.69,48.36,46.87,49.33,46.07,48.95,52.27,44.06,47.12,44.04,49.25,46.15,47.23,48.96,48.12,56.1,52.58,46.39,49.4,49.13,47.46,44.62,44.87,42.15,48.12,49.15,49.11,52.08,49.67,54.64,46.19,50.67,50.11,50.52,46.19,45.55,49.56,52.7,44.14,44.41,43.32,46.89,43.74,44.66,45.14,49.32,46.01,48.99
2021-08-10,43.69,48.35,46.87,49.32,46.07,48.95,52.26,44.05,47.11,44.04,49.25,46.15,47.23,48.96,48.12,56.09,52.58,46.38,49.4,49.13,47.46,44.62,44.87,42.15,48.12,49.15,49.11,52.08,49.67,54.64,46.19,50.65,50.11,50.51,46.19,45.54,49.56,52.7,44.13,44.41,43.31,46.88,43.73,44.66,45.14,49.32,46.01,48.98
2021-08-11,43.69,48.35,46.87,49.31,46.06,48.95,52.26,43.16,47.1,44.04,49.25,46.15,47.22,48.95,48.12,56.09,52.58,46.38,49.4,49.13,47.46,44.62,44.87,42.15,48.12,49.15,49.1,52.08,49.67,54.63,46.19,50.64,50.11,50.51,46.19,45.54,49.56,52.7,44.13,44.41,44.8,46.87,43.73,44.66,45.14,49.32,46.01,48.98
2021-08-12,43.69,48.34,46.87,49.31,46.06,48.94,52.26,43.16,47.1,44.04,49.24,46.15,47.21,48.95,48.94,56.09,52.58,46.38,49.4,49.13,47.46,44.61,44.86,42.15,48.11,49.15,49.1,52.08,49.67,54.63,46.18,50.63,50.1,50.51,46.19,45.54,49.55,52.69,44.13,44.41,44.79,46.87,43.72,44.64,45.11,49.32,46.01,48.97
2021-08-13,43.68,48.34,46.86,49.29,47.53,48.94,52.26,43.15,47.1,44.03,49.24,46.15,47.21,48.95,48.93,56.09,52.57,45.18,49.4,47.93,47.45,44.6,44.86,42.15,48.11,49.15,49.09,52.07,49.66,54.62,46.18,50.61,50.1,50.51,46.19,45.53,49.55,52.69,44.12,44.41,44.79,46.87,43.72,44.63,45.1,49.32,46.01,48.97
2021-08-14,43.68,48.33,46.86,49.28,47.53,48.93,52.25,43.15,47.1,44.03,49.24,46.14,47.2,48.94,48.93,56.07,52.57,45.18,49.4,47.93,47.45,44.59,44.85,42.14,48.11,49.14,49.09,52.07,49.66,55.81,46.17,50.6,50.1,50.5,46.18,45.53,49.55,52.69,44.12,44.4,44.78,46.87,43.71,44.63,45.08,49.31,46.0,48.97
2021-08-15,40.11,48.32,43.28,49.27,43.95,45.36,48.68,39.57,47.1,40.46,45.66,42.57,43.62,45.36,48.93,56.07,49.0,41.61,45.83,44.36,43.88,41.02,41.28,38.57,44.53,49.14,45.51,52.07,46.08,52.24,42.6,50.59,46.52,50.5,42.61,41.95,49.55,49.11,40.55,40.83,45.68,46.87,40.14,41.06,45.07,45.74,42.43,45.4
2021-08-16,40.1,44.45,43.28,49.26,43.95,45.35,48.67,39.57,47.1,40.46,45.66,42.57,43.62,45.36,48.92,56.06,48.99,41.61,45.83,44.36,43.88,41.02,41.28,38.57,43.34,49.14,45.5,52.07,46.08,52.23,42.59,50.57,46.52,50.5,42.61,41.95,49.98,49.11,40.55,40.83,45.67,42.11,43.7,41.06,45.06,48.12,42.43,45.4
2021-08-17,40.1,44.44,43.28,49.26,43.94,45.35,48.67,39.56,47.09,40.45,45.66,42.56,43.61,47.74,48.92,57.25,48.99,45.17,45.83,44.36,43.88,41.02,41.27,38.57,43.34,49.14,46.69,52.07,46.07,50.44,42.59,49.66,46.52,50.5,42.61,41.95,49.98,49.1,40.55,40.82,45.67,42.11,43.7,41.05,45.05,48.12,42.43,45.39
2021-08-18,40.09,44.44,43.28,49.25,43.94,45.34,48.67,39.56,47.09,40.45,45.66,42.56,43.61,47.73,48.92,57.24,48.99,45.17,45.83,44.36,41.49,41.02,41.27,38.57,43.34,49.14,46.69,52.06,46.07,50.44,42.58,49.65,46.52,50.49,42.61,41.94,49.97,49.1,40.54,40.82,45.67,42.1,43.69,41.05,45.04,48.12,42.43,45.38
2021-08-19,40.09,44.43,43.27,49.24,43.94,45.34,48.66,39.55,47.08,40.45,45.65,42.56,43.6,47.73,48.91,57.23,48.98,45.17,45.83,44.35,41.49,41.01,41.27,38.57,43.33,49.14,46.68,52.06,46.07,50.43,42.58,49.63,46.51,50.49,42.6,41.94,49.96,49.1,40.54,40.82,48.34,42.1,43.69,41.05,46.08,48.11,42.43,45.38
2021-08-20,40.08,44.42,43.27,49.23,43.93,45.33,48.66,39.55,47.08,40.45,45.65,42.55,43.59,47.73,48.91,57.22,48.98,45.16,46.25,44.35,41.49,41.0,41.25,38.56,43.33,49.13,46.68,52.06,46.06,49.69,42.57,49.6,46.51,50.49,42.6,41.93,49.95,48.2,40.54,40.81,48.34,44.17,43.68,41.05,46.07,48.11,42.43,45.37
2021-08-21,40.08,44.42,43.26,49.22,43.93,43.78,48.66,39.54,47.07,40.44,45.65,42.55,43.58,47.72,48.9,57.22,48.98,45.16,46.25,44.35,41.48,41.0,41.25,38.56,43.32,49.13,46.67,52.06,46.06,49.68,42.56,49.58,46.51,50.49,43.1,41.93,49.94,48.19,40.53,40.81,48.33,44.16,43.67,41.05,46.06,48.11,42.42,45.36
2021-08-22,40.07,44.41,43.26,49.2,43.92,43.77,48.66,39.53,47.07,40.44,45.64,42.55,43.57,47.72,48.9,57.21,48.97,45.16,46.25,44.35,41.48,40.99,41.25,38.56,43.32,49.13,46.67,52.05,46.05,49.68,42.56,49.56,46.5,50.48,43.1,41.92,49.94,48.19,39.64,40.8,51.9,44.16,43.67,41.04,46.04,48.1,42.42,45.36
2021-08-23,40.06,44.4,43.26,49.19,44.96,43.77,48.65,39.53,47.07,41.63,45.64,42.55,43.57,47.71,48.9,57.2,48.97,45.15,46.25,44.35,41.48,42.17,41.25,38.56,43.32,48.23,46.67,52.05,46.05,49.68,42.55,48.14,46.5,50.48,43.1,41.92,49.94,48.19,40.83,40.8,51.9,44.16,43.66,43.0,46.04,48.1,42.42,45.36
2021-08-24,40.06,43.51,43.26,49.19,44.96,43.76,48.0,39.52,48.86,41.63,45.64,42.55,43.56,47.12,48.89,57.2,48.97,45.15,46.24,44.34,41.48,42.17,41.23,38.55,43.31,48.23,46.66,52.05,46.05,49.68,42.55,48.13,47.12,50.48,43.09,41.92,49.93,48.18,40.83,40.8,51.89,44.15,43.66,43.0,46.04,48.1,42.42,45.35
2021-08-25,40.06,43.5,43.25,49.18,44.95,43.75,47.99,39.52,48.84,41.62,45.64,42.54,43.56,47.11,48.89,57.19,48.96,45.15,46.24,44.34,41.48,42.16,41.23,38.55,45.69,48.23,46.66,52.05,46.04,49.67,42.54,48.1,47.12,50.47,43.09,41.91,49.92,48.18,40.82,40.79,51.89,44.15,43.65,43.0,46.04,48.09,42.42,45.35
2021-08-26,40.05,43.49,43.25,49.16,44.94,43.74,47.99,39.52,48.84,41.62,45.63,42.54,43.55,47.11,48.89,57.18,48.96,45.14,46.24,44.34,41.47,42.16,41.23,38.55,45.69,48.22,46.66,52.05,46.04,49.66,42.54,48.08,47.11,50.46,43.09,41.91,49.92,48.18,40.82,40.79,51.88,44.14,43.65,43.0,46.04,48.09,42.42,45.34
2021-08-27,40.03,43.48,43.24,49.15,44.94,43.73,47.98,39.51,48.84,41.62,45.63,42.54,43.54,47.1,48.88,57.17,50.75,45.14,46.24,45.52,41.47,42.15,41.21,38.54,45.68,48.22,46.64,52.05,46.03,49.66,42.53,48.05,47.11,50.46,43.08,41.9,49.91,48.17,40.82,40.78,51.88,44.14,43.64,42.99,46.04,48.09,42.41,45.34
2021-08-28,40.02,43.47,43.24,49.14,44.93,43.72,47.97,39.5,48.83,41.61,45.63,42.54,43.53,47.1,48.87,57.16,50.74,45.13,46.24,45.52,41.46,42.15,41.21,38.54,45.68,48.22,46.63,52.04,46.03,48.46,42.52,48.02,47.11,50.46,43.08,41.9,49.9,48.17,40.81,40.78,51.87,44.13,43.64,42.99,46.04,48.08,42.41,45.34
2021-08-29,40.02,43.47,43.24,49.12,44.92,43.71,47.97,39.49,48.83,41.61,45.62,42.54,43.52,47.09,48.87,57.15,50.74,45.13,46.24,45.51,41.46,42.14,41.21,38.54,45.67,48.21,46.62,52.04,46.02,48.46,42.52,47.99,47.1,50.45,43.07,41.89,49.9,48.16,40.81,40.78,51.87,44.13,43.63,42.99,46.04,48.08,42.41,45.34
2021-08-30,40.01,43.46,43.23,49.11,44.92,43.71,47.96,39.48,48.83,41.61,45.62,42.54,43.51,47.09,48.87,57.15,50.73,45.59,46.24,45.51,41.46,42.14,41.21,38.54,45.67,48.21,46.62,52.04,46.02,48.45,42.51,47.97,47.1,50.45,43.07,41.89,49.9,48.16,40.81,41.97,51.86,44.13,43.62,42.98,46.04,48.07,42.41,45.63
2021-08-31,40.0,43.46,43.23,49.11,45.42,43.7,47.96,39.48,42.87,41.6,45.62,42.54,43.51,48.87,48.86,58.94,50.73,45.58,46.24,45.51,41.45,42.14,41.21,38.54,45.67,48.21,46.62,52.04,46.02,48.45,42.51,47.95,46.21,50.45,43.07,41.89,49.89,48.15,40.81,41.96,51.86,44.13,43.61,42.98,46.04,48.07,42.41,45.62
2021-09-01,40.0,43.45,43.23,49.09,45.42,43.69,47.96,43.04,42.85,41.6,45.62,42.54,43.37,48.87,50.05,58.93,50.73,45.58,46.24,45.5,42.64,42.14,41.19,38.54,45.66,48.21,46.61,52.04,45.0,48.45,42.5,47.92,46.2,50.44,43.06,41.88,49.88,48.15,40.8,41.95,51.86,45.37,43.61,42.98,46.04,48.07,42.41,45.62
2021-09-02,39.99,43.44,43.22,49.08,45.42,43.69,47.95,43.03,42.85,41.6,45.62,42.54,43.37,48.86,50.05,58.93,50.72,45.58,46.23,45.5,42.64,42.13,41.19,38.53,45.66,48.21,46.6,52.04,45.0,48.44,42.5,47.89,46.2,50.44,43.06,41.88,49.88,49.04,40.8,41.95,51.85,45.37,43.6,42.97,46.04,48.07,42.4,45.59
2021-09-03,39.99,43.43,43.19,49.07,46.29,43.68,47.95,43.03,42.84,41.59,45.61,42.54,43.36,48.86,50.05,58.92,50.72,45.57,46.23,45.49,42.63,42.13,41.16,38.53,45.65,48.2,46.6,52.03,44.98,48.44,42.49,47.86,46.2,50.44,43.05,41.87,49.87,49.03,40.79,41.94,51.85,45.36,43.6,42.97,46.04,48.06,42.4,45.58
2021-09-04,39.98,43.42,43.19,49.06,46.29,43.67,47.94,43.02,42.84,41.59,45.61,42.54,43.36,48.85,50.05,58.91,50.71,45.56,46.23,45.49,42.63,42.12,41.15,38.53,45.65,48.2,46.6,52.02,44.98,48.43,42.49,47.83,46.19,50.43,43.05,41.87,49.87,49.03,40.79,41.94,51.84,45.35,43.59,42.97,46.04,48.06,42.4,45.58
2021-09-05,39.98,43.42,43.19,49.06,46.29,43.67,47.94,43.02,42.84,41.59,45.61,42.54,43.36,48.85,50.05,58.91,50.71,45.56,46.23,45.49,42.63,42.12,41.15,38.53,45.65,48.2,46.6,52.02,44.98,48.43,42.49,47.83,46.19,50.43,43.05,41.87,49.87,45.45,40.79,41.94,51.84,45.35,43.59,42.97,46.04,48.06,42.4,45.58
2021-09-06,39.98,43.42,43.19,49.06,46.29,43.67,47.94,43.02,42.84,41.59,45.61,42.54,43.36,48.85,50.05,58.91,50.71,45.56,46.23,45.49,42.63,42.12,41.15,38.53,45.65,48.2,46.6,52.02,44.98,48.43,42.49,47.83,46.19,50.43,43.05,41.87,49.87,45.45,40.79,41.94,51.84,45.35,43.59,42.97,46.04,48.06,42.4,45.58
2021-09-07,39.96,44.6,43.18,49.03,46.28,43.65,47.93,43.02,42.84,41.59,45.6,42.54,43.35,48.85,50.05,58.9,50.71,45.55,46.23,45.48,42.62,42.12,41.15,38.52,45.64,48.19,46.58,52.02,44.96,48.42,42.47,47.77,46.18,50.43,43.04,44.23,49.85,45.44,40.79,41.94,51.83,45.34,43.57,42.95,46.04,48.05,42.4,45.58
2021-09-08,39.96,44.6,43.18,49.03,46.27,43.65,47.93,39.43,42.82,41.58,45.6,42.54,43.35,48.84,50.05,58.9,50.7,45.55,46.23,45.48,42.62,42.11,41.15,38.51,45.63,48.19,46.57,52.02,44.95,48.42,42.47,47.75,46.18,50.42,43.03,44.23,49.85,45.44,40.78,41.92,51.83,45.33,43.57,42.95,46.04,48.05,42.4,45.56
2021-09-09,39.96,44.59,43.18,49.02,46.27,43.64,47.92,39.43,42.82,41.58,45.6,46.11,43.35,48.84,50.05,58.89,50.7,45.54,46.23,45.48,42.62,42.11,41.12,38.51,45.63,48.19,46.57,52.02,44.95,48.42,42.47,47.73,46.18,50.42,43.03,44.23,49.84,45.43,40.78,41.92,51.83,44.44,43.56,42.95,46.04,48.05,42.39,45.56
2021-09-10,39.95,44.58,43.17,49.0,46.26,43.63,47.92,39.42,42.82,41.57,45.59,46.11,43.34,48.84,50.05,58.89,50.7,45.54,46.23,45.47,42.61,42.1,41.12,38.5,45.62,48.18,46.56,52.01,44.94,48.41,42.46,47.69,46.18,50.41,43.02,44.22,49.84,45.43,40.77,41.91,51.82,44.43,43.55,42.95,46.04,48.04,42.39,45.55
2021-09-11,39.94,44.58,43.17,48.99,46.26,43.62,47.92,39.41,42.82,41.57,45.59,46.11,43.33,48.83,50.05,58.88,50.69,45.53,46.23,45.47,42.61,42.1,41.1,38.5,45.62,48.18,46.56,52.01,44.93,48.41,42.46,47.66,46.17,50.41,43.02,44.22,49.83,45.42,40.77,41.91,51.82,44.42,43.55,42.94,46.04,48.04,42.39,45.54
2021-09-12,39.93,44.57,44.06,48.98,46.25,43.62,47.92,39.41,42.82,41.57,45.59,46.11,43.33,47.93,50.05,58.87,50.69,45.53,46.23,45.46,42.61,42.1,41.1,38.5,45.61,48.17,46.56,52.01,44.92,48.41,42.45,47.63,46.17,50.41,43.01,44.22,49.83,45.42,40.77,41.91,51.81,44.42,43.54,42.94,46.04,48.04,42.39,45.54
2021-09-13,39.93,44.57,44.05,48.97,46.25,43.61,47.91,39.4,42.82,41.57,45.58,46.11,43.32,47.93,50.05,58.87,50.69,45.53,46.23,45.46,38.44,42.09,41.1,38.5,45.61,48.17,46.56,52.01,44.92,48.4,42.45,47.62,46.17,50.4,43.01,44.21,49.82,45.41,40.77,41.91,51.81,44.42,43.53,42.93,46.04,48.03,42.39,45.54
2021-09-14,39.93,40.99,44.05,48.96,46.24,43.6,47.91,39.4,42.82,41.56,43.2,46.11,44.21,47.93,52.43,58.87,50.69,45.52,47.02,45.46,38.44,42.09,41.09,38.49,45.6,48.17,46.54,52.0,44.91,48.4,42.44,47.6,46.17,50.4,43.01,44.21,49.82,45.41,40.76,41.89,51.81,44.41,43.53,42.93,46.04,48.03,42.39,45.53
2021-09-15,39.92,40.99,44.05,48.95,46.24,43.6,47.9,39.39,42.79,41.56,43.2,46.11,44.21,47.92,52.43,58.86,50.68,45.52,47.02,45.46,38.43,42.09,41.08,38.49,45.6,48.17,46.54,52.0,45.21,48.4,42.44,49.79,46.17,50.4,43.0,44.2,49.81,44.51,40.76,41.89,51.8,44.4,43.52,42.93,46.04,48.03,42.38,45.52
2021-09-16,39.92,40.98,44.04,48.94,46.23,43.59,47.9,39.39,42.79,41.56,43.2,46.11,44.2,47.92,52.43,58.86,50.68,45.51,47.02,45.45,40.22,42.08,41.07,38.48,45.6,48.17,46.54,52.0,45.2,48.39,42.43,49.09,46.16,51.29,43.0,44.2,49.81,44.51,40.76,41.89,51.8,44.4,43.52,42.93,46.04,48.03,42.38,45.51
2021-09-17,42.59,40.98,44.04,48.93,46.23,43.58,47.89,39.38,42.78,41.55,43.19,46.11,44.2,47.92,52.43,58.85,50.68,45.51,47.02,45.45,40.21,42.08,41.07,38.48,45.59,48.16,46.53,52.0,45.2,48.39,42.43,49.07,46.16,51.28,42.99,44.19,49.8,44.5,40.75,41.88,51.79,44.39,43.51,42.92,46.04,48.02,42.38,45.51
2021-09-18,42.58,40.97,44.04,48.92,46.22,43.57,47.89,39.38,42.77,41.55,43.19,46.11,44.19,47.91,52.43,58.84,50.67,45.5,47.02,45.44,40.21,42.08,41.06,38.48,45.59,48.16,46.53,51.99,45.19,48.39,42.42,49.04,46.15,51.28,42.99,44.19,49.79,44.5,40.75,41.88,51.78,44.37,43.49,42.92,46.04,48.02,42.37,45.5
2021-09-19,42.58,40.97,44.03,48.9,46.22,43.57,47.89,39.38,42.77,41.55,43.18,46.11,44.18,47.91,52.43,58.84,50.67,45.5,47.02,45.43,40.21,42.07,41.06,38.48,45.58,48.15,46.53,51.99,45.19,48.39,42.42,49.02,46.15,51.27,42.98,44.19,49.79,44.49,40.75,41.88,51.78,44.37,43.48,42.92,46.04,48.01,42.37,45.5
2021-09-20,42.57,40.96,44.03,48.89,46.21,43.55,47.89,39.37,42.77,41.55,43.18,46.11,44.18,47.9,52.43,59.49,50.67,45.49,47.02,45.43,40.2,42.07,41.06,38.48,45.58,48.15,46.52,51.99,45.19,48.39,42.41,49.01,46.14,51.27,42.98,44.18,49.78,44.48,40.75,41.88,51.78,44.37,43.47,42.92,46.04,48.01,42.37,45.5
2021-09-21,42.57,40.96,44.03,48.88,46.21,43.55,47.89,39.36,42.77,41.54,43.18,46.11,44.17,47.9,52.43,59.49,50.66,45.49,47.02,45.43,40.2,42.07,41.04,38.47,45.58,48.15,46.51,51.99,46.38,48.39,42.85,49.0,46.14,51.27,42.97,44.18,49.78,44.48,40.74,41.86,51.77,44.36,43.46,42.91,46.04,48.01,42.37,45.49
2021-09-22,42.56,40.96,44.03,48.87,46.2,43.54,47.88,39.36,42.76,41.54,43.18,46.11,44.17,47.9,52.43,59.49,50.66,45.49,47.02,45.42,40.2,42.06,41.04,38.47,45.57,48.15,46.51,51.99,46.37,48.39,42.85,48.98,46.14,51.27,42.97,44.18,49.77,44.48,40.74,41.86,51.77,44.35,43.46,42.91,46.04,48.01,42.37,45.48
2021-09-23,42.56,40.95,44.02,48.84,46.2,43.53,47.88,39.35,42.75,41.54,43.17,46.11,44.17,47.9,52.43,59.48,50.66,45.48,47.02,45.42,40.2,42.06,41.04,38.46,45.57,48.15,46.5,51.98,46.36,48.39,42.85,48.96,46.14,51.26,42.97,44.17,49.76,44.47,40.73,41.85,51.77,44.35,43.46,42.91,45.93,48.0,42.37,45.48
2021-09-24,42.56,40.95,44.02,48.84,46.19,43.53,47.87,39.35,42.74,41.54,43.17,46.11,44.16,47.89,52.43,59.47,50.65,45.48,47.02,45.42,40.2,42.06,41.03,38.46,45.56,48.14,46.5,51.98,46.36,48.39,42.84,48.94,46.14,51.26,42.96,44.16,49.75,44.47,40.73,41.85,51.77,44.34,43.45,42.9,45.92,48.0,42.36,45.47
2021-09-25,42.55,40.95,44.02,48.83,46.19,43.52,47.87,39.34,42.74,41.53,43.17,46.11,44.16,47.89,52.43,59.47,50.65,45.47,47.02,45.41,40.19,42.05,41.02,38.46,45.56,48.14,46.49,51.98,46.35,48.39,42.84,48.92,46.13,51.26,42.96,44.16,49.75,44.46,40.73,40.95,51.77,44.33,43.44,42.9,45.9,48.0,42.36,45.47
2021-09-26,42.54,40.94,44.01,48.81,46.18,43.51,47.87,39.34,43.93,41.53,43.16,46.11,44.15,47.89,52.43,59.46,50.65,45.47,47.02,45.41,40.19,42.05,41.02,38.46,45.56,48.13,46.49,51.98,46.35,48.39,42.84,48.9,46.13,51.25,42.96,44.16,49.74,44.46,40.73,40.95,51.77,44.33,43.43,42.9,45.9,47.99,42.36,45.47
2021-09-27,42.54,40.94,44.01,48.81,46.18,43.51,47.87,39.33,43.93,41.53,43.16,46.11,44.15,47.88,52.43,59.46,50.64,45.47,47.02,45.41,40.19,42.05,41.02,38.46,45.55,48.13,46.48,51.98,46.35,48.39,42.83,48.89,46.13,51.25,42.95,44.15,49.74,44.45,40.73,40.95,49.4,44.33,39.86,42.89,45.9,47.99,42.36,45.47
2021-09-28,42.53,40.94,44.01,48.8,46.18,43.5,47.87,39.33,43.93,41.53,43.16,46.11,44.15,47.88,52.43,59.46,50.64,45.46,46.21,45.4,40.19,42.94,41.02,38.45,45.55,48.13,46.48,51.98,46.34,48.39,42.83,48.87,46.12,51.25,42.95,42.96,49.73,44.45,40.72,40.94,49.4,44.32,39.85,42.89,47.27,47.99,42.36,45.45
2021-09-29,42.53,40.94,44.01,48.8,46.17,43.5,47.85,39.33,43.92,41.52,43.16,46.11,44.14,47.88,52.43,59.45,50.64,45.46,46.2,45.4,40.19,42.93,41.01,38.45,45.55,48.13,46.48,51.98,46.34,48.39,42.83,48.86,46.12,51.25,42.94,42.96,49.73,44.45,40.72,40.94,49.4,44.31,39.85,42.89,47.26,47.99,42.36,45.45
2021-09-30,42.53,40.93,44.01,48.79,46.17,43.49,47.85,39.33,43.91,41.52,43.15,46.11,44.14,47.87,52.43,59.45,50.64,45.46,46.2,45.4,40.18,42.93,41.01,38.45,45.54,48.12,46.48,51.97,46.34,48.85,42.83,48.84,46.12,51.25,42.94,42.95,49.72,44.44,40.71,40.94,49.4,44.31,39.85,42.89,47.24,47.99,42.35,45.44
2021-10-01,42.53,40.93,44.0,48.79,46.16,43.48,47.85,39.32,43.91,41.52,43.15,46.11,44.14,47.87,52.43,59.44,50.64,45.46,46.2,45.4,38.4,42.93,41.0,38.45,45.54,48.12,46.47,51.97,46.34,48.85,42.83,48.83,46.12,51.24,42.93,42.95,49.72,44.44,40.71,40.93,49.4,44.3,39.84,42.88,47.23,47.98,42.35,45.44
2021-10-02,42.52,40.93,44.0,48.78,46.16,43.48,47.84,39.32,43.9,41.52,43.15,46.11,44.14,47.87,52.43,59.44,50.63,45.45,46.2,45.4,38.39,42.92,41.0,38.44,45.54,48.11,46.47,51.97,46.33,48.85,42.83,48.82,46.11,53.57,42.93,42.95,49.72,44.44,40.71,40.93,49.4,44.29,39.84,42.88,47.21,47.98,42.35,45.44
2021-10-03,42.52,40.92,44.0,48.76,46.15,43.47,47.84,39.32,43.9,41.52,43.14,46.11,44.13,47.87,52.43,59.43,50.63,45.45,46.2,45.4,38.39,42.92,41.0,38.44,45.53,48.11,46.47,51.97,46.33,48.85,42.82,48.79,46.11,53.57,42.92,42.94,49.71,44.43,40.71,40.93,49.4,44.29,39.83,42.88,47.21,47.98,42.35,45.44
2021-10-04,42.51,40.92,43.99,48.75,46.15,43.46,47.84,39.31,43.9,41.52,43.14,46.11,44.12,47.86,52.43,59.43,50.62,45.44,46.2,45.4,38.39,42.92,41.0,38.44,45.53,48.11,46.47,51.97,46.32,48.85,42.82,48.77,46.11,53.57,42.92,42.94,49.7,44.42,40.71,40.93,51.19,44.29,39.82,42.87,47.21,47.97,42.35,45.44
2021-10-05,42.51,40.92,43.99,48.75,46.14,43.46,47.84,39.31,43.9,41.51,43.14,46.11,44.12,46.67,52.43,57.79,50.62,45.44,46.2,45.4,38.39,42.91,40.99,38.44,45.53,48.11,46.46,51.96,46.32,48.85,42.81,48.76,46.1,53.57,42.92,44.13,49.7,44.42,40.71,40.92,51.19,44.27,39.82,42.87,47.12,47.97,42.35,45.42
2021-10-06,42.51,40.91,43.99,48.74,46.14,43.45,47.82,39.3,43.89,42.41,43.14,46.11,44.12,46.67,52.43,57.78,50.62,45.44,46.2,45.4,38.39,42.91,40.99,38.44,45.5,48.11,46.45,51.96,46.32,48.85,42.81,48.75,46.1,53.57,42.91,44.12,49.69,44.42,40.71,40.92,51.19,44.26,39.81,42.87,47.1,47.97,42.34,45.41
2021-10-07,42.51,40.91,43.99,48.73,46.13,43.45,47.82,39.3,43.89,42.4,43.13,46.11,44.12,48.51,52.43,57.78,50.62,45.43,46.2,45.4,38.39,42.91,40.99,38.43,45.5,48.1,46.45,51.96,46.31,48.85,42.81,48.75,46.1,53.57,42.91,44.12,49.69,44.42,40.71,40.92,51.19,44.25,39.81,42.87,47.09,47.97,42.34,45.4
2021-10-08,42.5,40.91,43.98,48.72,46.13,43.44,47.81,39.29,43.89,42.4,43.13,46.11,44.11,48.51,52.43,57.77,50.61,45.43,46.2,45.39,40.17,42.91,40.98,38.43,45.5,48.1,46.45,51.96,46.31,48.85,42.81,48.74,46.09,53.57,42.9,44.11,49.68,44.41,40.71,40.91,51.19,44.25,39.8,42.85,47.07,47.96,42.34,45.4
2021-10-09,42.5,40.91,43.98,48.71,46.13,43.44,47.81,39.29,43.88,42.4,43.13,46.11,44.11,48.51,52.43,57.76,50.61,45.43,46.2,45.38,40.16,42.9,40.98,38.43,45.5,48.1,46.45,51.96,46.3,48.85,42.8,48.73,46.09,53.57,42.9,44.11,49.68,44.41,40.71,40.91,51.19,44.23,39.8,42.85,47.05,47.96,42.34,45.39
2021-10-10,42.5,40.91,43.98,48.71,46.13,43.44,47.81,39.29,43.88,42.4,43.13,46.11,44.11,48.51,52.43,57.76,50.61,45.43,46.2,45.38,40.16,42.9,40.98,38.43,45.5,48.1,46.45,51.96,46.3,48.85,42.8,48.73,46.09,53.57,42.9,44.11,49.68,44.41,40.71,37.34,51.19,44.23,39.8,42.85,47.05,47.96,42.34,45.39
2021-10-11,40.71,40.91,43.98,48.71,46.13,43.44,47.81,39.29,43.88,42.4,43.13,46.11,44.11,46.66,52.43,57.76,50.61,45.43,46.2,45.38,40.16,42.9,40.98,38.43,45.5,48.1,46.45,51.96,46.3,48.85,42.8,48.73,46.09,53.57,42.9,44.11,49.68,44.41,40.71,37.34,51.19,44.23,39.8,42.85,47.05,47.96,42.34,45.39
2021-10-12,40.7,40.9,43.98,48.69,46.11,43.42,47.81,39.28,43.88,42.39,43.12,46.11,44.1,46.65,52.43,57.75,50.6,45.42,46.2,45.37,40.16,42.9,40.97,38.43,45.49,48.09,46.44,51.95,46.3,48.85,42.8,48.71,46.09,54.76,42.89,47.01,46.1,44.4,40.71,37.33,50.6,44.23,39.79,42.84,47.02,47.95,42.33,45.38
2021-10-13,40.7,40.9,43.97,48.69,46.11,43.42,47.8,39.28,43.87,42.39,43.12,46.11,44.1,46.65,52.43,57.74,50.6,45.42,46.19,45.37,40.16,42.9,40.97,40.8,45.49,48.09,46.44,51.95,46.29,48.85,42.8,48.71,46.08,54.76,42.89,47.01,46.09,44.4,40.71,37.33,50.6,44.22,39.78,42.83,47.0,47.95,42.33,45.38
2021-10-14,40.7,40.9,43.97,48.68,46.11,43.41,47.8,39.28,43.86,42.39,43.12,46.11,44.1,46.65,52.43,57.73,50.6,45.41,46.19,45.37,40.15,42.89,40.97,40.8,45.48,48.09,46.43,51.95,46.29,48.85,42.79,48.69,46.08,54.76,42.88,47.0,46.09,44.39,40.71,37.32,50.6,44.21,39.77,42.83,46.99,47.95,42.33,45.37
2021-10-15,40.7,40.89,43.97,48.67,46.1,43.41,47.79,39.28,43.86,42.39,43.12,46.11,44.09,46.65,52.43,57.73,50.6,45.41,46.19,45.36,40.15,42.89,40.96,40.8,45.48,48.08,46.43,51.95,46.29,48.85,42.79,48.62,46.08,54.76,42.88,47.0,46.08,44.39,40.71,37.32,50.6,44.2,39.77,42.83,46.97,47.95,42.33,45.36
2021-10-16,40.69,40.89,43.97,48.66,46.09,43.4,47.79,39.27,43.85,42.39,43.11,46.11,44.09,46.64,52.43,57.72,50.59,45.4,46.19,45.36,40.15,42.89,40.96,40.79,45.48,48.08,46.43,51.95,46.28,48.85,42.79,48.6,46.07,54.76,42.88,47.0,46.08,44.38,40.71,37.32,50.6,44.2,39.76,42.83,46.96,47.95,42.32,45.36
2021-10-17,40.69,40.89,43.96,48.66,46.09,43.4,47.79,39.27,43.85,42.39,43.11,46.11,44.09,46.64,52.43,57.71,50.59,45.4,46.19,45.36,40.15,42.89,40.96,40.79,45.47,48.08,46.43,51.94,46.28,48.85,42.78,48.58,46.07,54.76,42.87,46.99,46.07,44.38,40.71,37.32,50.6,44.2,39.76,42.82,46.96,47.94,42.32,45.36
2021-10-18,40.69,40.89,43.96,51.03,46.09,43.4,47.78,39.27,43.85,42.39,43.11,46.11,44.08,46.64,52.43,57.71,50.59,45.4,46.19,45.36,38.36,42.89,40.96,40.79,45.47,48.08,46.43,51.94,46.28,48.85,42.78,48.58,46.07,54.76,42.87,46.98,46.07,44.38,40.71,37.32,50.6,44.2,39.75,42.82,46.96,47.94,42.32,45.36
2021-10-19,40.69,40.89,43.96,51.03,46.08,43.39,47.78,39.27,43.85,41.49,40.73,46.11,44.08,46.64,52.43,57.71,50.59,45.4,46.19,45.36,38.36,42.89,40.95,40.78,45.47,48.08,46.42,51.94,46.27,48.85,42.78,48.56,46.07,54.76,42.87,46.98,46.07,44.38,40.71,37.31,50.6,44.82,39.75,42.82,46.92,47.94,42.32,45.35
2021-10-20,40.69,40.88,43.96,51.02,46.08,43.39,47.78,39.26,43.85,41.49,40.72,46.11,44.08,46.64,52.43,57.7,50.58,45.39,46.19,45.36,38.36,42.88,40.95,40.78,45.46,48.08,46.42,51.94,46.27,48.85,42.78,48.55,46.07,52.4,42.87,46.98,46.07,44.37,40.71,37.31,50.6,44.81,39.74,42.82,46.91,47.94,42.32,45.34
2021-10-21,40.68,40.88,43.96,51.01,46.08,43.38,47.77,39.26,43.85,41.48,40.72,46.11,44.08,46.63,52.43,57.7,50.58,45.39,46.19,45.36,38.36,42.88,40.95,40.78,45.46,48.07,46.41,51.94,46.27,48.85,42.78,48.53,46.06,52.4,42.86,46.97,46.06,44.37,40.7,37.31,50.6,44.8,39.74,42.81,46.9,47.94,42.32,45.34
2021-10-22,40.68,40.86,43.95,51.0,46.07,43.37,47.77,39.26,43.84,41.48,40.72,46.11,44.07,46.63,52.43,57.67,50.58,45.38,46.19,45.35,38.35,42.88,40.94,40.78,45.46,48.07,46.41,51.94,46.26,48.85,42.77,48.52,46.06,52.39,42.86,46.97,46.05,44.37,40.7,37.3,50.6,44.8,39.73,42.81,46.88,47.93,42.32,45.33
2021-10-23,40.68,40.86,43.95,50.99,46.07,43.37,47.76,39.25,43.84,41.48,40.71,46.11,44.07,46.63,52.43,57.67,50.57,45.38,46.19,45.35,38.35,42.88,40.94,40.78,45.46,48.07,46.41,51.93,46.26,48.85,42.77,48.5,46.06,52.39,42.86,46.97,46.05,44.36,40.7,37.3,50.6,44.8,39.73,42.81,46.86,47.93,42.32,45.33
2021-10-24,40.68,40.86,43.95,50.99,46.06,43.37,47.76,39.25,43.84,41.48,40.71,46.11,44.07,46.62,52.43,57.66,50.57,45.38,46.19,45.34,38.35,42.88,40.94,40.78,45.45,48.07,46.41,51.93,46.26,48.85,42.77,48.49,46.05,52.39,42.85,46.96,46.05,44.36,40.7,37.3,50.6,44.79,39.72,42.8,46.86,47.93,42.31,45.33
2021-10-25,40.67,40.86,43.95,50.98,46.06,43.36,47.76,39.25,43.84,41.48,44.28,46.11,44.07,46.62,52.43,57.66,50.57,45.38,46.19,45.34,38.35,42.87,40.94,38.4,45.45,48.07,46.41,51.93,46.26,48.85,42.76,48.48,46.05,52.39,42.85,46.96,46.05,44.36,40.7,37.3,50.6,44.79,39.72,42.8,46.86,47.93,42.31,45.33
2021-10-26,40.67,40.86,43.95,50.98,46.05,43.36,47.76,39.25,43.83,41.48,44.28,46.11,44.07,46.62,52.43,57.66,50.57,45.37,46.18,45.34,38.35,42.87,40.94,38.39,45.45,48.07,46.4,51.93,46.25,46.46,42.76,48.47,46.05,52.39,42.85,46.96,46.04,44.36,40.7,37.3,50.6,44.79,39.72,42.8,46.83,47.93,42.31,45.32
2021-10-27,40.67,40.86,43.94,50.97,46.05,43.35,47.75,39.25,43.82,41.47,44.27,46.11,44.07,46.62,52.43,57.65,50.57,45.37,46.18,45.34,38.35,42.87,40.93,38.39,41.88,48.07,46.4,51.93,46.25,46.45,42.76,48.46,46.05,52.39,42.85,46.96,46.04,44.36,40.69,37.3,50.6,44.79,39.71,42.8,46.82,47.93,42.31,45.31
2021-10-28,40.67,40.85,43.94,50.96,46.04,43.35,47.75,39.24,43.82,41.47,44.27,46.11,44.06,46.62,52.43,57.65,50.56,45.37,46.18,45.33,38.34,42.87,40.93,38.38,41.88,48.07,46.4,51.93,46.25,46.45,42.76,48.44,46.05,52.38,42.85,46.96,46.03,44.35,40.69,37.29,50.6,44.78,39.71,42.79,46.81,47.92,42.31,45.31
2021-10-29,40.66,40.85,43.94,50.95,46.04,43.34,47.75,39.24,43.82,41.47,44.27,45.83,44.06,46.61,52.37,57.64,50.56,45.37,46.18,45.33,38.34,42.87,40.93,38.38,41.87,48.06,46.39,51.93,46.25,46.45,42.75,48.43,46.05,52.38,42.84,46.96,46.03,44.35,40.68,37.29,50.6,44.78,39.7,42.79,46.79,47.92,42.31,45.31
2021-10-30,40.66,40.85,43.94,50.94,46.04,43.34,47.75,39.24,43.82,41.47,44.26,45.82,44.06,46.61,52.36,57.64,50.56,45.37,46.18,45.33,38.34,42.86,40.93,38.38,41.87,48.06,46.39,51.93,46.24,46.44,42.75,48.42,46.04,52.38,42.84,46.96,46.03,44.35,40.68,37.29,50.6,44.77,39.7,42.78,46.78,47.92,42.31,45.3
2021-10-31,40.66,40.84,43.93,50.94,46.03,43.34,47.75,39.24,43.81,41.47,44.26,45.82,44.05,46.61,52.36,57.63,50.55,45.37,46.18,45.32,38.34,42.86,40.93,38.38,41.87,48.06,46.39,51.93,46.24,46.44,42.75,48.4,46.04,52.38,42.84,46.96,46.02,44.34,40.68,37.29,50.6,44.77,39.7,42.78,46.78,47.92,42.31,45.3
2021-11-01,40.66,40.84,43.93,50.93,46.03,43.33,47.75,39.24,43.81,41.47,44.26,45.82,44.05,46.61,52.36,57.63,50.55,45.37,46.18,45.32,38.33,42.86,40.93,38.38,41.87,48.06,46.39,51.92,46.24,46.44,42.75,48.4,46.04,52.38,46.41,46.96,46.02,44.34,40.68,37.29,50.6,44.77,39.69,42.78,46.78,47.92,42.31,45.3
2021-11-02,40.66,40.84,43.93,50.93,46.03,43.33,47.73,39.23,43.81,41.46,44.26,45.82,44.05,46.61,52.36,57.63,50.55,45.37,46.18,45.32,38.33,42.86,40.93,38.37,41.87,48.06,46.39,51.92,46.24,46.44,42.74,48.39,46.04,52.38,46.4,46.96,46.87,44.34,40.68,37.28,50.6,44.77,39.69,42.77,46.76,47.92,42.31,45.29
2021-11-03,40.66,40.84,43.93,50.92,46.02,43.33,47.73,39.23,43.81,41.46,44.26,45.81,44.05,46.61,52.35,57.62,50.55,45.37,46.18,45.32,38.33,42.86,40.92,38.37,41.86,48.06,46.38,51.92,46.23,46.44,42.74,48.38,46.04,52.37,46.4,46.96,46.86,44.34,40.68,37.28,50.6,44.76,39.69,42.77,46.75,47.91,42.31,45.29
2021-11-04,40.65,40.84,43.93,50.91,46.02,43.32,47.73,39.23,43.8,41.46,44.26,45.81,44.05,46.6,52.35,57.62,50.54,45.36,46.18,46.59,38.28,42.86,40.92,38.37,41.86,48.0,46.38,51.92,46.23,46.43,42.74,48.37,46.03,52.37,46.4,46.96,46.86,44.34,40.67,37.28,50.6,44.75,39.68,42.77,46.74,47.91,42.31,45.29
2021-11-05,40.65,40.84,43.92,50.9,46.02,43.32,47.73,39.23,43.8,41.46,44.25,45.81,44.05,46.6,52.35,57.62,50.54,45.36,46.18,46.59,38.28,41.97,40.92,38.37,41.86,47.99,46.38,51.91,46.23,46.43,42.74,48.36,46.03,52.37,46.4,46.96,46.86,44.34,40.66,37.28,50.6,44.75,39.68,42.76,46.73,47.91,42.31,45.28
2021-11-06,40.65,40.83,43.92,50.9,46.01,43.31,47.73,39.23,43.8,41.46,44.25,45.81,44.04,46.6,52.35,57.61,50.54,45.36,46.18,45.31,38.28,41.96,40.92,38.37,41.85,47.99,46.38,51.91,46.23,46.43,42.74,48.35,46.03,52.37,46.39,46.96,46.86,44.33,40.66,37.28,50.6,44.74,39.67,42.76,46.72,47.91,42.31,45.28
2021-11-07,40.65,40.83,43.92,50.89,46.01,43.31,47.73,39.23,43.8,41.46,44.25,45.81,44.04,46.6,52.35,57.61,50.54,45.35,46.18,45.31,38.28,41.96,40.92,38.36,41.85,47.99,46.38,51.91,46.22,46.43,42.73,48.33,46.03,52.37,46.39,46.96,46.85,44.33,40.66,37.28,50.6,44.74,39.67,42.76,46.72,47.91,42.31,45.28
2021-11-08,40.02,40.03,42.84,49.36,44.47,41.28,46.29,37.78,42.98,40.25,43.66,44.34,43.14,45.51,51.38,56.82,48.56,43.59,39.89,44.21,36.76,39.88,40.24,37.42,40.79,47.21,45.14,50.29,44.43,44.86,41.66,46.51,45.02,51.45,44.79,45.52,43.96,43.41,39.59,36.49,49.5,43.64,38.04,40.7,45.07,46.55,41.88,44.68
2021-11-09,40.02,40.03,42.83,49.35,44.47,41.28,46.26,38.97,42.96,40.24,43.66,44.34,43.14,45.51,51.38,56.81,48.56,43.58,39.87,40.64,42.12,39.87,40.23,37.41,40.78,47.21,42.74,50.29,44.43,44.86,41.65,46.5,45.02,51.45,44.79,45.52,43.96,43.41,39.28,36.48,49.5,43.61,38.04,40.69,45.04,46.55,41.88,44.66
2021-11-10,40.01,40.02,42.83,49.34,44.46,41.28,46.26,38.97,42.96,40.24,43.65,44.34,43.14,45.5,51.38,56.81,48.56,43.57,39.87,40.64,42.11,39.87,40.22,37.41,40.78,47.2,42.74,50.29,44.42,44.85,41.65,46.49,45.01,51.44,44.79,45.52,43.96,43.41,39.27,36.43,48.6,43.6,38.03,40.69,45.03,46.54,43.06,44.66
2021-11-11,40.01,40.02,42.83,49.34,44.46,41.28,46.26,38.97,42.96,40.24,43.65,44.34,43.14,45.5,51.38,56.81,48.56,43.57,39.87,41.92,42.11,39.87,40.22,37.41,40.78,47.2,42.74,50.29,44.42,44.85,41.65,46.49,45.01,51.44,44.79,45.52,43.96,43.41,39.27,36.43,48.6,43.6,38.03,40.69,45.03,46.54,43.06,44.66
2021-11-12,40.01,40.01,42.82,49.31,44.45,41.26,46.26,38.96,42.96,40.24,43.65,44.34,43.14,45.5,51.37,56.79,48.54,43.56,39.85,41.91,42.11,39.86,40.22,37.4,40.77,47.19,42.74,50.28,44.41,44.84,41.64,46.47,45.0,51.43,44.78,45.52,41.56,43.4,39.27,36.42,49.79,43.59,38.01,40.68,45.01,46.53,43.06,44.65
2021-11-13,40.0,40.0,42.81,49.3,44.44,41.25,46.26,38.95,42.96,40.23,43.64,44.34,43.13,45.49,51.36,56.79,48.54,43.56,39.84,40.62,42.11,39.85,40.21,37.39,40.77,47.19,42.73,50.28,44.4,44.83,41.63,46.45,45.0,51.43,44.77,45.52,41.56,43.4,39.26,36.41,49.78,43.59,38.01,40.67,45.0,46.53,43.06,44.64
2021-11-14,39.99,40.0,42.8,49.3,44.43,41.25,46.26,38.94,42.96,42.61,43.64,44.34,43.13,45.48,51.35,56.78,48.53,43.55,39.84,40.61,42.1,39.85,40.21,37.39,40.76,47.19,42.73,50.28,44.4,44.83,41.63,46.44,45.0,51.42,44.77,45.52,41.55,43.39,39.26,36.41,43.83,43.59,38.0,40.66,45.0,46.53,43.05,44.63
2021-11-15,39.99,40.0,42.8,49.28,44.43,41.24,46.26,38.94,42.96,42.61,40.06,44.34,43.12,45.48,51.35,56.78,48.53,43.55,41.54,40.61,42.1,39.85,40.21,37.39,40.76,47.19,42.73,50.27,44.4,44.82,41.62,46.43,44.99,51.42,44.76,46.71,41.55,43.39,39.26,36.41,43.83,43.59,37.99,40.65,45.0,46.52,43.05,44.63
2021-11-16,39.99,39.99,42.8,49.28,44.42,41.24,46.25,38.94,42.94,42.6,40.06,44.34,43.12,45.48,51.35,56.77,48.53,43.54,41.53,44.18,42.09,39.84,40.19,37.38,40.76,47.18,42.72,50.26,44.39,41.25,41.62,46.42,44.98,51.42,41.19,46.71,41.54,43.38,39.25,36.4,43.83,43.59,37.99,40.65,44.95,46.52,43.03,44.61
2021-11-17,39.98,39.99,42.79,49.27,44.42,41.24,46.22,38.93,42.94,42.6,40.06,44.34,43.12,45.47,51.35,56.77,48.52,43.54,41.52,44.18,42.09,39.84,40.19,37.38,40.75,47.18,42.71,50.25,44.39,41.25,41.62,46.41,44.98,51.41,41.19,46.71,41.54,43.38,39.24,36.39,43.83,43.56,37.98,40.65,44.95,46.52,43.03,44.61
2021-11-18,39.97,39.99,42.79,49.26,44.41,41.23,46.22,41.01,42.93,42.59,40.05,44.34,43.12,45.47,51.34,56.76,48.52,43.53,41.52,44.17,42.09,39.84,40.19,37.37,40.75,47.17,42.71,50.25,44.38,41.24,41.61,46.39,44.98,51.41,41.19,46.71,41.53,43.37,39.23,36.39,43.82,43.55,37.98,40.64,44.93,46.51,43.03,44.6
2021-11-19,39.97,39.98,42.78,49.25,44.4,41.22,46.22,41.0,42.93,42.59,40.05,44.33,43.11,45.47,51.34,54.37,48.51,43.53,41.51,44.17,42.08,39.83,40.18,37.36,40.74,47.17,42.71,50.25,44.38,41.24,41.61,46.37,44.97,51.41,41.18,46.71,41.53,43.37,39.23,36.38,43.82,43.53,37.96,40.63,44.92,46.51,43.02,44.59
2021-11-20,39.96,39.97,42.78,49.23,44.39,41.22,46.22,41.0,42.92,42.59,40.04,44.32,43.11,45.46,51.33,54.37,48.5,43.52,41.5,44.16,42.08,39.83,40.17,37.36,40.74,47.17,42.7,50.24,44.37,41.23,41.6,46.36,44.97,51.4,41.18,46.71,41.52,43.36,39.22,36.38,43.82,43.52,37.95,40.62,44.9,46.51,43.02,44.59
2021-11-21,39.96,39.97,42.77,49.22,44.39,41.21,46.22,40.99,42.92,42.58,40.04,44.31,43.11,45.45,51.32,54.36,48.5,43.51,41.5,44.16,42.07,39.82,40.17,37.36,40.74,47.17,42.7,50.24,44.37,41.22,41.6,46.34,44.96,51.4,41.17,46.71,41.51,43.36,39.22,36.38,43.82,43.52,37.95,40.61,44.9,46.5,41.83,44.59
2021-11-22,39.96,39.97,42.77,49.21,44.38,41.21,46.22,40.99,42.92,40.2,40.03,44.31,43.1,45.45,51.32,54.36,48.49,43.51,41.5,45.45,42.07,39.82,40.17,37.36,40.73,47.17,42.69,50.24,44.36,41.22,41.59,46.34,44.96,51.39,41.17,46.71,41.51,43.36,39.22,36.38,43.82,43.52,37.94,40.6,44.9,46.5,41.83,44.58
2021-11-23,39.96,39.97,42.76,49.21,44.38,41.21,46.21,40.99,42.91,40.2,40.03,44.3,43.1,45.45,50.43,54.35,48.49,43.51,39.78,45.44,42.07,39.82,40.17,37.35,40.73,47.15,42.69,50.24,44.36,41.22,41.59,46.33,44.96,51.39,41.17,46.71,41.51,43.35,39.22,36.37,43.81,43.52,37.93,40.6,44.87,46.5,41.83,44.57
2021-11-24,39.94,39.97,42.76,49.2,44.37,41.2,46.21,40.98,41.13,40.19,40.03,44.29,43.1,45.44,50.43,54.35,48.49,43.5,39.77,45.44,42.06,39.81,40.16,37.35,40.72,47.15,42.68,50.24,44.36,41.21,41.59,46.32,44.95,51.39,41.16,46.71,41.5,43.35,39.2,36.36,43.81,43.52,37.93,40.59,44.86,46.49,41.83,44.57
2021-11-25,39.94,39.97,42.76,49.2,44.37,41.2,46.21,40.98,41.13,40.19,40.03,44.29,43.1,45.44,50.43,54.35,48.49,43.5,39.77,45.44,42.06,39.81,40.16,37.35,40.72,47.15,42.68,50.24,44.36,41.21,41.59,46.32,44.95,51.39,41.16,46.71,41.5,43.35,39.2,36.36,43.81,43.52,37.93,40.59,44.86,46.49,41.83,44.57
2021-11-26,39.94,39.97,42.76,49.2,44.37,41.2,46.21,40.98,41.13,40.19,40.03,44.29,43.1,45.44,50.43,54.35,48.49,43.5,39.77,45.44,42.06,39.81,40.16,37.35,40.72,47.15,42.68,50.24,44.36,41.21,41.59,46.32,44.95,51.39,41.16,46.71,41.5,43.35,39.2,36.36,43.81,43.52,37.93,40.59,44.86,46.49,41.83,44.57
2021-11-27,41.59,41.72,44.7,51.45,46.62,43.76,48.39,43.16,42.9,42.21,41.64,46.48,44.9,47.38,52.28,56.09,51.02,45.9,42.34,47.38,44.29,41.63,41.84,39.19,42.65,48.89,44.73,52.53,46.77,43.47,43.52,48.75,46.84,53.22,43.44,48.86,44.08,45.18,41.14,38.13,45.75,45.49,40.24,43.19,47.18,48.61,43.32,46.19
2021-11-28,41.59,41.72,44.7,51.45,46.62,43.76,48.39,40.78,42.9,42.21,41.64,46.48,44.9,47.38,52.28,56.09,51.02,45.9,42.34,47.38,44.29,41.63,41.84,39.19,42.65,48.89,44.73,52.53,46.77,43.47,43.52,48.75,46.84,53.22,43.44,48.86,44.08,45.18,41.14,38.13,45.75,45.49,40.24,43.19,47.18,48.61,43.32,46.19
2021-11-29,41.58,41.71,44.69,51.41,46.6,43.75,48.39,38.38,42.9,42.21,41.63,46.48,44.9,47.38,52.27,56.06,51.0,45.88,42.34,46.08,44.28,41.62,41.84,39.19,42.64,48.88,44.73,52.53,46.75,43.46,43.51,48.71,46.83,53.21,43.43,48.86,44.06,45.17,41.13,38.12,45.75,45.49,40.22,43.17,47.17,48.6,43.31,46.18
2021-11-30,41.57,41.71,44.69,51.41,46.59,43.74,48.35,38.38,42.9,42.2,41.63,46.48,44.9,47.37,52.27,56.06,50.99,45.87,42.32,46.07,44.27,41.62,41.84,39.19,42.63,48.88,44.71,52.53,46.75,47.03,43.51,48.7,46.83,53.21,43.43,48.86,44.06,45.16,41.12,39.01,46.64,45.49,40.21,43.17,47.14,48.6,43.31,46.17
2021-12-01,41.57,41.7,44.69,51.39,46.59,43.73,48.34,38.38,42.9,42.19,41.62,46.48,44.89,47.37,52.26,56.06,50.99,44.07,42.32,46.07,44.26,41.62,41.83,39.18,41.44,48.87,44.71,52.53,46.74,47.02,43.5,48.69,46.82,53.21,43.42,47.67,44.05,45.16,41.11,39.01,46.64,45.46,40.21,43.16,47.11,48.6,43.31,46.17
2021-12-02,41.57,41.7,44.68,51.38,46.58,43.72,48.33,38.37,42.9,42.19,41.62,46.47,44.88,47.36,52.26,56.05,50.98,44.06,42.31,46.06,44.26,41.61,41.83,39.18,41.43,48.87,44.69,52.53,46.73,47.01,43.5,48.67,46.81,55.62,43.42,47.67,44.04,45.16,41.11,39.01,46.64,45.46,40.19,43.15,47.09,48.59,43.31,46.16
2021-12-03,41.57,41.69,44.67,51.36,46.57,43.71,48.33,38.37,42.9,42.18,41.62,46.46,44.88,44.98,52.25,56.05,50.97,44.05,42.29,46.05,44.25,41.6,41.82,39.17,41.43,48.86,44.69,52.53,46.72,47.01,43.5,48.65,46.81,55.62,43.41,47.67,44.02,45.15,41.1,39.0,46.64,45.45,40.18,43.15,47.07,48.58,43.31,46.15
2021-12-04,41.56,41.69,44.67,51.34,46.57,43.7,48.33,38.36,42.89,42.18,41.61,46.45,44.87,44.97,52.24,56.04,50.96,44.04,42.28,46.04,44.24,41.59,41.82,39.17,41.42,48.85,44.68,52.53,46.71,47.0,43.49,48.63,46.8,55.62,43.4,47.67,44.01,45.15,41.09,39.0,46.63,45.45,40.17,43.12,47.05,48.58,43.31,46.14
2021-12-05,41.56,41.68,44.66,51.32,46.55,43.66,48.33,38.35,42.89,42.18,41.61,46.44,44.87,44.96,52.24,56.04,50.95,44.03,42.28,46.03,40.66,41.59,41.82,39.16,41.42,48.85,44.68,52.53,46.71,46.99,43.49,48.61,46.79,55.62,43.39,47.67,44.0,45.14,41.09,39.0,46.63,45.45,40.15,43.1,47.05,48.57,43.31,46.14
2021-12-06,41.56,41.68,44.66,51.3,46.53,43.66,48.33,38.35,42.89,42.18,41.61,46.43,44.86,44.96,52.23,55.14,50.93,44.03,42.28,46.02,40.65,41.58,41.82,39.16,41.42,48.85,44.68,52.53,46.7,46.98,43.48,48.59,46.78,55.62,43.38,48.14,43.99,45.14,41.09,39.0,46.63,45.45,40.14,43.08,47.05,48.56,43.31,46.14
2021-12-07,41.55,41.68,44.65,51.29,46.52,43.65,48.33,38.35,42.88,42.16,41.61,46.43,44.86,44.95,52.23,55.14,50.92,44.02,42.25,46.02,40.65,41.58,41.81,39.15,41.4,48.84,44.65,48.95,46.69,46.98,43.48,48.58,46.78,55.62,43.37,48.14,43.97,46.02,41.08,38.99,42.16,43.94,40.13,43.07,46.94,48.56,43.31,46.12
2021-12-08,41.55,41.67,44.65,51.28,46.51,43.64,48.29,38.35,42.88,42.15,41.61,46.43,44.86,44.95,52.22,55.13,50.91,44.01,42.23,46.01,40.64,41.58,41.81,39.15,41.4,48.84,44.64,48.95,46.69,46.97,43.48,48.56,46.77,55.62,43.37,48.14,43.96,46.02,41.08,38.98,42.16,43.92,40.11,43.05,46.92,48.55,43.31,46.12
2021-12-09,41.55,41.67,44.64,51.28,46.5,43.63,48.28,38.35,42.87,42.15,41.6,46.42,44.85,44.94,52.22,55.13,50.9,44.0,42.22,46.01,40.63,41.57,41.8,39.14,41.39,48.83,44.64,48.95,46.68,46.96,43.47,48.54,46.76,55.61,43.36,48.14,43.94,46.02,41.07,38.98,42.16,43.9,40.11,43.04,46.9,48.55,43.31,46.11
2021-12-10,41.54,41.67,44.64,51.28,46.49,43.62,48.28,38.33,42.87,42.14,41.6,46.41,44.85,44.94,52.21,55.12,50.89,43.99,42.2,46.0,40.62,41.57,41.8,39.14,41.39,48.83,44.63,48.95,46.67,46.95,43.47,48.43,46.76,55.61,43.35,48.14,43.93,46.01,41.06,38.98,42.16,43.9,40.1,43.03,46.87,48.54,43.31,46.11
2021-12-11,41.54,41.66,44.63,51.28,46.48,43.6,48.27,38.33,42.86,42.14,41.6,46.4,44.84,44.93,52.2,55.11,50.88,43.98,42.18,46.0,40.62,41.56,41.8,39.13,41.38,48.73,44.62,48.95,46.66,46.94,43.46,48.4,46.75,55.61,43.35,48.14,43.92,46.01,41.06,38.97,42.16,43.88,40.09,43.01,46.85,48.53,43.31,46.11
2021-12-12,41.54,41.65,44.62,51.28,46.46,43.6,48.27,38.33,42.86,42.14,41.6,46.39,44.83,44.93,52.2,55.11,50.87,43.98,42.18,45.98,40.61,41.56,41.8,39.13,41.38,48.73,44.62,48.95,46.65,46.94,43.46,48.38,46.74,56.2,43.34,48.14,43.91,46.01,41.05,38.97,42.16,43.88,40.08,42.99,46.85,48.53,43.31,46.11
2021-12-13,41.54,41.65,44.62,51.28,46.46,43.58,48.27,38.32,42.86,42.14,41.6,46.39,44.83,40.16,48.63,55.1,50.86,43.97,42.18,45.98,40.6,41.55,41.8,39.13,41.37,48.73,44.62,48.95,46.65,46.93,43.45,48.37,46.74,56.2,43.33,48.14,43.9,46.01,41.05,38.97,42.15,43.88,40.07,42.97,46.85,48.52,43.31,46.11
2021-12-14,41.53,42.54,44.62,51.28,46.45,43.58,48.27,38.32,42.85,42.12,41.6,46.39,44.83,40.16,48.63,55.1,50.85,43.97,42.15,45.97,40.6,40.36,41.8,39.12,41.37,48.72,44.6,48.95,46.64,46.92,43.45,48.36,46.74,54.33,43.33,48.14,43.89,46.0,41.05,38.97,42.15,43.87,40.06,42.96,46.78,48.52,43.31,46.08
2021-12-15,41.53,42.54,44.61,51.28,46.44,43.56,48.24,38.31,42.85,42.12,41.59,46.39,44.82,40.15,48.62,55.1,50.84,43.96,42.14,45.97,40.59,40.35,41.79,39.12,41.37,48.72,44.59,48.95,46.64,43.34,43.45,48.34,46.73,54.32,43.32,48.14,43.89,46.0,41.04,38.96,42.15,43.86,40.06,42.94,46.78,48.51,43.31,46.08
2021-12-16,41.53,42.53,44.61,51.28,46.44,43.56,48.23,38.31,42.85,42.12,41.59,46.39,44.82,40.14,48.62,55.09,50.83,43.95,43.91,45.96,40.59,40.35,41.78,39.1,41.35,48.71,44.59,48.95,46.63,43.34,43.44,48.33,46.72,54.32,43.31,48.14,43.88,46.0,41.04,38.95,42.15,43.84,40.05,42.93,46.74,48.51,43.31,46.07
2021-12-17,41.52,42.53,44.6,51.28,46.43,43.55,48.23,38.31,42.84,42.11,41.59,46.38,44.81,40.14,48.61,55.08,50.83,43.95,43.9,45.95,40.58,40.34,41.78,39.1,41.35,48.71,44.58,48.95,47.81,43.33,43.44,48.31,46.72,54.31,43.31,48.14,43.87,45.99,41.03,38.94,42.15,43.83,40.04,42.92,46.72,48.5,43.31,46.06
2021-12-18,41.52,42.53,44.6,51.28,46.42,43.55,48.23,38.3,42.84,42.11,41.59,46.37,44.81,40.14,48.61,55.08,50.82,43.94,43.9,45.95,40.58,40.34,41.78,39.09,41.35,48.7,44.58,48.95,47.81,43.33,43.44,48.3,46.72,54.31,43.3,48.14,43.86,45.99,41.03,38.94,42.15,43.83,40.03,42.9,46.71,48.5,43.31,46.06
2021-12-19,41.52,42.52,44.6,51.28,46.42,43.54,48.23,38.3,42.84,42.11,41.58,46.37,44.81,40.13,48.61,55.07,50.82,43.94,43.9,45.94,40.57,40.33,41.78,39.09,41.34,48.7,44.58,48.95,47.8,43.32,43.43,48.28,46.71,54.31,43.3,48.14,43.86,45.99,41.03,38.94,42.15,43.83,40.02,42.89,46.71,48.5,43.31,46.06
2021-12-20,41.52,42.52,44.59,51.28,46.41,43.53,48.23,38.3,42.84,42.11,41.58,46.36,44.81,40.13,48.6,55.07,50.81,43.94,43.9,45.94,40.57,40.33,41.78,39.09,41.34,48.7,44.58,48.95,47.8,43.32,43.43,48.27,46.71,54.3,43.29,48.14,43.85,45.98,41.03,38.94,42.15,43.83,40.02,42.88,46.71,48.49,43.31,46.06
2021-12-21,41.52,42.52,44.59,51.28,46.41,43.53,48.22,38.3,42.83,42.1,39.2,46.36,44.81,40.13,48.6,55.07,50.81,43.93,43.89,45.94,40.57,40.33,41.78,39.09,41.34,48.7,44.57,48.95,47.8,43.31,41.05,48.26,46.71,54.3,43.29,48.69,43.85,45.98,41.02,38.94,42.14,43.82,40.01,42.87,46.68,48.49,43.31,46.05
2021-12-22,41.52,42.51,43.7,51.28,46.4,43.53,48.2,38.29,42.83,42.1,39.2,46.36,44.8,40.12,48.6,57.44,50.8,43.92,42.09,45.93,40.57,40.33,41.77,39.09,40.44,48.69,44.57,48.95,47.79,43.31,41.05,48.25,46.7,54.3,43.29,48.69,43.84,45.98,41.01,38.93,42.14,43.8,40.01,42.87,46.66,48.49,43.31,46.05
2021-12-23,41.51,42.51,43.69,51.28,46.39,43.52,48.2,38.29,42.83,42.1,39.2,46.36,44.8,40.12,48.6,57.44,50.8,43.92,42.08,45.93,40.56,40.32,41.77,39.08,40.43,48.69,44.56,48.95,47.79,43.3,41.04,48.23,46.7,54.29,43.28,48.68,43.84,45.98,41.01,38.93,42.14,43.8,40.0,42.86,46.65,48.49,42.6,46.04
2021-12-24,41.51,42.51,43.69,51.28,46.39,43.52,48.2,38.29,42.83,42.1,39.2,46.36,44.8,40.12,48.6,55.65,50.8,43.92,42.08,45.93,40.56,40.32,41.77,39.08,40.43,48.69,44.56,48.95,47.79,43.3,41.04,48.23,46.7,54.29,43.28,48.68,43.84,45.98,41.01,38.93,42.14,43.8,40.0,42.86,46.65,48.49,42.6,46.04
2021-12-25,41.51,42.51,43.69,51.28,46.39,43.52,48.2,38.29,42.83,42.1,39.2,46.36,44.8,40.12,48.6,55.65,50.8,43.92,42.08,45.93,40.56,40.32,41.77,39.08,40.43,48.69,44.56,48.95,47.79,43.3,41.04,48.23,46.7,54.29,43.28,48.68,43.84,45.98,41.01,38.93,42.14,43.8,40.0,42.86,46.65,48.49,42.6,46.04
2021-12-26,41.51,42.51,43.69,51.28,46.39,43.52,48.2,38.29,42.83,42.1,39.2,46.36,44.8,40.12,48.6,55.65,50.8,43.92,42.08,45.93,40.56,40.32,41.77,39.08,40.43,48.69,44.56,48.95,47.79,43.3,41.04,48.23,46.7,54.29,43.28,48.68,43.84,45.98,41.01,38.93,42.14,43.8,40.0,42.86,46.65,48.49,42.6,46.04
2021-12-27,41.5,42.5,43.68,51.28,46.38,43.5,48.19,38.29,42.83,42.1,39.2,46.36,44.79,40.12,48.59,55.64,50.78,43.91,42.07,45.92,40.56,40.32,41.77,39.08,40.42,48.68,44.56,48.95,47.78,43.29,41.03,48.2,46.7,54.29,43.27,48.68,43.83,45.97,41.0,38.93,42.14,43.79,39.99,42.83,46.63,48.48,42.6,46.04
2021-12-28,41.5,42.5,43.68,51.28,46.38,43.5,48.19,38.28,42.81,42.08,39.2,46.36,44.79,40.11,48.59,55.64,50.78,43.91,42.06,45.91,40.55,40.32,41.77,39.08,40.42,48.68,44.55,48.95,47.77,43.29,41.03,48.19,46.69,54.29,43.27,48.67,43.82,45.97,41.0,38.92,42.14,43.78,39.99,42.83,46.61,48.48,42.59,46.03
2021-12-29,41.5,42.5,43.68,51.28,46.37,43.5,48.18,38.28,42.81,42.08,39.19,46.36,44.79,40.1,48.59,55.63,50.78,43.9,42.06,45.91,40.55,40.32,41.77,39.07,40.42,48.68,44.54,48.95,47.77,43.29,41.03,48.17,46.69,54.28,43.27,48.67,43.81,45.97,40.99,38.92,42.14,43.78,39.98,42.83,46.6,48.47,42.59,46.03
2021-12-30,41.5,42.5,43.67,51.28,46.36,43.49,48.18,38.27,42.8,42.08,39.19,46.35,44.79,40.1,48.58,55.63,50.77,43.9,42.05,45.9,40.54,40.31,41.77,39.07,40.41,48.67,44.54,48.95,47.76,43.28,41.02,48.16,46.68,54.28,43.27,48.66,43.8,45.96,40.99,38.92,42.14,43.77,39.98,42.82,46.59,48.47,42.59,46.02
2021-12-31,39.8,40.67,41.64,48.99,44.0,40.83,45.89,36.01,40.98,39.97,37.54,44.07,42.93,38.06,46.65,53.83,48.11,41.39,39.34,43.87,38.21,38.42,40.06,37.14,38.38,46.8,42.4,46.67,45.25,40.92,39.01,45.59,44.71,52.36,40.9,46.38,41.07,44.07,38.95,37.08,40.1,41.67,37.55,40.06,44.16,46.26,40.62,44.33
2022-01-01,39.8,40.67,41.64,48.99,44.0,40.83,45.89,36.01,40.98,39.97,37.54,44.07,42.93,40.45,46.65,53.83,44.53,41.39,39.34,43.87,38.21,38.42,40.06,37.14,38.38,46.8,42.4,46.67,45.25,40.92,39.01,45.59,44.71,52.36,40.9,46.38,41.07,44.07,41.33,37.08,40.1,41.67,37.55,40.06,44.16,46.26,40.62,44.33
2022-01-02,39.8,40.67,41.64,48.99,44.0,40.83,45.89,36.01,40.98,39.97,37.54,44.07,42.93,40.45,46.65,53.83,44.53,41.39,39.34,43.87,38.21,38.42,40.06,37.14,38.38,46.8,42.4,46.67,45.25,40.92,39.01,45.59,44.71,52.36,40.9,46.38,41.07,44.07,41.33,37.08,40.1,41.67,37.55,40.06,44.16,46.26,40.62,44.33
2022-01-03,39.8,40.67,41.64,48.99,44.0,40.83,45.89,36.31,40.98,39.97,37.54,44.07,42.93,40.45,46.65,51.29,44.53,41.39,39.34,43.87,38.21,38.42,40.06,37.14,38.38,46.8,42.4,46.67,45.25,40.92,39.01,45.59,44.71,52.36,40.9,46.38,41.07,43.18,41.33,37.08,40.1,41.67,37.55,40.06,44.16,46.26,40.62,44.33
2022-01-04,39.78,40.65,41.62,48.99,43.97,40.79,45.86,38.67,40.97,39.96,37.53,44.03,42.92,41.32,46.63,51.25,44.51,41.37,39.32,43.86,38.19,38.41,40.0,37.13,38.37,46.78,42.38,46.67,45.22,40.9,38.99,45.54,44.69,52.35,40.89,46.36,41.04,43.16,41.31,37.07,38.05,41.65,37.52,40.02,43.74,46.24,40.61,44.31
2022-01-05,39.78,40.65,41.61,48.99,43.97,40.78,45.86,38.67,40.96,39.95,37.53,44.03,42.92,41.32,46.63,51.25,44.5,41.36,39.31,43.85,38.18,38.41,40.0,37.13,38.36,46.77,42.37,46.67,45.21,40.89,38.98,45.52,44.68,52.34,40.88,46.35,41.03,43.15,41.3,37.06,38.05,41.65,37.52,40.02,43.73,46.23,40.61,44.3
2022-01-06,39.77,40.64,41.61,48.99,43.97,40.77,45.86,38.67,40.95,39.95,37.53,44.03,42.91,41.31,46.62,51.23,44.5,41.35,39.3,43.84,38.18,38.4,40.0,37.13,38.36,46.77,42.36,46.67,45.21,40.89,38.98,45.5,44.68,52.34,40.88,46.35,41.02,43.15,41.3,37.06,38.04,41.65,37.51,40.01,43.71,46.23,40.6,44.29
2022-01-07,39.77,40.64,41.6,48.99,43.96,42.55,45.84,38.66,40.95,39.94,37.53,44.02,42.9,41.31,46.62,51.22,44.49,41.35,39.29,43.84,38.17,38.4,39.99,37.12,38.35,46.76,42.36,46.67,45.2,40.88,38.97,45.48,44.67,52.33,40.87,46.34,41.01,43.15,41.29,37.06,38.03,41.62,37.51,40.0,43.7,46.22,40.6,44.29
2022-01-08,39.76,40.63,41.59,48.99,43.95,42.54,45.84,38.66,40.95,39.94,37.52,44.01,42.9,41.3,46.62,51.21,44.48,41.34,39.28,43.83,38.16,38.4,39.99,37.12,38.34,46.76,42.35,46.67,45.19,40.87,38.97,45.47,44.67,52.33,40.86,46.33,41.0,43.14,41.29,37.05,38.03,41.62,37.5,39.99,43.68,46.22,40.59,44.28
2022-01-09,39.76,40.63,41.59,48.99,43.94,42.52,45.83,38.65,40.95,39.94,37.52,44.0,42.89,41.29,46.61,51.2,44.47,41.33,39.28,43.82,38.16,38.4,39.99,37.12,38.34,46.76,42.35,46.67,45.18,40.87,38.96,45.45,44.66,52.32,40.85,46.32,41.0,43.14,41.28,37.05,38.02,41.62,37.49,39.97,43.68,46.21,40.59,44.28
2022-01-10,39.76,40.62,41.58,48.99,43.94,42.52,45.83,38.65,40.95,39.94,37.52,44.0,42.89,41.29,46.61,51.2,44.46,41.33,39.28,43.82,38.15,38.4,39.99,37.12,38.34,46.76,42.34,47.86,45.18,40.85,38.95,45.43,44.65,52.32,40.85,46.32,40.99,43.14,41.28,37.05,38.02,41.62,37.49,39.96,43.68,46.21,40.59,44.28
2022-01-11,39.75,40.62,41.58,48.99,43.93,40.72,45.82,38.64,40.95,39.93,37.52,43.99,42.88,36.53,46.61,51.2,44.46,41.32,39.27,43.81,38.15,38.38,39.99,37.12,38.33,46.75,42.34,47.86,45.17,40.85,38.95,45.75,44.65,52.32,40.85,47.03,40.99,43.13,41.27,37.05,38.02,41.61,37.48,35.5,43.65,46.21,40.59,44.27
2022-01-12,39.75,40.62,41.57,52.82,43.93,40.72,45.82,38.64,40.92,39.93,37.51,43.99,42.88,36.52,46.6,51.19,44.46,41.31,39.26,43.81,38.14,38.38,39.99,37.11,38.33,46.75,42.33,47.86,45.16,40.84,38.95,45.73,44.65,52.31,40.84,47.03,40.96,43.12,41.27,37.04,38.01,41.61,37.47,35.49,43.64,46.2,40.58,44.27
2022-01-13,39.74,40.61,41.57,52.82,43.92,40.7,45.81,38.64,40.92,39.92,37.51,43.99,42.87,36.52,46.6,51.18,44.45,41.29,39.25,43.8,38.14,38.37,39.99,37.1,38.32,46.74,42.33,47.86,45.15,40.83,38.94,45.71,44.64,52.31,40.84,47.02,40.95,43.12,41.26,37.04,38.0,41.6,37.46,35.49,43.62,46.19,40.58,44.26
2022-01-14,39.73,40.61,41.56,52.82,43.91,40.7,45.8,38.63,40.91,39.92,37.51,43.99,42.87,36.51,46.59,51.17,44.44,41.27,39.25,43.8,38.13,38.37,39.97,37.1,38.32,46.74,42.32,44.29,45.14,40.83,38.93,42.12,44.64,52.3,40.83,47.01,40.94,43.11,41.26,37.03,38.0,41.58,37.46,35.48,43.61,46.19,40.58,44.26
2022-01-15,39.73,40.6,41.56,52.82,43.9,40.69,45.79,38.63,40.91,39.91,37.51,43.98,42.86,36.5,46.59,51.16,45.3,41.26,39.24,43.79,38.13,38.37,39.97,37.1,38.32,46.73,42.32,44.29,45.14,40.82,38.93,42.1,44.63,52.3,40.82,47.01,40.94,43.11,41.25,37.03,37.99,41.57,37.45,35.47,43.59,46.18,40.57,44.25
2022-01-16,39.73,40.6,41.56,52.82,43.9,40.69,45.79,38.63,40.91,39.91,37.51,43.98,42.86,36.5,46.59,51.16,45.3,41.26,39.24,43.79,38.13,38.37,39.97,37.1,38.32,46.73,42.32,44.29,45.14,40.82,38.93,42.1,44.63,52.3,40.82,47.01,40.94,43.11,41.25,37.03,37.99,41.57,37.45,35.47,43.59,46.18,40.57,44.25
2022-01-17,39.73,40.6,41.56,52.82,43.9,40.69,48.17,38.63,40.91,39.91,42.27,43.98,42.86,36.5,46.59,51.16,45.3,41.26,39.24,43.79,38.13,38.37,39.97,37.1,38.32,46.73,42.32,44.29,45.14,39.22,38.93,42.1,44.63,52.3,40.82,47.01,40.94,43.11,41.25,37.03,37.99,41.57,37.45,35.47,43.59,46.18,40.57,44.25
2022-01-18,39.73,40.6,41.55,52.82,43.89,40.67,48.17,38.62,40.91,39.91,42.26,43.96,42.85,36.5,46.58,51.15,45.29,41.25,39.24,43.78,38.13,38.36,39.96,37.09,38.31,46.73,44.7,44.29,45.12,39.21,38.92,42.06,44.62,52.29,40.81,47.0,41.85,44.82,41.25,37.02,37.98,41.56,37.44,35.45,43.59,46.18,40.57,44.25
2022-01-19,39.69,40.57,41.53,52.82,43.84,40.65,48.12,38.62,40.87,39.89,42.18,43.96,42.84,36.45,46.56,51.09,45.27,41.23,39.21,43.77,39.3,38.34,39.92,37.06,38.28,46.7,44.65,41.02,45.11,39.16,38.88,42.03,44.61,52.26,40.8,46.98,41.85,44.76,41.22,36.99,37.96,41.53,37.31,35.43,43.44,46.16,40.55,44.25
2022-01-20,39.68,42.95,41.52,52.82,43.83,40.64,48.12,38.58,40.86,39.88,42.18,43.96,42.83,36.44,46.55,51.08,45.26,41.22,39.2,43.76,39.3,38.33,39.91,37.06,38.27,46.69,44.64,41.02,45.1,39.14,38.88,42.01,44.6,52.26,40.79,46.97,41.84,44.76,41.21,36.99,37.95,41.53,37.3,35.42,43.43,43.9,40.55,44.1
2022-01-21,39.68,42.95,41.52,52.82,43.82,40.63,48.11,38.57,40.85,39.88,42.18,43.95,39.26,36.43,46.55,51.07,45.25,41.22,39.19,43.76,39.29,38.33,39.91,37.06,38.27,46.69,44.64,41.02,45.09,39.13,38.87,41.99,44.6,52.25,40.79,46.97,41.82,44.75,41.21,36.99,37.95,39.15,37.3,35.42,43.42,43.9,40.55,44.09
2022-01-22,39.68,40.56,41.51,52.82,43.82,41.19,48.1,38.57,40.85,39.87,42.18,43.94,39.25,36.43,46.54,51.06,45.25,41.21,39.19,43.75,39.28,38.33,39.91,37.06,38.27,46.69,44.63,41.02,45.08,39.13,38.87,41.97,44.59,52.25,40.78,46.96,41.82,44.75,41.2,36.98,37.94,39.15,37.29,35.41,43.42,43.89,40.54,44.09
2022-01-23,39.66,39.67,41.51,52.82,43.81,41.18,48.1,38.57,40.85,39.87,42.17,43.93,39.25,36.42,46.54,51.05,45.24,41.21,39.18,43.75,39.27,38.32,39.91,37.05,38.26,46.69,44.63,41.02,45.08,39.12,38.86,41.96,44.59,53.43,40.78,46.95,41.81,44.74,41.2,36.98,37.94,39.15,37.29,35.4,43.42,43.88,40.54,44.09
2022-01-24,39.66,39.67,41.51,52.82,43.81,41.18,48.1,38.56,40.85,39.87,39.79,43.92,39.25,36.42,46.54,51.05,45.24,41.2,39.18,43.75,39.27,38.32,39.91,37.05,38.26,46.69,44.63,41.02,45.08,39.12,38.86,41.95,44.58,53.43,40.78,46.95,41.81,44.74,38.82,36.98,37.94,39.15,36.39,35.4,43.42,43.88,40.54,44.09
2022-01-25,39.65,39.66,41.5,50.86,43.8,41.17,48.09,38.56,40.84,39.87,39.41,43.92,39.25,36.42,46.54,51.05,45.23,42.99,37.1,43.74,39.27,38.32,40.79,37.04,38.26,46.69,44.62,41.02,45.07,39.11,38.86,41.94,44.58,53.43,40.78,46.95,41.8,44.74,38.81,36.98,37.93,39.12,36.39,35.39,43.39,43.88,40.54,44.09
2022-01-26,39.65,39.66,41.5,50.86,43.8,41.17,48.08,38.56,40.84,39.86,39.4,43.92,39.24,36.42,46.53,51.04,45.22,42.98,37.1,43.74,39.26,38.32,40.79,37.04,38.25,46.68,44.62,41.02,45.06,39.11,38.85,41.92,41.01,53.42,40.77,46.94,41.79,44.74,38.81,36.98,37.93,41.5,36.39,35.39,43.38,43.87,40.54,44.08
2022-01-27,39.65,39.66,41.5,50.18,43.79,41.16,48.08,38.55,40.83,39.86,39.4,43.92,39.24,36.41,46.53,51.03,45.21,42.97,37.09,43.73,39.26,38.31,40.78,37.04,38.25,46.68,44.61,38.64,45.05,39.1,38.85,41.91,41.0,53.42,40.77,46.93,41.78,44.73,38.81,36.97,37.92,41.49,35.68,35.39,43.37,43.87,40.53,44.07
2022-01-28,39.64,39.65,41.49,50.17,43.79,41.15,48.07,38.55,40.83,39.86,39.4,43.91,39.23,36.41,46.53,51.02,45.2,42.97,37.08,43.73,39.25,38.31,40.78,37.04,38.24,46.67,44.61,38.64,45.05,39.09,38.84,41.89,40.99,53.41,40.76,46.93,41.77,44.73,38.8,36.97,37.91,41.49,35.67,35.38,43.36,43.86,40.53,44.07
2022-01-29,39.64,39.65,41.49,50.16,43.78,41.14,48.06,38.54,40.82,39.85,39.39,43.9,39.23,36.4,46.52,51.01,45.19,42.96,37.07,43.72,39.24,38.31,40.78,37.03,38.24,46.67,44.61,38.64,45.03,39.09,38.84,41.87,40.99,53.41,40.76,46.92,41.77,44.72,38.8,36.96,37.91,41.48,35.67,35.38,43.35,43.85,40.53,44.07
2022-01-30,39.64,39.64,41.48,50.15,43.78,41.13,48.06,36.16,40.82,39.85,39.39,43.89,39.22,36.4,46.52,51.0,45.19,42.95,37.07,43.72,39.24,38.3,40.78,37.03,38.23,46.67,44.61,38.64,45.03,39.08,38.83,41.86,40.98,53.41,40.76,46.92,41.76,44.71,38.79,36.96,37.9,41.48,35.67,35.37,43.34,43.85,40.53,44.07
2022-01-31,42.01,39.64,41.48,50.14,43.77,41.12,48.06,36.15,40.82,39.85,39.39,43.89,39.22,36.39,46.52,51.0,45.19,42.95,37.07,43.72,39.24,38.3,40.78,37.03,38.23,46.67,44.61,38.64,45.03,39.07,38.83,42.74,40.98,53.4,40.75,46.92,41.76,44.71,38.79,36.96,37.9,41.48,35.66,35.37,43.34,43.84,40.53,44.07
2022-02-01,42.01,39.64,41.47,50.14,40.79,41.12,48.05,36.15,40.81,39.84,39.38,43.89,39.22,35.5,41.76,52.15,45.18,42.95,39.15,43.72,39.23,38.3,40.75,37.03,38.23,46.67,44.59,38.64,45.01,39.07,38.82,42.73,40.98,53.4,40.75,46.91,41.75,44.71,38.79,36.96,37.89,39.1,35.66,35.37,43.32,43.84,41.71,44.06
2022-02-02,42.01,39.64,41.47,50.13,40.79,41.11,48.04,36.15,40.81,39.84,39.38,43.89,39.21,35.49,41.75,52.14,45.17,42.94,39.14,43.71,39.23,38.29,40.75,37.03,38.23,46.67,44.59,38.64,45.0,39.06,38.82,42.71,40.97,53.4,40.75,44.52,41.74,44.71,38.78,36.95,37.89,39.1,35.66,35.36,43.31,43.83,41.71,45.25
2022-02-03,42.01,39.64,41.46,50.12,40.78,41.1,48.04,36.14,40.81,39.84,39.38,43.89,39.21,35.48,41.75,52.13,45.17,42.93,39.14,43.7,39.22,38.29,40.74,37.02,38.22,46.67,44.59,38.64,44.99,39.06,38.81,42.7,40.97,53.39,40.74,44.52,41.73,44.7,38.78,36.95,37.88,39.07,35.65,35.36,43.3,43.83,41.71,45.24
2022-02-04,42.0,39.63,41.46,50.11,40.78,41.09,48.03,36.14,40.8,39.84,39.37,43.88,39.2,35.48,41.75,52.12,45.16,42.93,39.13,43.7,39.21,38.29,40.74,37.02,38.22,46.66,44.58,38.64,44.98,39.05,38.81,42.68,40.96,53.39,40.74,44.51,41.73,44.7,38.77,36.95,37.88,39.07,35.65,35.35,43.29,43.82,41.7,45.24
2022-02-05,42.0,39.63,41.45,50.1,40.78,41.08,48.02,36.14,40.8,39.83,39.37,43.88,39.2,35.48,41.74,52.11,45.15,42.92,39.13,43.69,39.21,38.29,40.73,37.02,38.21,46.66,44.57,38.64,44.97,39.04,38.8,42.67,40.96,53.39,40.73,44.5,41.72,44.69,38.77,36.94,37.88,39.05,35.64,35.35,43.28,43.81,41.7,45.23
2022-02-06,42.0,39.63,41.44,50.09,40.77,41.07,48.02,36.13,40.8,39.83,39.37,43.88,39.2,35.47,41.74,52.09,45.15,42.91,39.13,43.69,39.2,38.29,40.73,37.02,41.78,46.66,44.57,38.64,44.97,39.04,38.8,42.65,40.96,53.39,40.73,44.5,41.72,44.69,38.77,36.94,37.87,39.05,35.64,35.35,43.28,43.8,41.7,45.23
2022-02-07,41.99,39.62,41.44,52.56,40.76,41.06,48.02,36.13,40.8,39.83,39.37,43.88,39.19,35.47,41.74,52.09,45.15,42.91,39.13,43.68,39.19,38.29,40.73,37.02,41.78,46.66,44.57,38.64,44.96,39.03,38.79,42.64,40.96,53.39,40.73,44.49,41.72,44.69,38.77,36.94,37.87,39.05,35.64,35.34,43.28,43.8,41.7,45.23
2022-02-08,41.99,38.43,39.95,52.56,40.76,41.05,48.01,40.59,40.79,39.83,39.36,43.88,39.19,35.47,41.74,52.09,45.14,42.9,35.55,43.68,39.19,38.28,40.72,37.01,41.78,46.66,44.56,38.64,44.95,39.03,38.79,42.63,40.96,53.38,40.72,44.49,41.7,44.69,38.76,36.94,37.87,39.04,35.64,35.34,43.25,43.8,41.7,45.23
2022-02-09,41.99,38.42,39.94,52.55,40.75,41.05,48.0,40.59,40.78,39.82,39.36,43.88,39.19,35.47,41.74,52.08,45.12,42.9,35.55,43.68,39.18,38.28,40.72,37.01,41.78,46.66,44.56,38.64,44.95,39.02,38.79,42.62,40.95,53.38,40.72,44.49,41.7,44.68,38.76,36.94,37.86,38.92,35.63,35.34,43.24,43.79,41.69,45.23
2022-02-10,41.99,38.42,39.94,52.55,40.74,41.04,48.0,40.58,40.78,39.82,39.36,43.88,39.18,35.47,41.73,52.08,45.11,42.89,35.54,43.67,38.02,38.27,40.71,37.01,41.77,46.65,44.55,38.64,44.94,39.01,38.78,42.61,40.95,53.38,40.72,44.48,40.74,44.68,38.75,36.93,37.86,38.91,35.6,35.33,43.23,43.79,41.69,45.22
2022-02-11,41.98,38.42,39.93,48.07,40.74,41.03,47.99,40.58,40.78,39.82,39.35,43.85,39.18,35.47,41.73,52.07,45.11,42.88,35.53,43.66,38.01,38.27,40.71,37.0,41.77,46.65,44.55,38.64,44.93,39.01,38.78,42.6,40.94,53.37,40.72,44.48,40.74,44.67,38.75,36.93,37.85,38.91,35.6,35.33,43.22,43.78,41.69,45.21
2022-02-12,41.98,38.41,39.93,48.06,40.74,41.02,47.99,41.77,40.78,39.81,39.35,43.84,39.17,35.47,41.72,52.06,45.1,42.88,35.53,43.66,38.01,38.27,40.7,37.0,41.77,46.65,44.54,38.64,44.93,39.0,38.78,42.58,40.94,53.37,40.71,44.47,40.73,44.67,38.74,36.93,37.85,38.9,35.59,35.33,43.21,43.77,41.69,45.21
2022-02-13,41.98,38.41,39.92,48.06,40.73,41.01,47.99,41.77,40.78,39.81,39.35,43.83,39.17,35.47,41.72,52.05,45.1,42.87,35.53,43.65,38.0,38.27,40.7,37.0,41.76,46.65,44.54,38.64,44.92,38.99,38.77,42.57,40.94,53.36,40.71,44.46,40.73,44.67,38.74,36.93,37.84,38.9,35.59,35.33,43.21,43.77,41.68,45.21
2022-02-14,41.98,38.41,39.92,48.05,40.73,41.0,47.99,41.76,40.78,39.81,39.35,43.83,39.16,35.47,41.72,52.05,45.1,42.87,35.53,43.65,38.0,38.27,40.7,37.0,41.76,46.65,44.54,38.64,44.92,38.99,38.77,42.57,40.93,53.36,40.7,44.46,40.72,44.66,38.74,36.93,37.84,38.9,35.58,35.33,43.21,43.77,41.68,45.21
2022-02-15,41.97,40.79,39.92,48.05,40.73,41.0,47.98,41.76,40.78,39.81,39.34,43.83,39.16,35.47,41.72,51.43,45.08,42.86,35.52,43.65,38.0,38.26,40.69,37.0,41.76,46.65,44.54,39.53,43.16,38.98,38.76,42.56,40.93,53.36,40.7,44.46,40.71,44.66,38.74,36.92,37.84,38.86,35.58,35.33,43.19,43.76,39.3,45.2
2022-02-16,41.97,40.79,39.92,48.05,40.73,41.0,47.97,41.76,40.78,39.81,39.34,43.83,39.16,35.47,41.71,51.42,45.07,42.86,35.52,43.64,38.0,38.26,40.69,36.99,41.76,46.64,44.54,39.53,43.15,38.97,38.76,42.55,40.93,53.36,40.7,44.45,40.7,44.66,38.73,36.92,37.83,38.86,35.58,35.33,43.18,43.76,39.3,45.2
2022-02-17,41.96,40.79,39.91,48.03,40.71,40.99,47.96,41.75,40.77,39.8,39.33,43.83,39.15,35.47,41.71,51.41,45.07,42.85,35.51,43.64,37.99,38.25,40.69,36.99,41.75,46.64,44.53,39.53,43.15,38.96,38.75,42.54,40.93,53.35,40.7,44.45,40.69,44.65,38.73,36.92,37.83,38.86,35.57,35.33,43.1,43.75,39.3,45.19
2022-02-18,41.96,40.79,39.9,48.03,39.82,40.98,47.96,41.75,40.77,39.8,39.33,43.82,39.15,35.47,41.71,51.4,45.06,42.84,35.51,43.63,37.99,38.25,40.68,36.99,41.75,46.64,44.52,39.53,43.14,38.96,38.74,42.53,40.92,53.35,40.69,44.45,40.69,44.65,38.73,36.9,37.82,38.86,35.57,35.33,43.09,43.75,39.29,45.19
2022-02-19,41.96,40.78,39.9,48.02,39.81,40.98,47.95,41.75,40.77,39.8,39.33,43.81,39.15,35.47,41.7,51.4,45.06,42.84,35.51,43.63,37.98,38.25,40.67,36.98,41.75,46.64,44.52,39.53,43.14,38.95,38.74,42.52,40.92,53.34,40.69,44.44,40.68,44.65,38.72,36.9,37.82,38.86,35.56,35.33,43.08,43.74,39.29,45.18
2022-02-20,41.96,40.78,39.9,48.02,39.81,40.98,47.95,41.75,40.77,39.8,39.33,43.81,39.15,35.47,41.7,51.4,45.06,42.84,35.51,43.63,37.98,38.25,40.67,36.98,41.75,46.64,44.52,39.53,43.14,38.95,38.74,42.52,40.92,53.34,40.69,44.44,40.68,44.65,38.72,36.9,38.71,38.86,35.56,35.33,43.08,43.74,39.29,45.18
2022-02-21,41.96,40.78,39.9,48.02,39.81,40.98,47.95,41.75,40.77,39.8,39.33,43.81,39.15,35.47,41.7,51.4,45.06,42.84,35.51,43.63,37.98,38.25,40.67,36.98,41.75,46.64,40.8,39.53,43.14,38.95,38.74,42.52,40.92,53.34,40.69,44.44,40.68,44.65,38.72,36.9,38.71,38.86,35.56,35.33,43.08,43.74,39.29,45.18
2022-02-22,41.95,40.77,39.89,48.01,39.81,40.96,47.94,41.74,40.76,39.79,39.32,43.81,39.14,35.47,41.7,51.39,45.06,42.83,35.51,43.62,37.98,38.25,40.67,36.98,41.74,46.64,40.8,39.53,43.12,38.94,38.73,42.5,40.91,53.34,40.68,44.43,40.67,44.63,38.72,36.9,38.71,38.85,35.55,35.33,43.08,41.35,39.29,45.18
2022-02-23,41.95,40.77,39.89,48.0,39.8,40.96,47.94,41.74,40.76,39.79,39.32,43.81,39.14,35.47,41.7,51.39,45.06,42.83,35.51,43.62,37.97,38.24,40.66,36.98,41.74,46.63,40.79,38.34,43.12,38.94,38.73,42.49,40.91,53.33,40.68,44.43,40.66,44.63,38.71,36.89,38.7,38.85,35.55,35.33,44.76,41.34,39.29,45.18
2022-02-24,41.95,40.77,39.89,48.0,39.8,40.96,47.93,41.74,40.76,39.79,39.31,43.81,39.14,35.47,41.7,51.39,45.06,42.82,35.51,43.61,37.97,38.24,40.66,36.98,41.73,46.63,40.78,38.34,43.11,38.93,38.73,42.48,40.91,53.33,40.68,44.42,40.66,44.62,38.71,36.89,38.7,38.84,35.55,35.33,44.75,41.34,39.28,45.17
2022-02-25,41.95,40.77,39.88,48.0,39.8,40.95,47.93,41.74,40.76,39.79,39.31,43.79,38.49,35.47,41.69,51.38,45.03,43.71,35.49,43.6,37.97,38.24,40.66,36.97,41.73,46.63,40.78,38.34,43.11,38.92,38.73,42.47,40.9,53.33,40.68,44.42,40.65,44.62,38.71,36.89,38.7,38.84,35.55,35.3,44.74,41.34,39.28,46.07
2022-02-26,41.95,40.77,39.88,48.0,39.79,40.94,47.92,41.73,40.75,39.78,39.31,43.79,38.49,35.47,41.69,51.37,45.03,43.7,35.49,43.6,37.96,38.24,40.65,36.97,41.73,46.63,40.78,38.34,43.1,38.92,38.72,42.46,40.9,53.33,40.67,44.42,40.65,44.61,38.7,36.89,38.69,38.84,35.54,35.3,44.74,41.33,39.28,46.07
2022-02-27,41.95,40.77,39.88,48.0,39.79,40.94,47.92,41.73,40.75,39.78,39.31,43.79,38.49,35.47,41.69,51.37,45.03,43.7,35.49,43.6,37.96,38.24,40.65,36.97,41.73,46.63,40.78,38.34,43.1,38.92,38.72,42.46,40.9,53.33,40.67,44.42,40.65,44.61,38.7,36.89,38.69,38.84,35.54,35.3,44.74,41.33,39.28,46.07
2022-02-28,41.94,41.65,39.87,48.0,39.79,40.54,47.92,41.73,40.75,39.78,39.31,42.18,38.48,35.47,41.69,51.36,45.03,43.69,35.49,43.6,37.96,39.13,40.65,36.97,41.73,46.63,40.78,38.34,43.1,38.91,38.72,42.45,40.9,53.33,40.67,44.41,40.65,44.61,38.7,36.89,38.69,38.84,35.54,35.3,44.73,41.32,39.28,46.07
2022-03-01,41.94,41.65,39.87,48.0,39.79,40.54,47.12,41.73,40.75,39.78,41.69,42.17,38.48,35.47,41.69,51.36,44.22,43.69,35.49,43.6,37.96,39.13,40.64,36.97,41.72,46.63,40.77,38.34,43.09,38.91,38.72,42.45,40.9,53.33,40.67,44.41,40.64,44.61,38.7,36.88,38.68,38.84,35.53,35.3,42.17,41.32,39.28,46.06
2022-03-02,41.94,41.65,39.87,48.0,39.79,40.53,47.1,41.73,40.75,39.78,41.68,42.17,38.48,35.47,41.69,51.35,44.22,42.8,35.49,43.6,37.95,39.12,40.64,36.97,41.72,46.62,40.76,38.34,41.9,38.91,38.71,42.44,40.9,53.32,40.66,44.4,40.64,44.6,38.7,36.88,38.68,38.83,35.53,35.3,42.17,41.32,39.28,46.06
2022-03-03,41.94,41.65,39.86,47.97,39.78,40.53,47.1,41.73,40.75,39.78,41.68,42.17,38.48,35.47,41.69,49.79,44.22,42.8,35.49,43.59,37.95,39.12,40.64,36.96,41.72,46.62,40.76,38.34,41.9,38.9,38.71,42.44,40.89,53.32,40.66,44.4,40.64,44.6,38.69,36.88,38.68,38.83,35.53,35.3,42.17,41.32,39.28,46.06
2022-03-04,41.94,41.65,39.86,47.97,39.78,40.53,47.1,41.72,40.74,39.77,41.68,42.16,38.48,35.47,41.69,49.78,44.21,42.8,35.49,43.59,37.95,39.12,40.64,36.96,41.72,46.62,40.76,38.34,41.89,38.9,38.71,42.43,40.89,53.32,40.66,44.39,40.63,44.6,38.69,36.88,38.68,38.83,35.53,36.19,42.17,41.31,39.27,46.06
2022-03-05,41.93,41.65,39.86,47.97,39.78,40.52,47.1,41.72,40.74,39.77,41.68,42.16,38.47,35.47,41.68,49.78,43.32,42.79,35.49,43.58,37.94,39.12,40.63,36.96,41.72,46.62,40.76,38.34,41.89,38.89,38.71,42.42,40.89,53.32,40.66,44.39,40.63,44.6,38.69,36.87,38.67,38.83,35.53,36.19,42.16,41.31,39.27,46.06
2022-03-06,41.93,41.65,39.86,47.96,39.78,40.52,47.1,41.72,40.74,39.77,41.67,42.16,38.47,36.36,41.68,49.77,43.32,42.79,35.49,43.58,37.94,39.12,40.63,36.96,41.71,46.62,40.75,38.34,41.88,38.89,38.71,42.42,40.89,49.15,40.65,44.39,40.62,44.59,38.69,36.87,38.67,38.83,35.52,36.19,42.16,41.31,39.27,46.06
2022-03-07,41.93,38.07,39.85,44.39,39.78,40.51,47.1,41.72,40.74,39.77,41.67,42.16,38.47,36.36,41.68,50.66,43.32,42.79,35.49,43.58,37.94,39.12,40.63,36.96,41.71,46.62,40.75,38.34,41.88,38.89,38.7,41.84,40.89,49.15,40.65,44.39,40.62,44.59,38.69,36.87,38.67,38.83,35.52,36.19,42.16,41.31,39.27,46.06
2022-03-08,41.93,38.07,39.85,44.39,39.77,40.51,47.08,41.72,40.73,39.77,41.67,42.16,38.47,36.36,41.68,50.66,43.31,42.79,35.49,43.57,37.94,39.11,40.63,36.96,41.71,46.62,40.75,38.34,41.88,38.89,38.7,41.83,41.78,49.15,40.65,42.01,40.62,44.59,38.68,36.87,38.67,38.83,35.52,36.19,42.16,41.31,39.27,46.06
2022-03-09,41.93,38.07,39.85,44.38,39.77,40.51,47.08,41.71,40.73,39.77,41.67,42.16,38.47,36.36,41.67,50.65,43.31,42.79,35.49,43.57,37.94,39.11,40.62,36.96,41.71,46.62,40.74,38.34,41.87,38.88,38.7,41.83,41.77,49.15,40.65,42.01,40.61,44.58,38.68,36.87,38.67,38.82,35.52,36.19,42.15,41.3,39.27,46.06
2022-03-10,41.93,38.07,39.85,44.38,39.77,40.51,47.08,41.71,40.73,39.77,41.67,42.16,38.46,36.36,41.67,50.63,43.31,42.78,35.49,43.57,37.94,39.11,40.62,36.95,41.71,46.62,40.74,38.34,41.87,38.88,38.7,41.82,41.77,49.15,40.65,42.01,40.61,44.57,38.68,36.87,38.67,38.82,35.52,36.19,42.15,41.3,39.27,44.88
2022-03-11,41.93,38.06,39.85,44.38,39.76,40.5,47.07,41.71,40.73,39.77,41.67,42.14,38.46,36.36,41.67,50.61,43.31,42.78,35.47,43.57,37.93,39.11,40.62,36.95,41.71,46.62,40.74,38.34,41.87,38.87,38.7,41.82,41.77,49.15,39.76,42.0,40.61,44.57,38.68,36.87,38.66,38.82,35.52,36.15,40.36,41.3,39.26,44.88
2022-03-12,41.92,38.06,39.84,44.38,39.76,40.5,47.07,41.71,40.72,39.76,41.67,42.14,38.46,36.36,41.66,50.61,43.31,42.78,35.47,43.57,37.93,39.11,40.61,36.95,41.7,46.62,40.74,38.34,41.87,38.87,38.69,41.81,41.77,49.15,39.76,42.0,40.6,44.57,38.68,36.87,38.66,38.82,35.51,36.15,40.36,41.29,39.26,44.88
2022-03-13,41.92,38.06,39.84,44.37,39.76,40.5,47.07,41.71,40.72,39.76,41.66,42.14,38.45,36.36,41.66,50.6,43.31,42.78,35.47,43.56,37.93,39.11,40.61,36.95,41.7,46.62,40.74,38.34,41.86,38.87,38.69,41.81,41.77,49.14,39.76,42.0,40.6,44.56,38.67,36.87,38.66,38.82,35.51,36.15,40.36,41.29,39.26,44.88
2022-03-14,41.92,38.06,39.84,44.37,39.76,40.49,47.07,41.71,40.72,39.76,41.66,42.14,38.45,36.36,41.66,49.97,43.31,42.78,35.47,43.56,37.93,39.11,40.61,36.95,41.7,46.62,40.74,38.34,41.86,38.87,38.69,41.81,41.77,49.14,39.75,42.0,40.6,44.56,38.67,36.87,38.66,38.82,35.51,36.15,40.36,41.29,39.26,44.88
2022-03-15,41.92,39.25,39.84,44.37,39.76,40.49,47.07,41.71,40.72,39.76,41.66,42.14,38.45,36.36,41.66,49.97,43.3,42.77,35.46,43.56,37.93,39.1,40.61,36.95,41.7,46.62,40.73,38.34,41.86,38.87,38.69,41.81,41.77,49.14,39.75,42.0,40.59,44.56,38.67,36.86,38.65,38.81,35.51,36.15,40.36,41.29,39.26,44.88
2022-03-16,41.92,39.25,39.84,44.36,39.76,39.97,47.06,41.71,40.72,39.76,41.66,42.14,38.45,36.36,41.66,49.96,43.3,42.77,35.46,43.56,37.93,39.1,40.6,36.95,41.7,46.62,40.72,38.34,41.86,38.86,38.69,41.8,41.76,49.14,39.75,41.99,40.59,44.56,38.67,36.86,38.65,38.8,35.51,36.15,40.35,41.29,39.26,44.88
2022-03-17,41.92,39.25,39.83,44.36,39.75,39.97,47.06,41.7,40.72,39.76,41.66,42.14,38.45,36.36,41.66,49.96,43.3,42.77,35.46,43.56,37.93,39.1,40.6,36.95,41.7,46.62,40.72,38.34,41.85,38.86,38.69,41.8,41.76,49.14,39.75,41.99,40.59,44.56,38.67,36.86,38.65,38.8,35.51,36.15,40.35,41.29,39.26,44.88
2022-03-18,41.92,39.24,39.83,44.36,39.75,39.97,47.06,41.7,40.72,39.76,41.66,42.13,38.45,36.36,41.66,49.95,43.3,42.77,35.46,43.56,37.93,39.1,40.6,36.95,41.69,46.62,40.72,38.34,41.85,38.85,38.69,41.8,41.76,49.13,39.75,41.99,40.59,44.55,38.67,36.86,38.64,38.8,35.51,36.15,40.35,41.28,39.26,44.88
2022-03-19,41.92,39.24,39.83,44.36,39.75,39.96,47.06,41.7,40.71,39.76,41.66,42.13,38.44,36.36,41.66,49.95,43.3,42.76,35.46,43.56,37.92,39.1,40.6,36.94,41.69,46.62,40.72,38.34,41.85,38.85,38.68,41.79,41.76,49.13,39.75,41.99,40.58,44.55,38.66,36.86,38.64,38.8,35.5,36.15,40.35,41.28,39.25,44.88
2022-03-20,41.91,39.24,39.83,44.36,39.75,39.96,47.06,41.7,40.71,39.76,41.66,42.13,38.44,36.36,41.65,49.94,43.3,42.76,35.46,43.56,37.92,39.1,40.59,36.94,41.69,46.62,40.72,38.34,41.85,38.85,38.68,41.79,41.76,49.13,39.74,41.99,40.58,44.55,38.66,36.86,38.64,38.8,35.5,36.15,40.35,41.28,39.25,44.88
2022-03-21,41.91,39.24,39.83,44.36,39.75,39.96,47.06,41.7,40.71,39.76,41.66,42.13,38.44,36.36,41.65,43.3,43.3,42.76,35.46,43.55,37.92,39.1,40.59,36.94,41.69,46.62,40.72,38.34,41.84,38.85,38.68,41.78,41.76,49.13,39.74,41.99,40.58,44.55,38.66,36.86,38.64,38.8,34.31,36.15,40.35,41.28,39.25,44.88
2022-03-22,41.91,39.24,39.83,44.36,39.75,39.96,47.05,41.7,40.71,38.56,41.65,42.13,38.44,36.36,41.65,43.3,43.29,42.76,35.46,43.55,37.92,39.1,40.59,36.94,41.69,46.62,40.71,38.34,41.84,38.85,38.68,41.78,41.76,49.13,39.74,41.99,40.58,40.38,38.66,36.85,38.64,38.8,34.31,36.14,40.34,41.28,39.25,44.88
2022-03-23,41.91,39.24,39.81,44.36,39.74,39.96,47.05,41.7,40.71,38.56,41.65,42.13,38.44,36.36,41.65,43.29,43.29,42.76,35.45,43.55,37.92,39.09,40.59,36.94,41.69,46.61,40.71,38.34,41.84,38.85,38.68,41.78,41.76,49.13,39.74,41.98,40.57,40.38,38.66,36.85,38.64,38.79,34.31,36.14,40.34,41.28,39.25,44.88
2022-03-24,41.91,39.24,39.81,44.36,39.74,39.96,47.05,41.69,40.71,38.56,41.65,42.13,38.44,36.36,41.65,43.29,43.29,42.75,35.45,43.55,37.92,39.09,40.58,36.94,41.69,46.61,40.7,38.34,41.84,38.84,38.68,41.78,41.75,49.13,39.74,41.98,40.57,40.38,38.66,36.85,38.63,38.79,34.31,36.14,40.34,41.28,39.25,44.88
2022-03-25,41.91,39.24,39.81,44.36,39.74,39.95,47.04,41.69,40.71,38.56,41.65,42.13,38.44,36.36,41.65,43.29,43.29,42.75,35.45,43.55,37.92,39.09,40.58,36.93,41.69,46.61,40.7,38.34,41.84,38.84,38.68,41.77,41.75,49.13,39.74,41.98,40.57,40.38,38.66,36.85,38.63,38.79,34.31,36.14,40.34,41.27,39.25,44.88
2022-03-26,41.91,39.23,39.81,44.36,39.74,39.95,47.04,41.69,40.71,38.56,41.65,42.13,38.43,36.36,41.65,43.28,43.29,42.74,35.45,43.55,37.92,39.09,40.58,36.93,41.68,46.61,40.7,38.34,41.83,38.84,38.68,41.77,41.75,49.12,39.74,41.98,40.57,40.38,38.65,36.85,38.63,38.79,34.3,36.13,40.33,41.27,39.25,44.88
2022-03-27,41.91,39.23,39.8,44.36,39.74,39.95,47.04,41.69,40.71,38.56,41.65,42.13,38.43,36.36,41.64,43.28,43.29,42.74,35.45,43.55,37.92,39.09,40.58,36.93,41.68,46.61,40.7,38.34,41.83,38.83,38.67,41.77,41.75,49.12,39.74,41.97,40.56,40.38,38.65,36.85,38.63,38.79,34.3,36.13,40.33,41.27,39.25,44.88
2022-03-28,41.91,39.23,39.8,44.36,39.74,39.95,47.04,41.69,40.71,38.56,41.65,42.13,38.43,36.36,41.64,43.28,43.29,42.73,35.45,43.54,37.91,39.09,40.58,36.93,41.68,46.61,40.7,38.34,41.83,38.83,38.67,41.77,41.75,49.12,39.73,41.97,40.56,40.38,38.65,36.85,38.63,38.79,34.3,36.13,40.33,41.27,39.25,44.88
2022-03-29,41.91,39.23,39.8,44.36,39.73,39.95,47.04,41.69,40.71,38.56,39.26,42.13,38.43,36.36,41.64,43.28,43.28,42.73,35.44,43.54,37.91,39.09,40.58,36.93,41.68,46.61,40.7,38.34,41.83,38.83,38.67,41.76,41.75,49.12,39.73,41.97,40.56,39.78,38.65,36.85,38.62,38.79,34.3,36.13,40.33,41.27,39.25,44.88
2022-03-30,41.91,39.23,39.8,46.4,39.73,39.94,47.03,41.69,40.7,38.56,39.26,42.13,38.43,36.36,41.64,43.28,43.28,42.72,35.44,43.54,37.91,39.09,40.58,36.93,41.68,46.61,40.66,38.34,41.83,38.83,38.67,41.76,41.75,49.12,39.73,41.97,40.56,39.78,38.65,36.85,38.62,38.79,34.3,36.13,40.33,41.27,39.25,44.88
2022-03-31,41.91,39.23,39.8,46.4,39.73,39.94,47.03,41.69,40.7,38.55,39.26,42.13,38.43,36.36,41.64,43.28,43.28,42.71,35.44,43.54,37.91,39.09,40.58,36.93,41.68,46.61,40.66,38.34,41.82,38.83,38.67,41.75,41.75,49.12,39.73,41.97,40.56,39.78,38.65,36.85,38.62,38.79,34.3,36.13,40.33,41.26,39.24,44.88
2022-04-01,41.9,39.23,39.8,42.83,39.73,39.94,47.03,41.68,40.7,38.55,39.26,42.13,38.43,36.36,41.64,43.28,43.28,42.71,35.44,43.54,37.91,39.09,40.57,36.93,41.67,46.61,40.66,38.34,41.82,38.82,38.67,41.75,41.74,49.12,39.73,41.97,40.55,39.77,38.65,36.84,38.62,38.77,34.3,36.12,40.33,41.26,39.24,44.88
2022-04-02,41.9,39.23,39.8,42.83,39.73,39.94,47.03,41.68,40.69,38.55,39.26,42.13,38.42,36.36,41.64,43.27,43.28,42.71,35.43,43.54,37.91,39.09,40.57,36.93,41.67,46.61,40.65,38.34,41.82,38.82,38.67,41.75,41.74,49.11,39.73,41.97,40.55,39.77,38.64,36.84,38.62,38.77,34.29,36.12,40.32,41.26,39.24,44.88
2022-04-03,41.9,39.23,39.79,42.83,39.73,39.93,47.03,41.68,40.69,38.55,39.26,42.13,38.42,36.36,41.64,43.27,43.28,42.7,35.43,43.54,37.91,39.09,40.57,36.93,41.67,46.61,40.65,38.34,41.81,38.82,38.67,41.74,41.74,49.11,39.73,41.97,40.54,39.77,38.64,36.84,38.61,38.77,34.29,36.12,40.32,41.26,39.24,44.88
2022-04-04,41.9,39.23,39.79,42.83,39.73,39.93,47.03,41.68,40.69,38.55,39.26,42.13,38.42,36.36,41.64,43.27,43.27,42.7,36.32,43.54,37.91,39.09,40.57,36.93,41.66,46.61,40.65,38.34,41.81,38.81,38.66,41.74,41.74,49.11,39.72,41.96,40.54,39.77,38.64,36.84,38.61,38.77,34.29,36.12,40.32,41.26,39.24,44.88
2022-04-05,41.9,39.23,39.79,42.83,39.72,39.93,47.02,41.68,40.69,38.55,39.26,42.13,38.42,36.36,41.63,43.27,43.27,42.7,36.32,43.53,37.91,39.08,43.02,36.92,41.66,46.61,37.08,38.34,41.81,38.81,38.66,41.73,41.74,49.11,39.72,41.96,40.54,39.77,38.64,36.84,38.61,38.77,34.29,36.11,40.32,41.26,39.24,44.88
2022-04-06,41.9,39.22,39.79,42.83,39.72,39.92,47.01,41.68,40.69,38.55,39.25,42.13,38.42,36.36,41.63,43.27,43.26,42.7,36.31,43.53,37.9,39.08,43.02,36.92,41.65,46.61,37.08,38.34,41.8,38.81,38.66,41.73,41.74,49.11,39.72,41.95,40.53,39.77,38.63,36.84,38.61,38.77,34.29,36.11,40.32,41.26,39.24,44.88
2022-04-07,41.9,39.22,39.79,42.83,39.72,39.92,47.01,41.68,40.69,38.55,39.25,42.13,38.42,36.36,41.63,43.26,43.26,42.69,36.31,43.53,37.9,39.08,43.02,36.92,41.65,46.61,37.08,38.34,41.8,38.81,38.66,41.72,41.74,49.1,39.72,41.95,40.53,39.77,38.63,36.83,38.6,38.76,34.29,36.11,40.31,41.25,39.23,44.88
2022-04-08,41.9,39.22,39.79,42.83,39.72,39.92,47.01,41.67,40.69,38.54,39.25,42.13,38.42,36.36,41.63,43.26,43.26,42.69,36.31,43.53,37.9,39.08,43.02,36.92,41.65,46.61,37.08,38.34,41.8,38.81,38.66,41.72,41.74,49.1,39.72,41.95,40.53,39.77,38.62,36.83,38.6,38.76,34.28,36.11,40.31,41.25,39.23,44.88
2022-04-09,41.89,39.22,39.78,42.83,39.71,39.91,47.0,41.67,40.69,36.16,39.25,42.13,38.41,36.36,41.63,43.26,43.25,42.69,36.3,43.53,37.9,39.07,43.01,36.92,41.64,46.61,37.08,38.34,41.79,38.8,38.66,41.71,41.73,49.1,39.72,41.94,40.52,39.77,38.62,36.83,38.6,38.76,34.28,36.11,40.31,41.25,39.23,44.88
2022-04-10,41.89,39.22,39.78,42.83,39.71,39.91,47.0,41.67,40.69,36.16,39.25,42.13,38.41,36.36,41.63,43.26,43.25,42.69,36.3,43.53,37.9,39.07,43.01,36.92,41.64,46.61,37.08,38.34,41.79,38.8,38.65,41.71,41.73,49.1,39.71,41.94,40.52,39.77,38.62,36.83,38.6,38.76,34.28,36.11,40.31,41.25,39.23,44.88
2022-04-11,41.89,39.22,39.78,42.83,39.71,39.91,47.0,41.67,40.69,36.16,39.25,42.13,38.41,36.36,41.63,43.26,43.25,42.69,36.3,43.53,37.9,39.07,43.01,36.92,41.64,46.61,37.08,38.34,41.79,38.79,38.65,41.7,39.35,49.1,39.71,41.94,40.52,39.77,38.62,36.83,38.6,38.76,34.28,36.11,40.31,41.25,39.23,44.88
2022-04-12,41.89,39.22,39.78,42.83,39.71,39.9,47.0,41.67,40.68,36.16,39.25,42.13,38.41,36.36,41.63,43.26,38.74,42.69,36.3,43.52,37.9,39.07,43.01,36.92,41.63,46.61,37.08,38.34,41.78,38.79,38.65,41.7,39.35,49.09,39.71,42.83,40.51,39.77,38.62,36.83,38.6,38.76,34.27,36.11,40.31,41.25,39.23,44.88
2022-04-13,41.89,39.21,39.78,42.83,39.71,39.9,46.99,41.67,40.68,36.16,39.24,42.13,38.41,36.36,41.62,43.26,38.74,42.69,36.3,43.52,37.9,39.07,43.01,36.92,41.63,46.61,37.06,38.34,41.78,38.79,38.65,41.69,39.35,49.09,39.71,42.82,40.51,39.77,38.61,36.83,38.59,38.76,34.27,36.11,40.3,41.24,39.23,44.88
2022-04-14,41.89,39.21,39.78,42.83,39.71,39.9,46.99,41.66,40.68,36.16,39.24,42.13,38.41,36.36,41.62,43.26,38.73,42.69,36.3,43.52,37.89,39.07,43.01,36.92,41.62,46.6,37.06,38.34,41.78,38.79,38.65,41.69,39.35,49.09,39.71,42.82,40.5,39.77,38.61,36.82,38.59,38.76,34.27,36.11,40.3,41.23,39.23,44.88
2022-04-15,41.89,39.21,39.77,42.83,39.7,39.89,46.98,41.66,40.67,36.16,39.24,42.13,38.41,36.36,41.62,43.25,38.73,42.67,36.29,43.52,37.89,39.06,43.01,36.91,41.62,46.6,37.05,38.34,41.77,38.78,38.65,41.68,39.35,49.09,39.71,42.82,40.5,39.77,38.6,36.82,38.59,38.76,34.27,36.1,40.3,41.23,39.22,44.88
2022-04-16,41.89,39.21,39.77,42.83,39.7,39.89,46.98,41.66,40.67,36.16,39.24,42.13,38.41,36.36,41.62,43.25,38.73,42.67,36.29,43.52,37.89,39.06,43.01,36.91,41.62,46.6,37.05,38.34,41.77,38.78,38.65,41.68,39.35,49.09,39.71,42.82,40.5,39.77,38.6,36.82,38.59,38.76,34.27,36.1,40.3,41.23,39.22,44.88
2022-04-17,41.88,39.21,39.77,42.83,39.7,39.89,46.98,41.66,40.67,36.15,39.24,42.13,38.4,36.36,41.62,43.25,38.73,42.67,36.29,43.52,37.89,39.06,43.01,36.91,41.61,46.6,37.05,38.34,41.77,38.78,38.64,41.68,39.35,49.08,39.7,42.81,40.5,39.77,38.6,36.82,38.59,38.75,34.26,36.09,40.3,41.23,39.22,44.88
2022-04-18,40.09,37.42,37.97,42.83,39.7,39.89,46.98,39.87,40.67,34.36,39.24,42.13,38.4,36.36,41.62,43.25,38.73,42.67,36.28,43.52,36.1,37.27,43.01,36.91,41.61,46.6,37.05,34.77,41.77,38.77,36.85,41.67,37.56,47.29,39.7,42.81,40.5,36.2,36.81,35.03,36.8,36.96,34.26,34.3,40.3,41.23,39.22,42.2
2022-04-19,40.09,37.42,37.97,42.83,39.7,39.88,46.97,39.87,40.67,34.36,39.24,42.13,38.4,34.57,41.62,41.46,38.72,42.66,36.28,43.52,36.1,37.27,43.0,36.91,41.61,41.84,37.05,34.77,41.77,38.77,36.85,41.67,37.55,47.29,39.7,42.81,40.49,37.98,36.81,35.02,36.79,36.96,34.26,34.3,40.29,39.99,39.22,42.2
2022-04-20,40.09,37.41,37.97,42.83,39.7,39.88,43.4,39.87,40.67,34.36,39.24,42.13,38.4,34.57,41.62,41.46,38.72,42.66,36.28,42.62,36.1,37.27,43.0,36.91,41.6,41.84,37.05,34.77,41.76,38.77,36.85,41.67,37.55,47.29,39.7,38.34,40.49,37.98,36.81,35.02,36.79,36.96,34.26,34.3,40.29,39.99,39.22,42.2
2022-04-21,40.09,37.41,37.97,42.83,39.69,39.88,43.4,39.86,40.67,34.36,39.23,42.13,38.4,34.57,41.62,41.46,38.72,42.66,36.27,42.62,36.1,37.27,43.0,36.91,41.6,41.83,37.04,34.77,41.76,38.76,36.84,41.66,37.55,47.28,39.7,38.34,40.49,37.98,36.8,35.02,36.79,36.96,34.26,34.29,40.29,39.99,39.22,42.2
2022-04-22,40.09,37.41,37.97,42.83,39.69,39.88,43.4,39.86,40.67,34.36,39.23,42.13,38.4,34.57,41.62,41.46,38.72,42.66,36.27,42.62,36.1,37.27,43.0,36.91,41.6,41.83,37.04,34.77,41.76,38.76,36.84,41.66,37.55,47.28,39.7,38.34,40.49,37.98,36.8,35.02,36.79,36.96,34.26,34.29,40.29,39.99,39.22,42.2
2022-04-23,40.08,37.41,37.96,42.83,39.69,39.87,43.39,39.86,40.67,34.36,39.23,42.13,38.4,34.57,41.61,41.45,38.71,42.65,36.26,42.61,36.09,37.26,43.0,36.91,41.59,41.83,37.04,34.77,41.76,38.76,36.84,41.65,37.55,47.28,39.7,38.34,40.48,37.98,36.79,35.02,36.79,36.96,34.25,34.29,40.29,39.98,39.22,42.2
2022-04-24,40.08,37.41,37.96,42.83,39.69,39.87,43.39,39.86,40.66,34.36,39.23,42.13,38.39,34.57,41.61,41.45,38.71,42.65,36.26,42.61,36.09,37.26,43.0,36.91,41.59,41.83,37.04,34.77,41.75,38.75,36.84,41.65,37.55,47.28,39.69,38.33,40.48,37.98,36.79,35.02,36.79,36.96,34.25,34.29,40.29,39.98,39.22,42.2
2022-04-25,40.08,37.41,37.96,42.83,39.69,39.87,43.39,39.86,40.66,34.36,39.23,42.13,38.39,34.57,41.61,41.45,38.71,42.65,36.26,42.61,36.09,37.26,43.0,36.91,41.59,41.83,37.04,34.77,41.75,38.75,36.84,41.65,37.55,47.28,39.69,38.33,40.48,37.98,36.79,35.02,36.78,36.96,34.25,34.28,40.29,39.98,39.22,42.2
2022-04-26,40.08,37.41,37.96,42.83,39.68,39.86,43.39,39.86,40.66,34.35,39.23,42.13,38.39,34.57,41.61,41.45,37.76,42.65,36.25,42.61,36.09,37.26,39.43,36.9,41.59,41.83,37.04,34.77,41.75,38.75,36.84,41.64,37.55,47.28,39.69,38.33,40.47,38.75,36.79,35.02,36.78,36.96,34.25,34.28,40.28,39.98,39.21,42.2
2022-04-27,40.08,37.41,37.96,42.83,39.68,39.86,43.38,39.85,40.66,34.35,39.23,42.13,38.39,34.57,41.61,41.45,37.76,41.75,36.25,42.61,36.09,37.26,39.43,36.9,41.58,41.83,37.03,34.77,41.75,38.75,36.84,41.64,37.55,47.28,39.69,38.33,40.47,38.75,36.78,35.02,36.78,36.96,34.25,34.28,40.28,39.98,39.21,42.2
2022-04-28,40.08,37.41,37.96,42.83,39.68,39.86,43.38,39.85,40.66,34.35,39.23,42.13,38.39,34.57,41.61,41.45,37.76,41.75,36.25,42.61,36.09,37.26,39.43,36.9,41.58,41.83,37.03,34.77,41.75,38.75,36.84,41.64,37.55,47.28,39.69,40.11,40.47,38.75,36.78,35.02,36.78,36.96,34.25,34.28,40.28,39.98,39.21,42.2
2022-04-29,40.08,37.4,37.95,42.83,39.68,39.86,43.38,39.85,40.66,34.35,39.23,42.13,38.39,34.57,41.61,41.45,37.75,41.74,36.25,42.61,36.09,37.26,39.42,36.9,41.58,41.83,37.03,34.77,41.74,38.74,36.83,41.63,37.54,47.27,39.69,40.1,40.47,38.75,36.78,35.01,36.78,36.95,34.25,34.28,40.28,39.98,39.21,42.2
2022-04-30,40.08,37.4,37.95,42.83,39.68,39.85,43.37,39.85,40.66,34.35,39.22,42.13,38.39,34.57,41.61,41.44,37.75,41.74,36.24,42.61,36.09,37.25,39.42,36.9,41.57,41.83,37.02,34.77,41.74,38.74,36.83,41.63,37.54,47.27,39.69,40.1,40.46,38.75,36.78,35.01,36.78,36.95,34.24,34.27,40.28,39.98,39.21,42.2
2022-05-01,40.08,37.4,37.95,42.83,39.68,39.85,43.37,39.85,40.66,34.35,39.22,42.13,38.39,34.57,41.61,41.44,37.75,41.74,36.24,42.6,36.08,37.25,39.42,36.9,41.57,41.83,37.02,34.77,41.74,38.73,36.83,41.62,37.54,47.27,39.68,40.09,40.46,38.75,36.77,35.01,36.78,36.95,34.24,34.27,40.28,39.98,39.21,42.2
2022-05-02,40.08,37.4,37.95,42.83,39.68,39.85,43.37,39.85,40.66,34.35,39.22,42.13,38.39,34.57,41.61,41.44,37.75,41.73,36.24,42.6,36.08,37.25,39.42,36.9,41.57,41.83,37.02,34.77,41.74,38.73,36.83,41.62,37.54,47.27,39.68,40.09,40.46,38.75,36.77,35.01,36.78,36.95,34.24,34.27,40.28,39.98,39.21,42.2
2022-05-03,40.07,37.4,37.95,42.83,39.67,39.85,43.37,39.85,40.65,34.35,39.22,42.13,38.39,34.57,41.61,41.44,37.74,41.73,36.24,42.6,36.08,37.25,39.42,36.89,41.57,41.83,37.02,34.77,41.73,38.73,36.83,40.38,37.54,47.27,39.68,40.09,40.45,33.01,36.77,35.01,36.78,36.95,34.24,34.27,40.27,39.97,40.4,42.2
2022-05-04,40.07,37.4,37.95,42.83,39.67,39.85,43.37,39.85,40.65,34.35,39.22,42.13,38.38,34.57,41.6,41.44,37.74,41.73,36.23,42.6,36.08,37.25,39.42,36.89,41.56,41.83,37.02,34.77,41.73,38.73,36.83,40.38,37.54,47.27,39.68,40.09,40.45,33.01,36.77,35.01,36.78,36.95,34.24,34.27,40.27,39.97,40.4,42.2
2022-05-05,40.07,37.4,37.95,42.83,39.67,39.84,43.36,39.84,40.65,34.35,39.22,42.13,38.38,34.57,41.6,41.44,37.74,41.73,36.23,42.6,36.08,37.25,39.42,36.89,41.56,41.76,37.02,35.96,41.73,38.73,36.83,40.38,37.54,47.26,39.68,40.09,40.45,33.01,36.77,35.01,36.78,36.94,34.24,34.27,40.27,39.97,40.4,42.2
2022-05-06,40.07,37.4,37.94,42.83,39.67,39.84,43.36,39.84,40.65,34.34,39.19,42.13,38.38,34.57,41.6,41.44,37.73,41.72,36.23,42.6,36.08,37.25,39.42,36.89,41.56,41.76,37.02,35.96,41.73,38.72,36.82,40.38,37.54,47.26,39.68,40.08,40.45,33.01,36.76,35.01,36.78,36.94,34.23,34.26,40.27,39.97,40.39,42.2
2022-05-07,40.07,37.39,37.94,42.83,39.67,39.84,43.36,39.84,40.65,34.34,39.18,42.13,38.38,34.57,41.6,41.44,37.73,41.72,36.23,42.6,36.08,37.25,39.42,36.89,41.55,41.76,37.02,35.96,41.72,38.72,36.82,40.37,37.54,47.26,39.68,40.08,40.44,33.01,36.76,35.01,36.78,36.94,34.23,34.26,40.27,39.97,40.39,42.2
2022-05-08,40.07,37.39,37.94,42.83,39.67,39.84,43.36,39.84,40.65,34.34,39.18,42.13,38.38,34.57,41.6,41.43,37.73,41.72,36.23,42.59,36.08,37.25,39.42,36.89,41.55,41.76,37.02,35.96,41.72,38.72,36.82,40.37,37.54,47.26,39.68,40.08,40.44,33.01,36.76,35.01,36.78,36.94,34.23,34.26,40.27,39.97,40.39,42.2
2022-05-09,40.07,37.39,37.94,42.83,39.67,39.84,43.36,39.84,40.65,34.34,39.18,42.13,38.38,34.57,41.6,41.43,37.73,41.72,36.23,42.59,36.08,37.25,39.42,36.89,41.55,41.76,37.01,35.96,41.72,38.72,36.82,40.37,37.54,47.26,39.67,40.08,40.44,33.01,36.76,35.01,36.78,36.94,34.23,34.26,40.27,39.97,40.39,42.2
2022-05-10,40.07,37.39,37.94,42.83,39.66,39.83,43.36,39.84,40.64,34.34,39.18,42.13,38.38,34.57,41.6,41.43,37.72,41.72,36.22,42.59,36.08,37.24,39.42,36.89,41.55,38.19,37.01,35.96,41.72,38.72,36.82,40.37,37.54,47.26,39.67,40.08,40.44,33.0,36.76,35.01,36.78,36.93,34.23,34.25,40.26,39.97,40.39,38.9
2022-05-11,40.07,37.39,37.94,42.83,39.66,39.83,43.36,39.84,40.64,34.34,39.18,42.13,38.38,34.57,41.6,41.43,37.72,41.72,36.22,42.59,36.08,37.24,39.42,36.89,41.55,38.19,37.01,35.96,41.72,38.72,36.82,40.37,37.54,47.26,39.67,40.08,40.44,33.0,36.76,35.01,36.78,36.93,34.23,34.25,40.26,39.97,40.39,38.9
2022-05-12,40.07,37.39,37.94,42.68,39.66,39.83,43.35,39.84,40.64,34.34,39.18,42.13,38.38,34.57,41.6,41.43,37.72,41.71,36.22,42.59,36.07,37.24,39.41,36.89,41.54,38.18,37.0,35.96,41.72,38.71,36.82,40.36,37.54,47.25,39.67,40.07,40.43,33.0,36.75,35.0,36.78,36.93,34.22,34.25,40.26,39.96,40.39,38.9
2022-05-13,40.07,37.39,37.93,42.68,39.66,39.83,43.34,39.83,40.64,34.34,39.17,42.13,38.37,34.57,41.6,41.43,37.71,41.71,36.21,42.59,36.07,37.24,39.41,36.88,41.54,38.18,37.0,35.96,41.71,38.71,36.82,40.36,37.54,47.25,39.67,40.07,40.43,33.0,36.75,35.0,36.78,36.93,34.22,34.25,40.26,39.96,40.39,38.9
2022-05-14,40.07,37.39,37.93,42.67,39.66,39.82,43.34,39.83,40.64,34.34,39.17,42.13,38.37,34.57,41.6,41.43,37.71,41.71,36.21,42.59,36.07,37.24,39.41,36.88,41.53,38.18,37.0,35.96,41.71,38.7,36.81,40.36,37.54,47.25,39.67,40.06,40.43,33.0,36.74,35.0,36.78,36.93,34.22,34.25,40.26,39.96,40.39,38.9
2022-05-15,40.07,37.39,37.93,42.67,39.66,39.82,43.34,39.83,40.64,34.34,39.17,42.13,38.37,34.57,41.59,41.43,37.71,41.71,36.21,42.58,36.07,37.24,39.41,36.88,41.53,38.18,37.0,35.96,41.71,38.7,36.81,40.35,37.54,47.25,39.67,40.06,40.42,33.0,36.74,35.0,36.78,36.93,34.22,34.24,40.26,39.96,40.39,38.9
2022-05-16,40.06,37.38,37.93,42.67,39.66,39.82,43.34,39.83,40.64,34.34,39.17,42.13,38.37,34.57,41.59,41.42,37.71,41.71,36.21,41.86,36.07,37.24,39.41,36.88,41.53,38.18,37.0,35.96,41.71,38.7,36.81,40.35,36.15,47.25,39.67,40.06,40.42,33.0,36.74,35.0,36.78,36.93,34.22,34.24,40.26,39.96,40.39,38.9
2022-05-17,40.06,37.38,37.93,42.67,39.66,39.82,43.34,39.83,40.63,34.33,39.17,42.13,38.37,34.57,41.59,41.42,37.7,41.7,36.21,41.86,36.07,37.24,39.41,36.88,41.53,38.18,37.0,35.96,41.7,38.7,36.81,40.35,36.15,47.25,39.66,40.06,40.42,32.99,36.74,35.0,36.78,36.93,34.22,34.24,40.26,39.96,40.39,38.89
2022-05-18,40.06,37.38,37.93,42.67,39.65,39.82,43.33,39.83,40.63,34.33,39.17,42.13,38.37,34.57,41.59,41.42,37.7,41.7,36.2,41.86,36.07,37.24,39.41,36.88,41.52,38.18,37.0,35.96,41.7,38.7,36.81,40.35,36.15,47.25,39.66,40.06,40.42,32.99,36.74,35.0,36.78,36.92,34.22,34.24,40.25,39.96,40.38,38.89
2022-05-19,40.06,37.38,37.93,42.67,39.65,39.81,43.33,39.83,40.63,34.33,39.17,42.13,38.37,34.57,41.59,41.42,37.7,41.7,36.2,41.86,36.07,37.24,39.41,36.88,41.52,38.18,37.0,35.96,41.7,38.69,36.81,40.35,36.15,47.24,39.66,40.05,40.41,32.99,36.74,35.0,36.78,36.92,34.21,34.24,40.25,39.96,40.38,38.89
2022-05-20,40.06,37.38,37.93,42.67,39.65,39.81,43.33,39.83,40.63,34.33,39.17,42.13,38.37,34.57,41.59,41.42,37.7,41.7,36.2,41.86,36.06,37.24,39.41,36.88,41.52,38.18,37.0,35.96,41.7,38.69,36.81,40.34,36.15,47.24,39.66,40.05,40.41,32.99,36.73,35.0,36.78,36.92,34.21,34.24,40.25,39.96,40.38,38.89
2022-05-21,40.06,37.38,37.93,42.67,39.65,39.81,43.33,39.82,40.63,34.33,39.17,42.13,38.37,34.57,41.59,41.42,37.69,41.69,36.2,41.85,36.06,37.23,39.41,36.88,41.52,38.18,37.0,35.96,41.69,38.69,36.81,40.34,36.15,47.24,39.66,40.05,40.41,32.98,36.73,34.99,36.78,36.92,34.21,34.23,40.25,39.96,40.38,38.89
2022-05-22,40.06,37.38,37.93,42.66,39.65,39.81,43.32,39.82,40.63,34.33,39.17,42.13,38.36,34.57,41.59,41.42,37.69,41.69,36.2,41.85,36.06,37.23,39.41,36.88,41.51,38.18,37.0,35.96,41.69,38.68,36.81,40.34,36.15,47.24,39.66,40.05,40.41,32.98,36.73,34.99,36.78,36.92,34.21,34.23,40.25,39.96,40.38,38.89
2022-05-23,40.06,37.38,37.92,42.66,39.65,39.8,43.32,35.66,40.63,34.33,39.17,42.13,38.36,34.57,41.59,41.42,37.69,41.69,36.2,41.85,36.06,37.23,39.41,36.88,41.51,38.18,37.0,35.96,41.69,38.68,36.8,40.34,36.15,47.24,39.66,40.05,40.41,32.98,36.73,34.99,36.78,36.92,34.21,34.23,40.25,39.96,40.38,38.89
2022-05-24,40.06,37.38,37.92,42.66,39.65,39.8,43.32,35.66,40.63,34.33,39.17,42.13,38.36,34.57,41.59,41.41,37.68,41.69,36.19,41.85,36.06,37.23,39.4,36.88,41.51,38.18,36.98,35.96,41.69,38.68,36.8,40.33,36.15,49.29,39.66,40.04,40.4,32.98,36.73,34.99,36.78,36.92,34.21,34.23,40.25,39.95,40.38,38.89
2022-05-25,40.06,37.37,37.92,42.66,39.65,39.8,43.32,35.66,40.63,34.33,39.17,42.13,38.36,34.57,41.59,41.41,37.68,41.69,36.19,41.85,36.06,37.23,39.4,38.07,41.5,38.18,36.98,35.96,41.69,38.68,36.8,40.33,36.15,49.29,40.55,40.04,40.4,32.98,36.73,34.99,36.78,36.92,34.21,34.23,40.25,39.95,40.38,38.89
2022-05-26,40.05,37.37,37.92,42.66,39.64,39.79,43.31,35.66,40.62,34.33,39.17,42.13,38.34,34.57,41.59,41.41,37.68,41.68,36.19,41.85,36.06,37.23,39.4,38.07,41.5,38.18,36.98,35.96,41.68,38.68,36.8,40.33,36.15,49.29,40.54,40.04,40.4,32.98,36.72,34.99,36.78,36.92,34.2,34.23,40.25,39.95,40.38,38.89
2022-05-27,40.05,37.37,37.92,42.66,39.64,39.79,43.31,35.66,40.62,34.33,39.17,42.13,38.34,34.57,41.58,41.41,37.68,41.68,36.19,41.85,36.06,37.23,39.4,38.06,41.5,38.17,36.98,35.96,41.68,38.67,36.8,40.33,36.15,49.29,40.54,40.04,40.39,32.98,36.72,34.99,36.78,36.92,34.2,34.22,40.24,39.95,40.37,38.89
2022-05-28,40.05,37.37,37.92,42.66,39.64,39.79,43.31,35.66,40.62,34.33,39.17,42.13,38.34,34.57,41.58,41.41,37.68,41.68,36.19,41.85,36.06,37.23,39.4,38.06,41.5,38.17,36.98,35.96,41.68,38.67,36.8,40.33,36.15,49.29,40.54,40.04,40.39,32.98,36.72,34.99,36.78,36.92,34.2,34.22,40.24,39.95,40.37,38.89
2022-05-29,40.05,37.37,37.92,42.66,39.64,39.79,43.31,35.66,40.62,34.33,39.17,42.13,38.34,34.57,41.58,41.41,37.68,41.68,36.19,41.85,36.06,37.23,39.4,38.06,41.5,38.17,36.98,35.96,41.68,38.67,36.8,40.33,36.15,49.29,40.54,40.04,40.39,32.98,36.72,34.99,36.78,36.92,34.2,34.22,40.24,39.95,40.37,38.89
2022-05-30,40.05,37.37,37.92,42.66,39.64,39.79,43.31,35.66,40.62,34.33,39.17,42.13,38.34,34.57,41.58,41.41,37.68,41.68,36.19,41.85,36.06,37.23,39.4,38.06,41.5,38.17,36.98,35.96,41.68,38.67,36.8,40.33,36.15,49.29,40.54,40.04,40.39,32.98,36.72,34.99,36.78,36.92,34.2,34.22,40.24,39.95,40.37,38.89
2022-05-31,40.05,37.37,37.91,42.66,39.64,39.79,43.31,35.66,40.62,34.32,39.17,42.13,38.34,34.57,41.58,41.41,35.88,41.68,36.18,41.85,36.06,37.23,39.4,38.06,41.49,38.17,36.98,35.96,41.68,38.67,36.8,40.32,36.15,49.29,40.54,40.03,40.39,32.98,36.72,34.99,36.78,36.92,34.2,34.22,40.24,39.95,40.37,38.89
2022-06-01,40.05,37.37,37.91,42.66,39.64,39.79,43.31,35.66,40.62,34.32,39.17,42.13,38.34,34.57,41.58,41.41,35.88,41.67,36.18,41.84,36.05,37.23,39.4,38.06,41.49,38.17,36.98,35.96,41.67,38.67,36.8,40.32,36.15,49.29,40.54,40.03,40.38,32.97,36.71,34.99,36.78,36.92,34.2,34.22,40.24,39.95,40.37,38.88
2022-06-02,40.05,37.37,37.91,42.65,39.64,39.78,43.3,35.65,40.62,34.32,39.17,42.13,38.34,34.57,41.58,41.4,35.88,41.67,36.18,41.84,36.05,37.22,39.4,38.06,41.49,38.17,36.98,35.96,41.67,38.67,36.79,40.32,36.15,49.29,40.54,40.03,40.38,32.97,36.71,34.99,36.78,36.92,34.2,34.22,40.24,39.95,40.37,38.88
2022-06-03,40.05,37.37,37.91,42.65,39.64,39.78,43.3,35.65,40.62,34.32,39.17,42.02,38.33,34.57,41.58,41.4,35.87,41.67,36.18,41.84,36.05,37.22,39.4,38.06,41.48,38.17,36.98,35.96,41.67,38.66,36.79,40.32,36.15,49.29,40.53,40.02,40.38,32.97,36.71,34.98,36.78,36.92,34.19,34.21,40.24,39.95,40.37,38.88
2022-06-04,40.05,37.36,37.91,42.65,39.63,39.78,43.3,35.65,40.62,34.32,39.17,42.02,38.33,34.57,41.58,41.4,35.87,41.67,36.17,41.84,36.05,37.22,39.4,38.05,41.48,38.17,36.98,35.96,41.67,38.66,36.79,40.32,36.15,49.29,40.53,40.02,40.37,32.97,36.71,34.98,36.78,36.92,34.19,34.21,40.24,39.94,40.37,38.88
2022-06-05,40.05,37.36,37.91,42.65,39.63,39.78,43.3,35.65,40.62,34.32,39.17,42.02,38.33,34.57,41.58,41.4,35.87,41.67,36.17,41.84,36.05,37.22,39.4,38.05,41.48,38.17,36.98,35.96,41.67,38.66,36.79,40.31,36.15,49.29,40.53,40.02,40.37,32.97,36.71,34.98,36.78,36.92,34.19,34.21,40.24,39.94,40.37,38.88
2022-06-06,40.05,37.36,37.91,42.65,39.63,39.78,43.3,35.65,40.62,34.32,39.17,42.02,38.33,34.57,41.58,41.4,35.87,41.67,36.17,41.84,36.05,37.22,39.4,38.05,41.48,38.17,36.98,35.96,41.67,38.66,36.79,40.31,36.15,49.29,40.53,40.02,40.37,32.97,36.71,34.98,36.78,36.92,34.19,34.21,40.24,39.94,40.37,38.88
2022-06-07,40.04,37.36,37.9,42.65,39.63,39.78,43.29,35.65,40.61,34.32,39.17,42.02,38.33,34.57,41.58,41.4,35.87,41.66,36.17,41.84,36.05,37.22,35.82,38.05,41.48,38.17,36.96,35.96,41.67,38.65,36.79,40.31,36.15,49.29,40.53,40.02,40.37,32.97,36.7,34.98,36.78,36.92,34.19,34.21,40.24,39.94,40.37,38.88
2022-06-08,40.04,37.36,37.9,42.64,39.63,39.77,43.29,35.65,40.61,34.32,39.17,42.02,38.33,34.57,41.58,41.4,35.86,41.66,36.17,41.84,36.05,37.22,35.82,38.05,41.48,38.17,36.96,35.96,41.66,38.65,36.79,40.31,36.12,49.29,40.53,40.01,40.36,32.97,36.7,34.98,36.78,36.92,34.19,34.21,40.24,39.94,40.37,38.88
2022-06-09,40.04,37.36,37.9,42.64,39.62,39.77,43.29,35.64,40.61,34.32,39.17,42.02,38.33,34.31,41.57,41.4,35.86,41.66,36.17,41.83,36.05,37.22,35.82,38.05,41.47,38.16,36.96,35.96,41.66,38.65,36.79,40.31,36.11,49.28,40.53,40.01,40.36,32.97,36.7,34.98,36.78,36.92,34.19,34.2,40.24,39.94,40.37,38.88
2022-06-10,40.04,37.36,37.9,42.64,39.62,39.77,43.29,35.64,40.61,34.32,39.17,42.02,38.33,34.31,41.57,41.39,35.86,41.66,36.16,41.83,36.05,37.21,35.82,38.05,41.47,38.16,36.96,35.96,41.66,38.65,36.79,40.31,36.11,49.28,40.53,40.01,40.36,32.96,36.7,34.98,36.78,36.91,34.19,34.2,40.24,39.94,40.36,38.88
2022-06-11,40.04,37.36,37.9,42.64,39.62,39.77,43.29,35.64,40.61,34.31,39.17,42.01,38.32,34.3,41.57,41.39,35.86,41.65,36.16,41.83,36.04,37.21,35.82,38.05,41.47,38.16,36.96,35.96,41.66,38.65,36.79,40.3,36.11,49.28,40.53,40.01,40.36,32.96,36.7,34.98,36.78,36.91,34.19,34.2,40.24,39.94,40.36,38.88
2022-06-12,40.04,37.36,37.9,42.64,39.62,39.77,43.29,35.64,40.61,34.31,39.17,42.01,38.32,34.3,41.57,41.39,35.86,41.65,36.16,41.83,36.04,37.21,35.82,38.05,41.47,38.16,36.96,35.96,41.65,38.64,36.78,40.3,36.11,49.28,40.52,40.01,40.36,32.96,36.69,34.98,36.78,36.91,34.19,34.2,40.24,39.94,40.36,38.88
2022-06-13,40.04,37.36,37.9,42.64,39.62,39.77,43.29,35.64,40.61,34.31,39.17,42.01,38.32,34.3,41.57,41.39,35.86,41.65,36.16,41.83,36.04,37.21,35.82,37.15,39.68,37.27,36.96,35.96,41.65,38.64,36.78,40.3,36.11,42.14,40.52,36.44,40.36,32.96,36.69,34.98,36.78,36.91,34.19,34.2,40.24,39.94,37.98,38.88
2022-06-14,40.04,37.36,37.9,42.64,39.62,39.77,43.28,35.64,40.61,34.31,39.17,42.01,38.32,34.3,41.57,41.39,35.85,41.65,36.16,41.83,36.04,37.21,35.82,37.15,39.68,37.27,36.96,35.96,41.65,38.64,36.78,40.3,36.11,42.14,40.52,36.43,40.35,32.96,36.69,34.98,36.78,36.91,34.19,34.2,40.24,39.94,37.98,38.87
2022-06-15,40.04,37.36,37.9,42.64,39.62,39.77,43.28,35.64,40.61,34.31,39.17,42.01,38.2,34.3,41.57,41.39,35.85,41.65,36.16,41.83,36.04,37.21,37.6,37.15,39.68,37.27,36.95,35.96,41.65,38.64,36.78,40.3,36.11,42.14,40.52,36.43,40.35,32.96,36.69,34.98,36.78,36.91,34.19,34.2,40.24,39.94,37.98,38.87
2022-06-16,40.04,37.35,37.89,42.64,39.62,39.76,43.28,35.64,40.6,34.31,39.17,42.01,38.2,34.3,41.57,41.39,35.85,41.65,36.16,41.83,36.04,37.21,37.6,37.15,39.67,37.26,36.95,35.96,41.65,38.64,36.78,40.29,36.11,42.14,40.52,36.43,40.35,32.96,36.69,34.98,36.78,36.91,34.19,34.19,40.24,39.93,37.98,38.87
2022-06-17,40.04,37.35,37.89,42.64,39.62,39.76,43.28,35.64,40.6,34.31,39.17,42.01,38.2,34.3,41.57,41.39,35.85,41.65,36.16,41.83,33.66,37.21,37.6,37.15,39.67,37.26,36.95,35.96,41.65,38.64,36.78,40.29,36.11,42.14,40.52,36.43,40.35,32.96,36.69,34.98,36.78,36.91,34.19,34.19,40.24,39.93,37.98,38.87
2022-06-18,40.04,37.35,37.89,42.64,39.62,39.76,43.28,35.64,40.6,34.31,39.17,42.01,38.2,34.3,41.57,41.39,35.85,41.65,36.16,41.83,33.66,37.21,37.6,37.15,39.67,37.26,36.95,35.96,41.65,38.64,36.78,40.29,36.11,42.14,40.52,36.43,40.35,32.96,36.69,34.98,36.78,36.91,34.19,34.19,40.24,39.93,37.98,38.87
2022-06-19,40.04,37.35,37.89,42.64,39.62,39.76,43.28,35.64,40.6,34.31,39.17,42.01,38.2,34.3,41.57,41.39,35.85,41.65,36.16,41.83,33.66,37.21,37.6,37.15,39.67,37.26,36.95,35.96,41.65,38.64,36.78,40.29,36.11,42.14,40.52,36.43,40.35,32.96,36.69,34.98,36.78,36.91,34.19,34.19,40.24,39.93,37.98,38.87
2022-06-20,40.04,37.35,37.89,42.64,39.62,39.76,43.28,35.64,40.6,34.31,39.17,42.01,38.2,34.3,41.57,41.39,35.85,41.65,36.16,41.83,33.66,37.21,37.6,37.15,39.67,37.26,36.95,35.96,41.65,38.64,36.78,40.29,36.11,42.14,40.52,36.43,40.35,32.96,36.69,34.98,36.78,36.91,34.19,34.19,40.24,39.93,37.98,38.87
2022-06-21,40.04,37.35,37.89,42.64,39.62,39.76,43.28,35.64,40.6,34.31,39.17,42.01,38.2,34.3,41.57,41.39,35.85,41.65,36.16,41.83,33.66,37.21,37.6,37.15,39.67,37.26,36.95,35.96,41.65,38.64,36.78,40.29,36.11,42.14,40.52,36.43,40.35,32.96,36.69,34.98,36.78,36.91,34.19,34.19,40.24,39.93,37.98,38.87
2022-06-22,40.04,37.35,37.88,42.64,39.61,39.76,43.27,35.63,40.6,34.31,39.17,42.01,38.19,34.3,41.57,41.38,35.84,41.64,36.15,41.83,33.66,37.21,37.59,37.15,39.67,37.26,36.94,35.96,41.64,38.63,36.78,40.28,36.11,42.14,40.52,36.42,40.34,32.96,36.68,34.98,36.78,36.91,34.19,34.19,40.24,39.93,37.97,38.87
2022-06-23,40.04,37.35,37.88,42.64,39.61,39.76,43.27,35.63,40.6,34.31,39.17,42.01,38.19,34.3,41.57,41.38,35.84,41.64,36.15,41.83,33.66,37.21,37.59,37.15,39.67,37.26,36.94,35.96,41.64,38.63,36.78,40.28,36.11,42.14,40.52,36.42,40.34,32.96,36.68,34.98,36.78,36.91,34.19,34.19,40.24,39.93,37.97,38.87
2022-06-24,40.04,37.35,37.88,42.64,39.61,39.76,43.27,35.63,40.6,34.31,39.17,42.01,38.19,34.3,41.57,41.38,35.84,41.64,36.15,41.83,33.66,37.21,37.59,37.15,39.67,37.26,36.94,35.96,41.64,38.63,36.78,40.28,36.11,42.14,40.52,36.42,40.34,32.96,36.68,34.98,36.78,36.91,34.19,34.19,40.24,39.93,37.97,38.87
2022-06-25,40.04,37.35,37.88,42.64,39.61,39.76,43.27,35.63,40.6,34.31,39.17,42.01,38.19,34.3,41.57,41.38,35.84,41.64,36.15,41.83,33.66,37.21,37.59,37.15,39.67,37.26,36.94,35.96,41.64,38.63,36.78,40.28,36.11,42.14,40.52,36.42,40.34,32.96,36.68,34.98,36.78,36.91,34.19,34.19,40.24,39.93,37.97,38.87
2022-06-26,40.04,37.35,37.88,42.64,39.61,39.76,43.27,35.63,40.6,34.31,39.17,42.01,38.19,34.3,41.57,41.38,35.84,41.64,36.15,41.83,33.66,37.21,37.59,37.15,39.67,37.26,36.94,35.96,41.64,38.63,36.78,40.28,36.11,42.14,40.52,36.42,40.34,32.96,36.68,34.98,36.78,36.91,34.19,34.19,40.24,39.93,37.97,38.87
2022-06-27,40.04,37.35,37.88,42.64,39.61,39.76,43.27,35.63,40.6,34.31,39.17,42.01,38.19,34.3,41.57,41.38,35.84,41.64,36.15,41.83,33.66,37.21,37.59,37.15,39.67,37.26,36.94,35.96,41.64,38.63,36.78,40.28,36.11,42.14,40.52,38.21,40.34,32.96,36.68,34.98,36.78,36.91,34.19,34.19,40.24,39.93,37.97,38.87
2022-06-28,40.04,37.35,37.88,42.64,39.61,39.76,43.27,35.63,40.6,34.31,39.17,42.01,38.19,34.3,41.57,41.38,35.84,41.64,36.15,41.83,33.66,37.21,37.59,37.15,39.67,37.26,36.94,35.96,41.64,38.63,36.78,40.28,36.11,42.14,40.52,38.21,40.34,32.96,36.68,34.98,36.78,36.91,34.19,34.19,40.24,39.93,37.97,38.87
2022-06-29,40.03,37.34,37.88,42.63,39.61,39.75,39.09,35.63,40.59,34.3,36.79,42.0,38.19,34.29,41.56,41.38,35.83,38.06,36.13,41.82,33.65,37.2,37.59,37.14,39.66,37.25,36.94,35.96,41.63,38.62,36.78,39.09,36.1,42.14,40.51,38.19,40.34,32.95,36.67,34.97,36.78,36.91,34.19,34.18,40.23,39.93,37.97,38.86
2022-06-30,40.03,37.34,37.88,42.63,39.61,39.75,39.09,35.63,40.59,34.3,36.79,42.0,38.19,34.29,41.56,41.38,35.83,38.06,36.13,41.82,33.65,37.2,37.59,37.14,39.66,37.25,36.94,35.96,41.63,38.62,36.78,39.09,36.1,42.14,40.51,38.19,40.34,32.95,36.67,34.97,36.78,36.91,34.19,34.18,40.23,39.93,37.97,38.86
2022-07-01,40.03,37.34,37.88,42.63,39.61,38.8,39.09,32.06,40.59,34.3,36.79,42.0,38.19,34.29,41.56,41.38,35.83,38.06,36.13,38.25,33.65,37.2,37.59,37.14,39.66,37.25,36.94,35.96,41.63,38.62,36.78,39.09,36.1,42.14,40.51,38.19,40.34,32.95,36.67,34.97,36.78,36.91,34.19,34.18,40.23,39.93,37.97,38.86
2022-07-02,40.03,37.34,37.88,42.63,39.61,38.8,39.09,32.06,40.59,34.3,36.79,42.0,38.19,34.29,41.56,41.38,35.83,38.06,36.13,38.25,33.65,37.2,37.59,37.14,39.66,37.25,36.94,35.96,41.63,38.62,36.78,39.09,36.1,42.14,40.51,38.19,40.34,32.95,36.67,34.97,36.78,36.91,34.19,34.18,40.23,39.93,37.97,38.86
2022-07-03,40.03,37.34,37.88,42.63,39.61,38.8,39.09,32.06,40.59,34.3,36.79,42.0,38.19,34.29,41.56,41.38,35.83,38.06,36.13,38.25,33.65,37.2,37.59,37.14,39.66,37.25,36.94,35.96,41.63,38.62,36.78,39.09,36.1,42.14,40.51,38.19,40.34,32.95,36.67,34.97,36.78,36.91,34.19,34.18,40.23,39.93,37.97,38.86
2022-07-04,40.03,37.34,37.88,42.63,39.61,38.8,39.09,32.06,40.59,34.3,36.79,42.0,38.19,34.29,41.56,41.38,35.83,38.06,36.13,38.25,33.65,37.2,37.59,37.14,39.66,37.25,36.94,35.96,41.63,38.62,36.78,39.09,36.1,42.14,40.51,38.19,40.34,32.95,36.67,34.97,36.78,36.91,34.19,34.18,40.23,39.93,37.97,38.86
2022-07-05,40.03,37.34,37.88,42.63,39.61,38.8,39.09,32.06,40.59,34.3,36.79,42.0,38.19,34.29,41.56,41.38,35.83,38.06,36.13,38.25,33.65,37.2,37.59,37.14,39.66,37.25,36.94,35.96,41.63,38.62,36.78,39.09,36.1,42.14,40.51,38.19,40.34,32.95,36.67,34.97,36.78,36.91,34.19,34.18,40.23,39.93,37.97,38.86
2022-07-06,40.03,37.34,37.87,42.62,39.6,38.79,39.08,32.06,40.59,34.3,36.79,42.0,38.18,34.29,41.56,41.37,35.82,38.06,36.12,38.24,33.65,37.19,37.59,37.14,39.65,37.25,36.93,35.96,41.63,38.61,36.77,39.08,36.1,42.13,40.51,38.19,40.33,32.94,36.66,34.97,36.78,36.89,34.18,34.17,40.23,39.92,37.96,38.86
2022-07-07,40.03,37.34,37.87,42.62,39.6,38.79,39.08,32.06,40.59,34.3,36.79,42.0,38.18,34.29,41.56,41.37,35.82,38.06,36.12,38.24,33.65,37.19,37.59,37.14,39.65,37.25,36.93,35.96,41.63,38.61,36.77,39.08,36.1,42.13,40.51,38.19,40.33,32.94,36.66,34.97,36.78,36.89,34.18,34.17,40.23,39.92,37.96,38.86
2022-07-08,40.03,37.34,37.87,42.62,39.6,38.79,39.08,32.06,40.59,34.3,36.79,42.0,38.18,34.29,41.56,41.37,35.82,38.06,36.12,38.24,33.65,37.19,37.59,37.14,39.65,37.25,36.93,35.96,41.63,38.61,36.77,39.08,36.1,42.13,40.51,38.19,40.33,32.94,36.66,34.97,36.78,36.89,34.18,34.17,40.23,39.92,37.96,38.86
2022-07-09,40.03,37.34,37.87,42.62,39.6,38.79,39.08,32.06,40.59,34.3,36.79,42.0,38.18,34.29,41.56,41.37,35.82,38.06,36.12,38.24,33.65,37.19,37.59,37.14,39.65,37.25,36.93,35.96,41.63,38.61,36.77,39.08,36.1,42.13,40.51,38.19,40.33,32.94,36.66,34.97,36.78,36.89,34.18,34.17,40.23,39.92,37.96,38.86
2022-07-10,40.03,37.34,37.87,42.62,39.6,38.79,39.08,32.06,40.59,34.3,36.79,42.0,38.18,34.29,41.56,41.37,35.82,38.06,36.12,38.24,33.65,37.19,37.59,37.14,39.65,37.25,36.93,35.96,41.63,38.61,36.77,39.08,36.1,42.13,40.51,38.19,40.33,32.94,36.66,34.97,36.78,36.89,34.18,34.17,40.23,39.92,35.29,38.86
2022-07-11,40.03,37.34,37.87,42.62,39.6,38.79,39.08,32.06,40.59,34.3,36.79,42.0,38.18,34.29,41.56,41.37,35.82,38.06,36.12,38.24,33.65,37.19,37.59,37.14,39.65,37.25,36.93,35.96,41.63,38.61,36.77,39.08,36.1,42.13,40.51,38.19,40.33,32.94,36.66,34.97,36.78,36.89,34.18,34.17,40.23,39.92,35.29,38.86
2022-07-12,40.03,37.34,37.87,42.62,39.6,38.79,39.08,32.06,40.59,34.3,36.79,42.0,38.18,34.29,41.56,41.37,35.82,38.06,36.12,38.24,33.65,37.19,37.59,37.14,39.65,37.25,36.93,35.96,41.63,38.61,36.77,39.08,36.1,42.13,40.51,38.19,40.33,32.94,36.66,34.97,36.78,36.89,34.18,34.17,40.23,39.92,35.29,38.86
2022-07-13,40.02,37.34,37.87,42.62,39.59,38.78,39.07,32.05,40.58,34.3,36.79,41.99,38.18,34.28,41.55,41.36,35.81,38.04,36.12,38.24,33.64,37.19,37.57,37.13,39.64,37.24,36.92,35.96,41.62,38.6,36.77,39.07,36.09,42.13,40.5,38.18,40.31,32.94,36.65,34.97,36.78,36.88,34.18,34.16,40.22,39.92,35.28,38.85
2022-07-14,40.02,37.34,37.87,42.62,39.59,38.78,39.07,32.05,40.58,34.3,36.79,41.99,38.18,34.28,41.55,41.36,35.81,38.04,36.12,38.24,33.64,37.19,37.57,37.13,39.64,37.24,36.92,35.96,41.62,38.6,36.77,39.07,36.09,42.13,40.5,38.18,40.31,32.94,36.65,34.97,36.78,36.88,34.18,34.16,40.22,39.92,35.28,38.85
2022-07-15,40.02,37.34,37.87,42.62,39.59,38.78,39.07,32.05,40.58,34.3,36.79,41.99,38.18,34.28,41.55,41.36,35.81,38.04,36.12,38.24,33.64,37.19,37.57,37.13,39.64,37.24,36.92,35.96,41.62,38.6,36.77,39.07,36.09,42.13,40.5,38.18,40.31,32.94,36.65,34.97,36.78,36.88,34.18,34.16,40.22,39.92,35.28,38.85
2022-07-16,40.02,37.34,37.87,42.62,39.59,38.78,39.07,32.05,40.58,34.3,36.79,41.99,38.18,34.28,41.55,41.36,35.81,38.04,36.12,38.24,33.64,37.19,37.57,37.13,39.64,37.24,36.92,35.96,41.62,38.6,36.77,39.07,36.09,42.13,40.5,38.18,40.31,32.94,36.65,34.97,36.78,36.88,34.18,34.16,40.22,39.92,35.28,38.85
2022-07-17,40.02,37.34,37.87,42.62,39.59,38.78,39.07,32.05,40.58,34.3,36.79,41.99,38.18,34.28,41.55,43.29,35.81,38.04,36.12,38.24,33.64,37.19,37.57,37.13,39.64,37.24,36.92,35.96,41.62,38.6,36.77,39.07,36.09,46.0,40.5,38.18,40.31,32.94,36.65,34.97,36.78,36.88,34.18,34.16,40.22,39.92,35.28,38.85
2022-07-18,40.02,37.34,37.87,42.62,39.59,38.78,39.07,32.05,40.58,34.3,36.79,41.99,38.18,34.28,41.55,43.29,35.81,38.04,36.12,38.24,33.64,37.19,37.57,37.13,39.64,37.24,36.92,35.96,41.62,38.6,36.77,39.07,36.09,46.0,40.5,38.18,40.31,32.94,36.65,34.97,36.78,36.88,34.18,34.16,40.22,39.92,35.28,38.85
2022-07-19,40.02,37.34,37.87,38.45,39.59,38.78,39.07,32.05,40.58,34.3,36.79,41.99,38.18,34.28,41.55,43.29,35.81,38.04,36.12,38.24,33.64,37.19,37.57,37.13,39.64,37.24,36.92,35.96,41.62,38.6,36.77,39.07,36.09,46.0,40.5,38.18,40.31,32.94,36.65,34.97,36.78,36.88,34.18,34.16,40.22,39.92,35.28,38.85
2022-07-20,40.02,37.34,37.86,38.44,39.58,38.77,39.06,32.04,40.58,34.29,36.79,41.99,38.17,34.27,41.55,43.29,37.59,38.03,36.11,38.24,33.64,37.18,37.57,37.13,39.63,37.24,36.92,35.96,41.61,38.59,34.38,39.06,36.08,45.99,40.49,38.17,40.3,32.93,36.65,34.96,36.78,37.77,34.17,33.18,40.21,39.91,35.28,38.85
2022-07-21,40.02,37.34,37.86,38.44,39.58,38.77,39.06,32.04,40.58,34.29,36.79,41.99,38.17,34.27,41.55,43.29,37.59,38.03,36.11,38.24,33.64,37.18,37.57,37.13,39.63,37.24,36.92,35.96,41.61,38.59,34.38,39.06,36.08,45.99,40.49,38.17,40.3,32.93,36.65,34.96,36.78,37.77,34.17,33.18,40.21,39.91,35.28,38.85
2022-07-22,40.02,37.34,37.86,38.44,39.58,38.77,39.06,32.04,40.58,34.29,36.79,41.99,38.17,34.27,41.55,43.29,37.59,38.03,36.11,38.24,33.64,37.18,37.57,37.13,39.63,37.24,36.92,35.96,41.61,38.59,34.38,39.06,36.08,45.99,40.49,38.17,40.3,32.93,36.65,34.96,36.78,37.77,34.17,33.18,40.21,39.91,35.28,38.85
2022-07-23,40.02,37.34,37.86,38.44,39.58,38.77,39.06,32.04,40.58,34.29,36.79,41.99,38.17,34.27,41.55,43.29,37.59,38.03,36.11,38.24,33.64,37.18,37.57,37.13,39.63,37.24,36.92,35.96,41.61,38.59,34.38,39.06,36.08,45.99,40.49,38.17,40.3,32.93,36.65,34.96,34.4,37.77,34.17,33.18,40.21,39.91,35.28,38.85
2022-07-24,40.02,37.34,37.86,38.44,39.58,38.77,39.06,32.04,40.58,34.29,36.79,41.99,38.17,34.27,41.55,43.29,37.59,38.03,36.11,38.24,33.64,37.18,37.57,37.13,39.63,37.24,36.92,35.96,41.61,38.59,34.38,39.06,36.08,45.99,40.49,38.17,40.3,32.93,36.65,34.96,34.4,37.77,34.17,33.18,40.21,39.91,35.28,38.85
2022-07-25,40.02,35.56,37.86,38.44,39.58,38.77,39.06,32.04,40.58,34.29,36.79,41.99,38.17,34.27,41.55,43.29,37.59,38.03,36.11,38.24,33.64,37.18,37.57,37.13,39.63,37.24,36.92,35.96,41.61,38.59,34.38,39.06,36.08,45.99,40.49,38.17,40.3,32.93,36.65,34.96,34.4,37.77,34.17,33.18,40.21,39.91,35.28,38.85
2022-07-26,40.02,35.56,37.86,40.23,39.58,35.2,39.06,32.04,40.58,34.29,36.79,41.99,38.17,34.27,41.55,43.29,37.59,38.03,36.11,38.24,33.64,37.18,37.57,37.13,39.63,37.24,36.92,35.96,41.61,38.59,34.38,39.06,36.08,45.99,40.49,38.17,40.3,32.93,36.65,34.96,34.4,37.77,34.17,33.18,40.21,39.91,35.28,38.85
2022-07-27,40.01,35.55,37.85,40.22,39.57,35.19,39.05,32.04,40.57,34.29,36.79,41.98,38.17,34.26,41.54,43.28,37.58,38.02,36.1,38.23,33.63,37.17,37.56,37.12,39.61,37.23,36.89,35.96,41.59,38.57,34.37,39.05,36.07,45.99,40.49,38.15,40.29,32.93,36.63,34.96,34.4,37.77,34.15,33.16,40.2,39.91,35.27,38.85
2022-07-28,40.01,35.55,37.85,40.22,39.57,35.19,39.05,32.04,40.57,34.29,36.79,41.98,38.17,34.26,41.54,43.28,37.58,38.02,36.1,38.23,33.63,37.17,37.56,37.12,39.61,37.23,36.89,35.96,41.59,38.57,34.37,39.05,36.07,45.99,40.49,38.15,40.29,32.93,36.63,34.96,34.4,37.77,34.15,33.16,40.2,39.91,35.27,38.85
2022-07-29,40.01,35.55,37.85,40.22,39.57,35.19,39.05,32.04,40.57,34.29,36.79,41.98,38.17,34.26,41.54,43.28,37.58,38.02,36.1,38.23,33.63,37.17,37.56,37.12,39.61,37.23,36.89,35.96,41.59,38.57,34.37,39.05,36.07,45.99,40.49,38.15,40.29,32.93,36.63,34.96,34.4,37.77,34.15,33.16,40.2,39.91,35.27,38.85
2022-07-30,40.01,35.55,37.85,40.22,39.57,35.19,39.05,32.04,40.57,34.29,36.79,41.98,38.17,34.26,41.54,43.28,37.58,38.02,36.1,38.23,33.63,37.17,37.56,37.12,39.61,37.23,36.89,35.96,41.59,38.57,34.37,39.05,36.07,45.99,40.49,38.15,40.29,32.93,36.63,34.96,34.4,37.77,34.15,33.16,40.2,39.91,35.27,38.85
2022-07-31,40.01,35.55,37.85,40.22,39.57,35.19,39.05,32.04,40.57,34.29,36.79,41.98,38.17,34.26,41.54,43.28,37.58,38.02,36.1,38.23,33.63,37.17,37.56,37.12,39.61,37.23,36.89,35.96,41.59,38.57,34.37,39.05,36.07,45.99,40.49,38.15,40.29,32.93,36.63,34.96,34.4,37.77,34.15,33.16,40.2,39.91,35.27,38.85
2022-08-01,40.01,37.33,37.85,40.22,39.57,35.19,39.05,32.04,40.57,34.29,36.79,41.98,38.17,34.26,41.54,43.28,37.58,38.02,36.1,38.23,33.63,37.17,37.56,37.12,39.61,37.23,36.89,35.96,41.59,38.57,34.37,39.05,36.07,45.99,40.49,38.15,40.29,32.93,36.63,34.96,34.4,37.77,34.15,33.16,40.2,39.91,35.27,38.85
2022-08-02,40.01,37.33,37.85,40.22,39.57,35.19,39.05,32.04,42.35,34.29,36.79,41.98,38.17,34.26,41.54,43.28,37.58,38.02,36.1,38.23,33.63,37.17,37.56,37.12,39.61,37.23,36.89,35.96,41.59,38.57,34.37,39.05,36.07,45.99,40.49,38.15,40.29,32.93,34.25,34.96,34.4,37.77,34.15,33.16,40.2,39.91,35.27,38.85
2022-08-03,40.0,37.32,37.84,40.21,39.56,35.18,39.04,32.03,42.35,34.28,36.77,41.97,38.16,34.26,41.54,43.28,37.56,38.0,36.09,38.23,33.63,37.17,37.56,37.12,39.6,37.23,36.88,35.96,41.59,38.57,34.37,39.03,36.07,45.98,40.49,38.14,40.28,32.92,34.24,34.95,34.4,37.77,34.15,33.15,40.19,39.9,35.26,38.84
2022-08-04,40.0,37.32,37.84,40.21,39.56,35.18,39.04,32.03,42.35,34.28,36.77,41.97,38.16,34.26,41.54,43.28,37.56,38.0,36.09,38.23,33.63,37.17,37.56,37.12,39.6,37.23,36.88,35.96,41.59,38.57,34.37,39.03,36.07,45.98,40.49,38.14,40.28,32.92,34.24,34.95,34.4,37.77,34.15,33.15,40.19,39.9,35.26,38.84
2022-08-05,40.0,37.32,37.84,40.21,39.56,35.18,39.04,32.03,42.35,34.28,36.77,41.97,38.16,34.26,41.54,43.28,37.56,38.0,36.09,38.23,33.63,37.17,37.56,37.12,39.6,37.23,36.88,35.96,41.59,38.57,34.37,39.03,36.07,45.98,40.49,38.14,40.28,32.92,34.24,34.95,34.4,37.77,34.15,33.15,40.19,39.9,35.26,38.84
2022-08-06,40.0,37.32,37.84,40.21,39.56,35.18,39.04,32.03,42.35,34.28,36.77,41.97,38.16,34.26,41.54,43.28,37.56,38.0,36.09,38.23,33.63,37.17,37.56,37.12,39.6,37.23,36.88,35.96,41.59,38.57,34.37,39.03,36.07,45.98,38.81,38.14,40.28,32.92,34.24,34.95,34.4,37.77,34.15,33.15,40.19,39.9,35.26,38.84
2022-08-07,40.0,37.32,37.84,40.21,39.56,35.18,39.04,32.03,42.35,34.28,36.77,41.97,38.16,34.26,41.54,43.28,37.56,38.0,36.09,38.23,33.63,37.17,37.56,37.12,39.6,37.23,36.88,35.96,41.59,38.57,34.37,39.03,36.07,45.98,38.81,38.14,40.28,32.92,34.24,34.95,34.4,37.77,34.15,33.15,40.19,39.9,35.26,38.84
2022-08-08,40.0,37.32,37.84,40.21,39.56,35.18,39.04,32.03,42.35,34.28,36.77,41.97,38.16,34.26,41.54,43.28,37.56,38.0,36.09,38.23,33.63,37.17,37.56,37.12,39.6,37.23,36.88,35.96,41.59,38.57,34.37,39.03,36.07,45.98,38.81,38.14,40.28,32.92,34.24,34.95,34.4,37.77,34.15,33.15,40.19,39.9,35.26,38.84
2022-08-09,40.0,37.32,37.84,40.21,39.56,35.18,39.04,32.03,42.35,34.28,36.77,41.97,38.16,34.26,41.54,43.28,37.56,38.0,36.09,38.23,33.63,37.17,37.56,37.12,39.6,37.23,36.88,35.96,41.59,38.57,34.37,39.03,36.07,45.98,38.81,38.14,40.28,32.92,34.24,34.95,34.4,37.77,34.15,33.15,40.19,39.9,35.26,38.84
2022-08-10,40.0,37.31,37.83,40.2,39.55,35.17,39.03,32.03,42.35,34.27,36.76,41.96,38.15,34.24,41.53,43.27,37.55,37.99,36.08,38.21,33.62,37.16,37.54,37.11,39.59,37.21,36.86,35.96,41.57,38.55,34.36,39.03,36.06,45.98,38.8,38.13,40.26,32.91,34.22,34.95,34.39,37.76,34.14,33.13,40.18,39.89,35.25,38.83
2022-08-11,40.0,37.31,37.83,40.2,39.55,35.17,39.03,32.03,42.35,34.27,36.76,41.96,38.15,34.24,41.53,43.27,37.55,37.99,36.08,38.21,33.62,37.16,37.54,37.11,39.59,37.21,36.86,35.96,41.57,38.55,34.36,39.03,36.06,45.98,38.8,38.13,40.26,32.91,34.22,34.95,34.39,37.76,34.14,33.13,40.18,39.89,35.25,38.83
2022-08-12,40.0,37.31,37.83,40.2,39.55,35.17,39.03,32.03,42.35,34.27,36.76,41.96,38.15,34.24,41.53,43.27,37.55,37.99,36.08,38.21,33.62,37.16,37.54,37.11,39.59,37.21,36.86,35.96,41.57,38.55,34.36,39.03,36.06,45.98,38.8,38.13,40.26,32.91,34.22,34.95,34.39,37.76,34.14,33.13,40.18,39.89,35.25,38.83
2022-08-13,40.0,37.31,37.83,40.2,39.55,35.17,39.03,32.03,42.35,34.27,36.76,41.96,38.15,34.24,41.53,43.27,37.55,37.99,36.08,38.21,33.62,37.16,37.54,37.11,39.59,37.21,36.86,35.96,41.57,38.55,34.36,39.03,36.06,45.98,38.8,38.13,40.26,32.91,34.22,34.95,34.39,37.76,34.14,33.13,40.18,39.89,35.25,38.83
2022-08-14,40.0,37.31,37.83,40.2,39.55,35.17,39.03,32.03,42.35,34.27,36.76,41.96,38.15,34.24,41.53,43.27,37.55,37.99,36.08,38.21,33.62,37.16,37.54,37.11,39.59,37.21,36.86,35.96,41.57,38.55,34.36,39.03,36.06,45.98,38.8,38.13,40.26,32.91,34.22,34.95,34.39,37.76,34.14,33.13,40.18,39.89,35.25,38.83
2022-08-15,40.0,37.31,37.83,40.2,39.55,35.17,39.03,32.03,42.35,34.27,36.76,41.96,38.15,34.24,41.53,43.27,37.55,37.99,36.08,38.21,33.62,37.16,37.54,37.11,39.59,37.21,36.86,35.96,41.57,38.55,34.36,39.03,36.06,45.98,38.8,38.13,40.26,32.91,34.22,34.95,34.39,37.76,34.14,33.13,40.18,39.89,35.25,38.83
2022-08-16,40.0,37.31,37.83,40.2,39.55,35.17,39.03,32.03,42.35,34.27,36.76,42.51,38.15,34.24,41.53,43.27,37.55,37.99,36.08,38.21,33.62,37.16,37.54,37.11,39.59,37.21,36.86,35.96,41.57,38.55,34.36,39.03,36.06,45.98,38.8,38.13,40.26,32.91,34.22,34.95,34.39,37.76,34.14,33.13,40.18,39.89,35.25,38.83
2022-08-17,39.99,37.3,37.82,40.19,39.54,35.16,39.02,32.02,42.34,34.27,36.75,42.5,38.14,34.24,41.52,43.27,37.54,37.98,36.07,38.21,33.61,37.15,37.54,37.1,39.58,37.21,36.85,35.96,41.56,38.54,34.35,39.02,36.05,45.97,38.79,38.12,40.25,32.9,34.21,34.94,34.38,37.75,34.14,33.12,40.17,37.51,35.25,33.47
2022-08-18,39.99,37.3,37.82,40.19,39.54,35.16,39.02,32.02,42.34,34.27,36.75,42.5,38.14,34.24,41.52,43.27,37.54,37.98,36.07,38.21,33.61,37.15,37.54,37.1,39.58,37.21,36.85,35.96,41.56,38.54,34.35,39.02,36.05,45.97,38.79,38.12,40.25,32.9,34.21,34.94,34.38,37.75,34.14,33.12,40.17,37.51,35.25,33.47
2022-08-19,39.99,37.3,37.82,40.19,39.54,35.16,39.02,32.02,42.34,34.27,36.75,42.5,38.14,34.24,41.52,43.27,37.54,37.98,36.07,38.21,33.61,37.15,37.54,37.1,39.58,37.21,36.85,35.96,41.56,38.54,34.35,39.02,36.05,45.97,38.79,38.12,40.25,32.9,34.21,34.94,34.38,37.75,34.14,33.12,40.17,37.51,35.25,33.47
2022-08-20,39.99,37.3,37.82,40.19,39.54,35.16,39.02,32.02,42.34,34.27,36.75,42.5,38.14,34.24,41.52,43.27,37.54,37.98,36.07,38.21,33.61,37.15,37.54,37.1,39.58,37.21,36.85,35.96,41.56,38.54,34.35,39.02,36.05,45.97,38.79,38.12,40.25,32.9,34.21,34.94,34.38,37.75,34.14,33.12,40.17,37.51,35.25,33.47
2022-08-21,39.99,37.3,37.82,40.19,39.54,35.16,39.02,32.02,42.34,34.27,36.75,42.5,38.14,34.24,41.52,43.27,37.54,37.98,36.07,38.21,33.61,37.15,37.54,37.1,39.58,37.21,36.85,35.96,41.56,38.54,34.35,39.02,36.05,45.97,38.79,38.12,40.25,32.9,34.21,34.94,34.38,37.75,34.14,33.12,40.17,37.51,35.25,33.47
2022-08-22,39.99,37.3,37.82,40.19,39.54,35.16,39.02,32.02,42.34,34.27,36.75,42.5,38.14,34.24,41.52,42.18,37.54,37.98,36.07,38.21,33.61,37.15,37.54,37.1,39.58,37.21,36.85,35.96,41.56,38.54,34.35,39.02,36.05,45.97,38.79,38.12,40.25,32.9,34.21,34.94,34.38,37.75,34.14,33.12,40.17,37.51,35.25,33.47
2022-08-23,39.99,37.3,37.82,40.19,39.54,35.16,39.02,32.02,42.34,34.27,36.75,42.5,38.14,34.24,41.52,42.18,37.54,37.98,36.07,38.21,33.61,37.15,37.54,37.1,39.58,37.21,36.85,35.96,41.56,38.54,34.35,39.02,36.05,45.97,38.79,38.12,40.25,32.9,34.21,34.94,34.38,37.75,34.14,33.12,40.17,37.51,35.25,33.47
2022-08-24,41.85,39.28,40.08,42.81,42.09,38.03,41.55,34.45,44.32,36.51,38.72,44.98,40.17,36.49,43.6,42.17,40.41,40.72,38.96,40.38,36.11,39.19,39.42,39.16,41.84,39.23,39.15,38.24,44.31,41.13,36.56,41.81,38.16,45.97,41.31,40.63,43.26,32.9,36.47,36.91,36.58,40.07,36.79,36.06,42.79,39.89,37.34,35.32
2022-08-25,41.85,39.28,40.08,42.81,42.09,38.03,41.55,34.45,44.32,36.51,38.72,44.98,40.17,36.49,43.6,42.17,40.41,40.72,38.96,40.38,36.11,39.19,39.42,39.16,41.84,39.23,39.15,38.24,44.31,41.13,36.56,41.81,38.16,45.97,41.31,40.63,43.26,32.9,36.47,36.91,36.58,40.07,36.79,36.06,42.79,39.89,37.34,35.32
2022-08-26,41.85,39.28,40.08,42.81,42.09,38.03,41.55,34.45,44.32,36.51,38.72,44.98,40.17,36.49,43.6,42.17,40.41,40.72,38.96,40.38,36.11,39.19,39.42,39.16,41.84,39.23,39.15,38.24,44.31,41.13,36.56,41.81,38.16,45.97,41.31,38.84,43.26,32.9,36.47,36.91,36.58,38.51,36.79,36.06,42.79,39.89,37.34,35.32
2022-08-27,41.85,39.28,40.08,42.81,42.09,38.03,41.55,34.45,44.32,36.51,38.72,44.98,40.17,36.49,43.6,42.17,40.41,40.72,38.96,40.38,36.11,39.19,39.42,39.16,41.84,39.23,39.15,38.24,44.31,41.13,36.56,41.81,38.16,45.97,41.31,38.84,43.26,32.9,36.47,36.91,36.58,38.51,36.79,36.06,42.79,39.89,37.34,35.32
2022-08-28,41.85,39.28,40.08,42.81,42.09,38.03,41.55,34.45,44.32,36.51,38.72,44.98,40.17,36.49,43.6,42.17,40.41,40.72,38.96,40.38,36.11,39.19,39.42,39.16,41.84,39.23,39.15,38.24,44.31,41.13,36.56,41.81,38.16,45.97,41.31,38.84,43.26,32.9,36.47,36.91,36.58,38.51,36.79,36.06,42.79,39.89,37.34,35.32
2022-08-29,41.85,39.28,40.08,42.81,42.09,38.03,41.55,34.45,44.32,36.51,38.72,44.98,40.17,36.49,43.6,42.17,40.41,40.72,38.96,40.38,36.11,39.19,39.42,39.16,41.84,39.23,39.15,38.24,44.31,41.13,36.56,41.81,38.16,45.97,41.31,38.84,43.26,32.9,36.47,36.91,36.58,38.51,36.79,36.06,42.79,39.89,37.34,35.32
2022-08-30,41.85,39.28,40.08,42.81,42.09,38.03,41.55,34.45,44.32,36.51,38.72,44.98,40.17,36.49,43.6,42.17,40.41,40.72,38.96,40.38,36.11,39.19,39.42,39.16,41.84,39.23,39.15,38.24,44.31,41.13,36.56,41.81,38.16,45.97,41.31,38.84,43.26,32.9,36.47,36.91,36.58,37.61,36.79,36.06,42.79,39.89,37.34,35.32
2022-08-31,41.85,39.28,40.07,42.81,42.08,38.03,41.54,34.45,44.32,36.51,38.71,44.97,40.17,36.49,43.6,42.17,40.4,40.71,38.95,40.37,36.11,39.19,39.42,39.16,41.84,39.22,39.14,38.24,44.3,41.12,36.56,41.8,38.15,45.97,41.31,38.83,43.25,32.89,36.47,36.91,36.58,37.61,36.78,36.05,42.79,39.88,37.34,35.32
2022-09-01,41.85,39.28,40.07,42.81,42.08,38.03,41.54,34.45,44.32,36.51,38.71,44.97,40.17,36.49,43.6,42.17,40.4,40.71,38.95,40.37,36.11,39.19,39.42,39.16,41.84,39.22,39.14,38.24,44.3,41.12,36.56,41.8,38.15,45.97,41.31,38.83,43.25,32.89,36.47,36.91,36.58,37.61,36.78,36.05,42.79,39.88,37.34,35.32
2022-09-02,41.85,39.28,40.07,42.81,42.08,38.03,41.54,34.45,44.32,36.51,38.71,44.97,40.17,36.49,43.6,42.17,40.4,40.71,38.95,40.37,36.11,39.19,39.42,39.16,41.84,39.22,39.14,38.24,44.3,41.12,36.56,41.8,38.15,45.97,41.31,38.83,43.25,32.89,36.47,36.91,36.58,37.61,36.78,36.05,42.79,39.88,37.34,35.32
2022-09-03,41.85,39.28,40.07,42.81,42.08,38.03,41.54,34.45,44.32,36.51,38.71,44.97,40.17,36.49,43.6,42.17,40.4,40.71,38.95,40.37,36.11,39.19,39.42,39.16,41.84,39.22,39.14,38.24,44.3,41.12,36.56,41.8,38.15,45.97,41.31,38.83,43.25,32.89,36.47,36.91,36.58,37.61,36.78,36.05,42.79,39.88,37.34,35.32
2022-09-04,41.85,39.28,40.07,42.81,42.08,38.03,41.54,34.45,44.32,36.51,38.71,44.97,40.17,36.49,43.6,42.17,40.4,40.71,38.95,40.37,36.11,39.19,39.42,39.16,41.84,39.22,39.14,38.24,44.3,41.12,36.56,41.8,38.15,45.97,41.31,38.83,43.25,32.89,36.47,36.91,36.58,37.61,36.78,36.05,42.79,39.88,37.34,35.32
2022-09-05,41.85,39.28,40.07,42.81,42.08,38.03,41.54,34.45,44.32,36.51,38.71,44.97,40.17,36.49,43.6,42.17,40.4,40.71,38.95,40.37,36.11,39.19,39.42,39.16,41.84,39.22,39.14,38.24,44.3,41.12,36.56,41.8,38.15,45.97,41.31,38.83,43.25,32.89,36.47,36.91,36.58,37.61,36.78,36.05,42.79,39.88,37.34,35.32
2022-09-06,41.85,39.28,40.07,42.81,42.08,38.03,41.54,34.45,44.32,36.51,38.71,44.97,40.17,36.49,43.6,42.17,40.4,40.71,38.95,40.37,36.11,39.19,39.42,39.16,41.84,39.22,39.14,38.24,44.3,41.12,36.56,41.8,38.15,45.97,41.31,38.83,43.25,32.89,36.47,36.91,36.58,37.61,36.78,36.05,42.79,39.88,37.34,35.32
2022-09-07,41.85,39.28,40.07,42.81,42.08,38.02,41.54,34.44,44.32,36.5,38.71,44.97,40.16,36.48,43.6,42.17,40.4,40.71,38.95,40.37,36.11,39.19,39.42,39.16,41.84,39.22,39.13,38.24,44.3,41.12,36.56,41.8,38.15,45.97,41.3,38.83,43.24,32.89,36.46,36.91,36.55,37.61,36.78,36.05,42.79,39.88,37.33,35.32
2022-09-08,41.85,39.28,40.07,42.81,42.08,38.02,41.54,34.44,44.32,36.5,38.71,44.97,40.16,36.48,43.6,42.17,40.4,40.71,38.95,40.37,36.11,39.19,39.42,39.16,41.84,39.22,39.13,38.24,44.3,41.12,36.56,41.8,38.15,45.97,41.3,38.83,43.24,32.89,36.46,36.91,36.55,37.61,36.78,36.05,42.79,39.88,37.33,35.32
2022-09-09,41.85,39.28,40.07,42.81,42.08,38.02,41.54,34.44,44.32,36.5,38.71,44.97,40.16,36.48,43.6,42.17,40.4,40.71,38.95,40.37,36.11,39.19,39.42,39.16,41.84,39.22,39.13,38.24,44.3,41.12,36.56,41.8,38.15,45.97,41.3,38.83,43.24,32.89,36.46,36.91,36.55,37.61,36.78,36.05,42.79,39.88,37.33,35.32
2022-09-10,41.85,39.28,40.07,42.81,42.08,38.02,41.54,34.44,44.32,36.5,38.71,44.97,40.16,36.48,43.6,42.17,40.4,40.71,38.95,40.37,36.11,39.19,39.42,39.16,41.84,39.22,39.13,38.24,44.3,41.12,36.56,41.8,38.15,45.97,41.3,38.83,43.24,32.89,36.46,36.91,36.55,37.61,36.78,36.05,42.79,39.88,37.33,35.32
2022-09-11,41.85,39.28,40.07,42.81,42.08,38.02,41.54,34.44,44.32,36.5,38.71,44.97,40.16,36.48,43.6,42.17,40.4,40.71,38.95,40.37,36.11,39.19,39.42,39.16,41.84,39.22,39.13,38.24,44.3,41.12,36.56,41.8,38.15,45.97,41.3,38.83,43.24,32.89,36.46,36.91,36.55,37.61,36.78,36.05,42.79,39.88,37.33,35.32
2022-09-12,41.85,39.28,40.07,42.81,42.08,38.02,41.54,34.44,44.32,36.5,38.71,44.97,40.16,36.48,43.6,42.17,40.4,40.71,38.95,40.37,36.11,39.19,39.42,39.16,41.84,39.22,39.13,38.24,44.3,41.12,36.56,41.8,38.15,45.97,41.3,38.83,43.24,32.89,36.46,36.91,36.55,37.61,36.78,36.05,42.79,39.88,37.33,35.32
2022-09-13,41.85,39.28,40.07,42.81,42.08,38.02,41.54,34.44,44.32,36.5,38.71,44.97,40.16,36.48,43.6,42.17,40.4,40.71,38.95,40.37,36.11,39.19,39.42,39.16,41.84,39.22,39.13,38.24,44.3,41.12,36.56,41.8,38.15,45.97,41.3,38.83,43.24,32.89,36.46,36.91,36.55,37.61,36.78,36.05,42.79,39.88,37.33,35.32
2022-09-14,41.85,39.28,40.07,42.81,42.07,38.01,41.54,34.44,44.31,36.5,38.71,44.96,40.16,36.48,43.6,42.17,40.38,40.7,38.94,40.37,36.1,39.18,39.42,39.15,41.82,39.22,39.13,38.24,44.3,41.11,36.55,41.79,38.15,45.96,41.3,38.82,43.23,32.88,36.46,36.91,36.55,37.6,36.77,36.03,42.78,39.88,37.33,35.32
2022-09-15,41.85,39.28,40.07,42.81,42.07,38.01,41.54,34.44,44.31,36.5,38.71,44.96,40.16,36.48,43.6,42.17,40.38,40.7,38.94,40.37,36.1,39.18,39.42,39.15,41.82,39.22,39.13,38.24,44.3,41.11,36.55,41.79,38.15,45.96,41.3,38.82,43.23,32.88,36.46,36.91,36.55,37.6,36.77,36.03,42.78,39.88,37.33,35.32
