Date,AD,AL,AT,AZ,BA,BE,BG,BY,HR,CY,CZ,DK,EE,FI,FR,DE,GR,HU,IE,IT,LV,LT,LU,MT,NL,PL,PT,RO,SK,SI,ES,SE,GB,GE,IS,KZ,LI,MD,MC,NO,RU,SM,RS,CH,TR,UA
2020-01-01,0.0,0.0,0.0,0.0,0.0,0.0,0.0,0.0,0.0,0.0,0.0,0.0,0.0,0.0,0.0,0.0,0.0,0.0,0.0,0.0,0.0,0.0,0.0,0.0,0.0,0.0,0.0,0.0,7.14,0.0,0.0,0.0,0.0,0.0,0.0,0.0,0.0,0.0,0.0,0.0,0.0,0.0,0.0,0.0,0.0,0.0
2020-01-02,0.0,0.0,0.0,0.0,0.0,0.0,0.0,0.0,0.0,0.0,0.0,0.0,0.0,0.0,0.0,0.0,0.0,0.0,0.0,0.0,0.0,0.0,0.0,0.0,0.0,0.0,0.0,0.0,7.14,0.0,0.0,0.0,0.0,0.0,0.0,0.0,0.0,0.0,0.0,0.0,0.0,0.0,0.0,0.0,0.0,0.0
2020-01-03,0.0,0.0,0.0,0.0,0.0,0.0,0.0,0.0,0.0,0.0,0.0,0.0,0.0,0.0,0.0,0.0,0.0,0.0,0.0,0.0,0.0,0.0,0.0,0.0,0.0,0.0,0.0,0.0,7.14,0.0,0.0,0.0,0.0,0.0,0.0,0.0,0.0,0.0,0.0,0.0,0.0,0.0,0.0,0.0,0.0,0.0
2020-01-04,0.0,0.0,0.0,0.0,0.0,0.0,0.0,0.0,0.0,0.0,0.0,0.0,0.0,0.0,0.0,0.0,0.0,0.0,0.0,0.0,0.0,0.0,0.0,0.0,0.0,0.0,0.0,0.0,7.14,0.0,0.0,0.0,0.0,0.0,0.0,0.0,0.0,0.0,0.0,0.0,0.0,0.0,0.0,0.0,0.0,0.0
2020-01-05,0.0,0.0,0.0,0.0,0.0,0.0,0.0,0.0,0.0,0.0,0.0,0.0,0.0,0.0,0.0,0.0,0.0,0.0,0.0,0.0,0.0,0.0,0.0,0.0,0.0,0.0,0.0,0.0,7.14,0.0,0.0,0.0,0.0,0.0,0.0,0.0,0.0,0.0,0.0,0.0,0.0,0.0,0.0,0.0,0.0,0.0
2020-01-06,0.0,0.0,0.0,0.0,0.0,0.0,0.0,0.0,0.0,0.0,0.0,0.0,0.0,0.0,0.0,0.0,0.0,0.0,0.0,0.0,0.0,0.0,0.0,0.0,0.0,0.0,0.0,0.0,7.14,0.0,0.0,0.0,0.0,0.0,0.0,0.0,0.0,0.0,0.0,0.0,0.0,0.0,0.0,0.0,0.0,0.0
2020-01-07,0.0,0.0,0.0,0.0,0.0,0.0,0.0,0.0,0.0,0.0,0.0,0.0,0.0,0.0,0.0,0.0,0.0,0.0,0.0,0.0,0.0,0.0,0.0,0.0,0.0,0.0,0.0,0.0,7.14,0.0,0.0,0.0,0.0,0.0,0.0,0.0,0.0,0.0,0.0,0.0,0.0,0.0,0.0,0.0,0.0,0.0
2020-01-08,0.0,0.0,0.0,0.0,0.0,0.0,0.0,0.0,0.0,0.0,0.0,0.0,0.0,0.0,0.0,0.0,0.0,0.0,0.0,0.0,0.0,0.0,0.0,0.0,0.0,0.0,0.0,0.0,7.14,0.0,0.0,0.0,0.0,0.0,0.0,0.0,0.0,0.0,0.0,0.0,0.0,0.0,0.0,0.0,0.0,0.0
2020-01-09,0.0,0.0,0.0,0.0,0.0,0.0,0.0,0.0,0.0,0.0,0.0,0.0,0.0,0.0,0.0,0.0,0.0,0.0,0.0,0.0,0.0,0.0,0.0,0.0,0.0,0.0,0.0,0.0,7.14,0.0,0.0,0.0,0.0,0.0,0.0,0.0,0.0,0.0,0.0,0.0,0.0,0.0,0.0,0.0,0.0,0.0
2020-01-10,0.0,0.0,0.0,0.0,0.0,0.0,0.0,0.0,0.0,0.0,0.0,0.0,0.0,0.0,0.0,0.0,0.0,0.0,0.0,0.0,0.0,0.0,0.0,0.0,0.0,0.0,0.0,0.0,7.14,0.0,0.0,0.0,0.0,0.0,0.0,0.0,0.0,0.0,0.0,0.0,0.0,0.0,0.0,0.0,0.0,0.0
2020-01-11,0.0,0.0,0.0,0.0,0.0,0.0,0.0,0.0,0.0,0.0,0.0,0.0,0.0,0.0,0.0,0.0,0.0,0.0,0.0,0.0,0.0,0.0,0.0,0.0,0.0,0.0,0.0,0.0,7.14,0.0,0.0,0.0,0.0,0.0,0.0,0.0,0.0,0.0,0.0,0.0,0.0,0.0,0.0,0.0,0.0,0.0
2020-01-12,0.0,0.0,0.0,0.0,0.0,0.0,0.0,0.0,0.0,0.0,0.0,0.0,0.0,0.0,0.0,0.0,0.0,0.0,0.0,0.0,0.0,0.0,0.0,0.0,0.0,0.0,0.0,0.0,7.14,0.0,0.0,0.0,0.0,0.0,0.0,0.0,0.0,0.0,0.0,0.0,0.0,0.0,0.0,0.0,0.0,0.0
2020-01-13,0.0,0.0,0.0,0.0,0.0,0.0,0.0,0.0,0.0,0.0,0.0,0.0,0.0,0.0,0.0,0.0,0.0,0.0,0.0,0.0,0.0,0.0,0.0,0.0,0.0,0.0,0.0,0.0,7.14,0.0,0.0,0.0,0.0,0.0,0.0,0.0,0.0,0.0,0.0,0.0,0.0,0.0,0.0,0.0,0.0,0.0
2020-01-14,0.0,0.0,0.0,0.0,0.0,0.0,0.0,0.0,0.0,0.0,0.0,0.0,0.0,0.0,0.0,0.0,0.0,0.0,0.0,0.0,0.0,0.0,0.0,0.0,0.0,0.0,0.0,0.0,7.14,0.0,0.0,0.0,0.0,0.0,0.0,0.0,0.0,0.0,0.0,0.0,0.0,0.0,0.0,0.0,8.33,0.0
2020-01-15,0.0,0.0,0.0,0.0,0.0,0.0,0.0,0.0,0.0,0.0,0.0,0.0,0.0,0.0,0.0,0.0,0.0,0.0,0.0,0.0,0.0,0.0,0.0,0.0,0.0,0.0,0.0,0.0,7.14,0.0,0.0,0.0,0.0,0.0,0.0,0.0,0.0,0.0,0.0,0.0,0.0,0.0,0.0,0.0,8.33,0.0
2020-01-16,0.0,0.0,0.0,0.0,0.0,0.0,0.0,0.0,0.0,0.0,0.0,0.0,0.0,0.0,0.0,0.0,0.0,0.0,0.0,0.0,0.0,0.0,0.0,0.0,0.0,0.0,0.0,0.0,7.14,0.0,0.0,0.0,0.0,0.0,0.0,0.0,0.0,0.0,0.0,0.0,0.0,0.0,0.0,0.0,8.33,0.0
2020-01-17,0.0,0.0,0.0,0.0,0.0,0.0,0.0,0.0,0.0,0.0,0.0,0.0,0.0,0.0,0.0,0.0,0.0,0.0,0.0,0.0,0.0,0.0,0.0,0.0,0.0,0.0,0.0,0.0,7.14,0.0,0.0,0.0,0.0,0.0,0.0,0.0,0.0,0.0,0.0,0.0,0.0,0.0,0.0,0.0,8.33,0.0
2020-01-18,0.0,0.0,0.0,0.0,0.0,0.0,0.0,0.0,0.0,0.0,0.0,0.0,0.0,0.0,0.0,0.0,0.0,0.0,0.0,0.0,0.0,0.0,0.0,0.0,0.0,0.0,0.0,0.0,7.14,0.0,0.0,0.0,0.0,0.0,0.0,0.0,0.0,0.0,0.0,0.0,0.0,0.0,0.0,0.0,8.33,0.0
2020-01-19,0.0,0.0,0.0,0.0,0.0,0.0,0.0,0.0,0.0,0.0,0.0,0.0,0.0,0.0,0.0,0.0,0.0,0.0,0.0,0.0,0.0,0.0,0.0,0.0,0.0,0.0,0.0,0.0,7.14,0.0,0.0,0.0,0.0,0.0,0.0,0.0,0.0,0.0,0.0,0.0,0.0,0.0,0.0,0.0,8.33,0.0
2020-01-20,0.0,0.0,0.0,0.0,0.0,0.0,0.0,0.0,0.0,0.0,0.0,0.0,0.0,0.0,0.0,0.0,0.0,0.0,0.0,0.0,0.0,0.0,0.0,0.0,0.0,0.0,0.0,0.0,7.14,0.0,0.0,0.0,5.95,0.0,0.0,0.0,0.0,0.0,0.0,0.0,0.0,0.0,0.0,0.0,8.33,0.0
2020-01-21,0.0,0.0,0.0,0.0,0.0,0.0,0.0,0.0,0.0,0.0,0.0,0.0,0.0,0.0,0.0,0.0,0.0,0.0,0.0,0.0,0.0,0.0,0.0,0.0,0.0,0.0,0.0,0.0,7.14,0.0,0.0,0.0,5.95,0.0,0.0,0.0,0.0,0.0,0.0,0.0,0.0,0.0,0.0,0.0,8.33,0.0
2020-01-22,0.0,0.0,0.0,0.0,0.0,0.0,0.0,0.0,0.0,0.0,0.0,0.0,0.0,0.0,3.57,7.14,0.0,0.0,0.0,0.0,0.0,0.0,0.0,0.0,0.0,0.0,0.0,0.0,7.14,0.0,0.0,0.0,5.95,0.0,0.0,0.0,0.0,0.0,0.0,0.0,0.0,0.0,1.79,0.0,8.33,0.0
2020-01-23,0.0,0.0,0.0,0.0,0.0,0.0,0.0,0.0,0.0,0.0,0.0,0.0,0.0,0.0,3.57,7.14,0.0,0.0,0.0,1.79,0.0,0.0,0.0,0.0,0.0,3.57,0.0,0.0,7.14,0.0,0.0,0.0,5.95,0.0,7.14,0.0,0.0,0.0,0.0,0.0,0.0,0.0,1.79,0.0,8.33,0.0
2020-01-24,0.0,0.0,0.0,0.0,0.0,0.0,0.0,0.0,0.0,0.0,3.57,0.0,0.0,0.0,5.36,10.71,0.0,0.0,0.0,1.79,0.0,0.0,0.0,0.0,0.0,3.57,0.0,0.0,7.14,0.0,2.38,0.0,5.95,0.0,7.14,1.79,0.0,3.57,5.95,0.0,0.0,0.0,1.79,0.0,10.12,0.0
2020-01-25,0.0,0.0,0.0,0.0,0.0,0.0,0.0,0.0,0.0,0.0,3.57,0.0,0.0,0.0,13.69,10.71,0.0,0.0,0.0,1.79,0.0,0.0,0.0,13.1,0.0,3.57,0.0,0.0,7.14,0.0,2.38,0.0,5.95,0.0,7.14,1.79,0.0,3.57,5.95,0.0,0.0,0.0,1.79,0.0,10.12,0.0
2020-01-26,0.0,0.0,0.0,0.0,0.0,0.0,0.0,0.0,0.0,0.0,3.57,0.0,0.0,0.0,13.69,10.71,0.0,0.0,0.0,1.79,0.0,0.0,0.0,13.1,0.0,3.57,5.95,0.0,7.14,0.0,2.38,0.0,5.95,0.0,7.14,1.79,0.0,3.57,5.95,0.0,0.0,0.0,1.79,0.0,10.12,0.0
2020-01-27,0.0,0.0,0.0,0.0,0.0,0.0,0.0,0.0,3.57,0.0,7.14,0.0,0.0,3.57,13.69,13.1,0.0,0.0,0.0,1.79,0.0,0.0,0.0,13.1,2.38,3.57,5.95,1.79,8.93,0.0,2.38,0.0,5.95,0.0,7.14,1.79,0.0,3.57,5.95,0.0,0.0,0.0,1.79,0.0,10.12,0.0
2020-01-28,0.0,0.0,0.0,0.0,0.0,3.57,0.0,0.0,3.57,0.0,7.14,0.0,0.0,3.57,13.69,13.1,0.0,7.14,0.0,1.79,0.0,0.0,0.0,13.1,2.38,3.57,5.95,1.79,8.93,0.0,2.38,0.0,5.95,5.36,7.14,1.79,0.0,3.57,5.95,0.0,0.0,0.0,1.79,0.0,10.12,0.0
2020-01-29,0.0,0.0,0.0,0.0,0.0,3.57,0.0,0.0,3.57,0.0,7.14,0.0,0.0,3.57,13.69,13.1,0.0,7.14,0.0,1.79,2.38,2.38,0.0,13.1,2.38,3.57,5.95,1.79,8.93,0.0,2.38,0.0,5.95,12.5,10.71,7.14,0.0,3.57,5.95,0.0,0.0,0.0,1.79,0.0,10.12,0.0
2020-01-30,0.0,0.0,0.0,1.79,0.0,3.57,0.0,0.0,3.57,0.0,10.71,0.0,0.0,3.57,13.69,13.1,0.0,7.14,0.0,5.36,2.38,2.38,0.0,13.1,2.38,3.57,5.95,1.79,8.93,0.0,2.38,0.0,5.95,12.5,10.71,7.14,0.0,3.57,5.95,0.0,5.36,0.0,1.79,0.0,10.12,0.0
2020-01-31,0.0,0.0,0.0,1.79,0.0,7.14,0.0,0.0,7.14,0.0,10.71,0.0,0.0,3.57,13.69,13.1,0.0,7.14,0.0,22.02,4.17,2.38,0.0,13.1,2.38,3.57,5.95,1.79,8.93,0.0,16.67,9.52,14.88,12.5,10.71,9.52,0.0,3.57,5.95,7.14,7.74,0.0,1.79,0.0,10.12,0.0
2020-02-01,0.0,0.0,2.38,1.79,0.0,7.14,0.0,0.0,7.14,0.0,10.71,0.0,0.0,3.57,13.69,13.1,0.0,7.14,0.0,22.02,4.17,2.38,0.0,13.1,2.38,3.57,5.95,3.57,8.93,0.0,16.67,13.1,14.88,12.5,10.71,9.52,0.0,3.57,5.95,7.14,7.74,0.0,1.79,0.0,10.12,0.0
2020-02-02,0.0,0.0,2.38,1.79,0.0,7.14,0.0,0.0,7.14,0.0,10.71,0.0,0.0,3.57,13.69,13.1,0.0,7.14,0.0,22.02,4.17,2.38,0.0,13.1,2.38,3.57,5.95,3.57,8.93,0.0,16.67,13.1,16.67,12.5,10.71,9.52,0.0,3.57,5.95,7.14,7.74,0.0,1.79,0.0,10.12,0.0
2020-02-03,0.0,0.0,2.38,1.79,0.0,7.14,1.79,0.0,16.67,0.0,10.71,0.0,0.0,3.57,13.69,13.1,0.0,7.14,0.0,22.02,4.17,2.38,0.0,13.1,2.38,3.57,5.95,3.57,8.93,0.0,16.67,13.1,16.67,12.5,10.71,9.52,0.0,3.57,5.95,7.14,7.74,0.0,1.79,0.0,10.12,0.0
2020-02-04,0.0,0.0,2.38,1.79,0.0,7.14,1.79,0.0,18.45,0.0,10.71,0.0,0.0,3.57,13.69,13.1,0.0,7.14,3.57,22.02,4.17,2.38,0.0,13.1,2.38,3.57,5.95,3.57,8.93,0.0,16.67,13.1,16.67,12.5,10.71,9.52,0.0,3.57,5.95,7.14,7.74,0.0,1.79,0.0,10.12,0.0
2020-02-05,0.0,0.0,2.38,1.79,0.0,7.14,1.79,0.0,18.45,0.0,10.71,0.0,0.0,3.57,13.69,13.1,0.0,7.14,3.57,22.02,4.17,2.38,0.0,13.1,2.38,3.57,5.95,3.57,8.93,0.0,16.67,13.1,16.67,12.5,10.71,9.52,0.0,3.57,5.95,7.14,7.74,0.0,1.79,0.0,13.69,2.38
2020-02-06,0.0,0.0,2.38,1.79,0.0,7.14,1.79,0.0,18.45,0.0,10.71,0.0,0.0,8.93,13.69,13.1,0.0,7.14,3.57,22.02,4.17,2.38,0.0,13.1,2.38,3.57,5.95,3.57,8.93,0.0,16.67,13.1,16.67,12.5,10.71,9.52,0.0,3.57,5.95,7.14,7.74,0.0,1.79,0.0,13.69,2.38
2020-02-07,0.0,0.0,2.38,1.79,0.0,7.14,1.79,0.0,18.45,0.0,10.71,0.0,0.0,8.93,13.69,13.1,0.0,7.14,3.57,22.02,4.17,2.38,0.0,13.1,2.38,3.57,5.95,3.57,8.93,0.0,16.67,13.1,16.67,12.5,10.71,9.52,0.0,3.57,5.95,7.14,7.74,0.0,1.79,0.0,20.83,2.38
2020-02-08,0.0,0.0,2.38,1.79,0.0,7.14,1.79,0.0,18.45,0.0,10.71,0.0,0.0,8.93,13.69,13.1,0.0,7.14,3.57,22.02,4.17,2.38,0.0,13.1,2.38,3.57,5.95,3.57,8.93,0.0,16.67,13.1,16.67,12.5,10.71,9.52,0.0,3.57,5.95,7.14,7.74,0.0,1.79,0.0,20.83,2.38
2020-02-09,0.0,0.0,2.38,1.79,0.0,7.14,1.79,0.0,18.45,0.0,10.71,0.0,0.0,8.93,13.69,13.1,0.0,7.14,3.57,22.02,4.17,2.38,0.0,13.1,2.38,3.57,5.95,3.57,8.93,0.0,16.67,13.1,16.67,12.5,10.71,9.52,0.0,3.57,5.95,7.14,7.74,0.0,1.79,0.0,20.83,2.38
2020-02-10,0.0,0.0,2.38,1.79,0.0,7.14,1.79,0.0,18.45,0.0,10.71,0.0,0.0,8.93,13.69,13.1,0.0,7.14,3.57,22.02,4.17,2.38,0.0,13.1,2.38,3.57,5.95,3.57,8.93,0.0,16.67,13.1,16.67,12.5,10.71,9.52,0.0,3.57,5.95,7.14,7.74,0.0,1.79,0.0,20.83,2.38
2020-02-11,0.0,0.0,2.38,1.79,0.0,7.14,5.36,0.0,18.45,0.0,10.71,0.0,0.0,8.93,13.69,13.1,0.0,7.14,3.57,22.02,4.17,2.38,0.0,13.1,2.38,3.57,5.95,3.57,8.93,0.0,16.67,13.1,16.67,12.5,10.71,9.52,7.14,3.57,5.95,7.14,7.74,0.0,1.79,0.0,20.83,2.38
2020-02-12,0.0,0.0,2.38,1.79,0.0,7.14,5.36,0.0,18.45,0.0,10.71,0.0,0.0,8.93,13.69,16.67,0.0,7.14,3.57,22.02,4.17,2.38,0.0,13.1,2.38,3.57,5.95,3.57,8.93,0.0,16.67,13.1,16.67,12.5,10.71,9.52,7.14,3.57,5.95,7.14,7.74,0.0,1.79,0.0,20.83,2.38
2020-02-13,0.0,0.0,2.38,1.79,0.0,7.14,5.36,0.0,18.45,0.0,10.71,0.0,0.0,8.93,13.69,16.67,0.0,7.14,3.57,22.02,4.17,2.38,0.0,13.1,2.38,3.57,5.95,3.57,8.93,0.0,16.67,13.1,16.67,12.5,10.71,9.52,7.14,3.57,5.95,7.14,7.74,0.0,1.79,0.0,20.83,2.38
2020-02-14,0.0,3.57,2.38,1.79,0.0,7.14,5.36,0.0,18.45,0.0,10.71,0.0,0.0,8.93,13.69,16.67,0.0,7.14,3.57,22.02,4.17,2.38,0.0,13.1,2.38,3.57,5.95,3.57,8.93,0.0,16.67,13.1,16.67,12.5,10.71,9.52,7.14,3.57,5.95,7.14,7.74,0.0,1.79,0.0,20.83,2.38
2020-02-15,0.0,3.57,2.38,1.79,0.0,7.14,5.36,0.0,18.45,0.0,10.71,0.0,0.0,8.93,13.69,16.67,0.0,7.14,3.57,22.02,4.17,2.38,0.0,13.1,2.38,9.52,5.95,3.57,8.93,0.0,16.67,13.1,16.67,12.5,10.71,9.52,7.14,3.57,5.95,7.14,7.74,0.0,1.79,3.57,20.83,2.38
2020-02-16,0.0,3.57,2.38,1.79,0.0,7.14,5.36,0.0,18.45,0.0,10.71,0.0,0.0,8.93,13.69,16.67,0.0,7.14,3.57,22.02,4.17,2.38,0.0,13.1,2.38,9.52,5.95,3.57,8.93,0.0,16.67,13.1,16.67,12.5,10.71,9.52,7.14,3.57,5.95,7.14,7.74,0.0,1.79,3.57,20.83,2.38
2020-02-17,0.0,3.57,2.38,1.79,0.0,7.14,5.36,0.0,18.45,0.0,10.71,0.0,0.0,8.93,13.69,16.67,0.0,7.14,3.57,22.02,4.17,2.38,0.0,13.1,2.38,9.52,5.95,3.57,8.93,0.0,16.67,13.1,16.67,12.5,10.71,9.52,7.14,3.57,5.95,7.14,7.74,0.0,1.79,3.57,20.83,2.38
2020-02-18,0.0,3.57,2.38,1.79,0.0,7.14,5.36,0.0,18.45,0.0,10.71,0.0,0.0,8.93,13.69,16.67,0.0,7.14,3.57,22.02,4.17,2.38,0.0,13.1,2.38,9.52,5.95,3.57,8.93,0.0,16.67,13.1,16.67,12.5,10.71,9.52,7.14,3.57,5.95,7.14,7.74,0.0,1.79,3.57,20.83,2.38
2020-02-19,0.0,3.57,2.38,1.79,0.0,13.1,5.36,0.0,18.45,0.0,10.71,0.0,0.0,8.93,13.69,16.67,0.0,7.14,3.57,22.02,4.17,2.38,0.0,13.1,2.38,9.52,5.95,3.57,8.93,0.0,16.67,13.1,16.67,12.5,10.71,9.52,7.14,3.57,5.95,7.14,7.74,0.0,1.79,3.57,20.83,2.38
2020-02-20,0.0,3.57,2.38,1.79,0.0,13.1,5.36,0.0,18.45,0.0,10.71,0.0,0.0,8.93,13.69,16.67,0.0,7.14,3.57,22.02,4.17,2.38,0.0,13.1,2.38,9.52,5.95,3.57,8.93,0.0,16.67,13.1,16.67,12.5,10.71,9.52,7.14,3.57,5.95,7.14,7.74,0.0,1.79,3.57,20.83,2.38
2020-02-21,0.0,3.57,2.38,1.79,0.0,13.1,5.36,0.0,18.45,0.0,10.71,0.0,0.0,8.93,13.69,16.67,0.0,7.14,3.57,27.38,4.17,2.38,0.0,13.1,2.38,9.52,5.95,3.57,8.93,0.0,16.67,13.1,16.67,12.5,10.71,9.52,7.14,3.57,5.95,7.14,7.74,0.0,1.79,3.57,20.83,2.38
2020-02-22,0.0,3.57,2.38,1.79,0.0,13.1,5.36,0.0,18.45,0.0,10.71,0.0,0.0,8.93,13.69,16.67,0.0,7.14,3.57,33.33,4.17,2.38,0.0,13.1,2.38,9.52,5.95,3.57,8.93,0.0,16.67,13.1,16.67,12.5,10.71,9.52,7.14,3.57,5.95,7.14,7.74,0.0,1.79,3.57,20.83,2.38
2020-02-23,0.0,3.57,2.38,1.79,0.0,13.1,5.36,0.0,18.45,0.0,10.71,0.0,0.0,8.93,13.69,16.67,0.0,7.14,3.57,56.85,4.17,2.38,0.0,14.88,2.38,9.52,5.95,3.57,8.93,0.0,16.67,13.1,16.67,12.5,10.71,9.52,7.14,3.57,5.95,7.14,7.74,3.57,1.79,3.57,20.83,2.38
2020-02-24,0.0,3.57,9.52,1.79,0.0,13.1,8.93,0.0,18.45,0.0,10.71,0.0,0.0,8.93,13.69,16.67,0.0,7.14,3.57,56.85,4.17,2.38,0.0,14.88,2.38,9.52,5.95,3.57,8.93,0.0,13.1,13.1,16.67,12.5,10.71,9.52,7.14,3.57,5.95,7.14,7.74,3.57,1.79,8.33,20.83,2.38
2020-02-25,0.0,7.14,13.1,1.79,2.38,13.1,8.93,0.0,18.45,0.0,10.71,0.0,0.0,8.93,19.05,16.67,7.14,7.14,9.52,56.85,4.17,2.38,0.0,16.67,2.38,9.52,5.95,10.71,8.93,0.0,13.1,13.1,16.67,12.5,10.71,9.52,7.14,3.57,8.33,7.14,7.74,10.71,8.93,13.69,20.83,2.38
2020-02-26,0.0,7.14,13.1,1.79,2.38,16.67,8.93,0.0,18.45,0.0,10.71,0.0,0.0,11.31,19.05,20.24,7.14,7.14,9.52,59.23,4.17,5.95,0.0,16.67,2.38,9.52,5.95,10.71,8.93,0.0,13.1,13.1,16.67,22.02,10.71,9.52,7.14,5.36,8.33,9.52,7.74,10.71,8.93,13.69,20.83,2.38
2020-02-27,0.0,7.14,13.1,11.31,2.38,16.67,8.93,0.0,18.45,0.0,10.71,13.1,0.0,14.88,19.05,20.24,7.14,7.14,9.52,59.23,7.74,5.95,0.0,16.67,13.1,13.1,5.95,10.71,8.93,0.0,13.1,13.1,16.67,22.02,10.71,9.52,7.14,5.36,8.33,9.52,7.74,16.67,11.31,17.26,20.83,2.38
2020-02-28,0.0,7.14,13.1,18.45,2.38,16.67,8.93,0.0,18.45,0.0,12.5,13.1,0.0,18.45,19.05,24.4,7.14,13.1,9.52,59.23,7.74,9.52,0.0,16.67,13.1,13.1,5.95,10.71,8.93,0.0,13.1,13.1,16.67,22.02,10.71,9.52,16.07,5.36,14.29,9.52,7.74,16.67,11.31,23.21,20.83,2.38
2020-02-29,0.0,7.14,13.1,22.02,2.38,16.67,8.93,0.0,18.45,0.0,12.5,13.1,0.0,18.45,32.44,27.98,12.5,13.1,13.1,59.23,7.74,9.52,0.0,16.67,13.1,13.1,5.95,10.71,8.93,0.0,13.1,13.1,16.67,22.02,10.71,9.52,16.07,5.36,14.29,9.52,7.74,23.81,11.31,23.21,20.83,2.38
2020-03-01,0.0,7.14,13.1,22.02,2.38,16.67,8.93,0.0,18.45,0.0,19.64,13.1,0.0,18.45,32.44,27.98,12.5,16.67,13.1,59.23,7.74,9.52,11.9,16.67,13.1,13.1,5.95,10.71,8.93,0.0,13.1,13.1,16.67,29.17,10.71,9.52,16.07,5.36,14.29,9.52,7.74,27.38,11.31,23.21,20.83,2.38
2020-03-02,2.38,7.14,13.1,22.02,2.38,16.67,8.93,0.0,18.45,0.0,19.64,13.1,0.0,18.45,38.39,27.98,12.5,16.67,13.1,62.8,7.74,9.52,11.9,16.67,13.1,13.1,9.52,10.71,8.93,0.0,13.1,18.45,16.67,36.31,10.71,9.52,16.07,5.36,14.29,9.52,7.74,27.38,11.31,23.21,20.83,2.38
2020-03-03,2.38,7.14,13.1,31.55,2.38,16.67,8.93,0.0,20.83,0.0,19.64,19.05,0.0,18.45,38.39,27.98,12.5,16.67,13.1,62.8,7.74,9.52,11.9,16.67,13.1,13.1,9.52,10.71,8.93,0.0,13.1,18.45,16.67,36.31,10.71,9.52,16.07,5.36,16.67,9.52,7.74,27.38,11.31,26.79,20.83,9.52
2020-03-04,2.38,7.14,13.1,31.55,2.38,18.45,8.93,0.0,20.83,0.0,19.64,19.05,0.0,18.45,38.39,27.98,12.5,16.67,13.1,64.58,7.74,9.52,11.9,16.67,13.1,13.1,9.52,10.71,14.29,19.05,13.1,22.02,16.67,36.31,10.71,9.52,16.07,5.36,16.67,9.52,7.74,27.38,11.31,26.79,20.83,9.52
2020-03-05,2.38,7.14,13.1,31.55,2.38,18.45,13.69,0.0,20.83,7.14,19.64,19.05,0.0,18.45,40.77,27.98,18.45,16.67,13.1,65.77,7.74,9.52,19.05,16.67,13.1,13.1,9.52,10.71,14.29,19.05,13.1,22.02,16.67,36.31,10.71,9.52,16.07,5.36,20.24,9.52,20.24,27.38,11.31,26.79,20.83,9.52
2020-03-06,2.38,7.14,13.1,31.55,2.38,18.45,13.69,0.0,20.83,7.14,19.64,22.62,0.0,18.45,40.77,27.98,18.45,16.67,13.1,65.77,7.74,9.52,19.05,16.67,16.67,13.1,9.52,10.71,17.86,26.19,13.1,22.02,16.67,36.31,17.86,9.52,16.07,5.36,20.24,9.52,20.24,27.38,18.45,26.79,20.83,9.52
2020-03-07,2.38,7.14,13.1,31.55,2.38,18.45,13.69,0.0,20.83,7.14,19.64,22.62,0.0,18.45,40.77,27.98,18.45,16.67,13.1,65.77,7.74,9.52,19.05,16.67,16.67,13.1,15.48,10.71,17.86,29.76,13.1,22.02,16.67,36.31,17.86,9.52,16.07,5.36,20.24,9.52,20.24,27.38,18.45,24.4,20.83,9.52
2020-03-08,2.38,13.1,13.1,31.55,2.38,18.45,16.07,0.0,20.83,7.14,19.64,22.62,0.0,18.45,40.77,27.98,18.45,16.67,13.1,65.77,7.74,9.52,19.05,16.67,16.67,13.1,15.48,19.64,17.86,29.76,13.1,22.02,16.67,36.31,17.86,9.52,16.07,7.14,20.24,9.52,20.24,50.0,18.45,24.4,20.83,9.52
2020-03-09,2.38,30.95,18.45,31.55,2.38,18.45,16.07,0.0,20.83,7.14,22.02,22.62,0.0,18.45,40.77,30.36,20.24,22.02,13.1,66.96,7.74,9.52,26.19,20.24,19.05,14.88,29.46,23.81,21.43,29.76,22.02,22.02,16.67,38.69,27.38,9.52,16.07,10.71,20.24,9.52,20.24,50.0,18.45,24.4,23.21,9.52
2020-03-10,2.38,41.67,18.45,35.12,13.99,22.02,16.07,0.0,26.19,14.29,25.6,26.19,0.0,18.45,40.77,33.04,21.43,22.02,13.1,70.24,7.74,9.52,26.19,29.76,25.3,22.02,34.82,23.81,28.57,35.12,35.42,22.02,16.67,38.69,27.38,9.52,16.07,25.0,20.24,15.48,26.49,50.0,18.45,27.98,23.21,9.52
2020-03-11,13.1,48.21,25.6,35.12,21.13,25.6,19.64,0.0,26.19,14.29,39.88,32.74,0.0,18.45,45.54,33.04,21.43,39.29,13.1,72.02,9.52,9.52,26.19,29.76,25.3,22.02,34.82,30.95,28.57,35.12,35.42,22.02,16.67,38.69,27.38,9.52,16.07,39.29,42.86,19.05,26.49,50.0,25.6,27.98,23.21,9.52
2020-03-12,13.1,48.21,27.98,35.12,21.13,25.6,19.64,0.0,26.19,17.86,41.67,32.74,20.83,29.76,45.54,33.04,26.19,46.43,26.19,72.02,9.52,24.4,29.76,33.33,37.5,32.74,39.58,42.26,38.69,35.12,35.42,31.55,9.52,38.69,27.38,18.45,16.07,39.29,42.86,28.57,26.49,50.0,25.6,27.98,23.21,34.52
2020-03-13,19.05,65.48,36.9,35.12,21.13,24.4,35.12,0.0,32.14,28.57,46.43,48.81,20.83,29.76,45.54,33.04,26.19,46.43,33.33,72.02,41.07,30.36,36.9,53.57,42.86,32.74,40.77,42.26,47.02,35.12,35.42,31.55,10.71,38.69,29.76,18.45,41.07,39.29,47.62,28.57,26.49,50.0,25.6,33.33,23.21,40.48
2020-03-14,26.19,65.48,36.9,52.98,21.13,42.26,35.12,7.74,35.71,28.57,48.81,50.6,26.19,29.76,49.11,33.04,35.12,46.43,33.33,72.02,42.86,30.36,36.9,53.57,42.86,37.5,40.77,42.26,50.6,37.5,49.11,31.55,10.71,43.45,29.76,18.45,41.07,39.29,47.62,32.14,28.87,50.0,25.6,33.33,23.21,40.48
2020-03-15,26.19,67.26,36.9,52.98,21.13,42.26,35.12,7.74,37.5,32.14,53.57,50.6,26.19,29.76,49.11,33.04,35.12,46.43,36.9,72.02,42.86,30.36,44.05,53.57,42.86,42.86,47.62,42.26,50.6,37.5,49.11,31.55,10.71,43.45,35.12,17.56,41.07,39.29,58.33,35.71,28.87,57.14,45.83,33.33,23.21,40.48
2020-03-16,30.95,67.26,64.29,52.98,24.7,42.26,35.12,7.74,38.69,36.9,60.71,50.6,33.33,47.62,53.87,38.99,35.12,57.74,36.9,72.02,42.86,57.14,55.95,53.57,47.62,42.86,48.81,42.26,57.74,51.79,50.3,36.31,13.1,45.83,51.79,33.63,45.83,39.29,58.33,41.07,38.39,57.14,57.14,40.48,42.26,50.0
2020-03-17,30.95,67.26,64.29,52.98,44.35,42.26,38.69,7.74,38.69,36.9,60.71,55.36,36.9,52.38,71.43,38.99,35.12,57.74,36.9,72.02,46.43,57.14,65.48,53.57,47.62,42.86,48.81,42.26,60.12,51.79,52.08,41.07,16.67,45.83,51.79,33.63,44.05,41.07,60.12,41.07,44.94,57.14,57.14,58.93,42.26,58.33
2020-03-18,30.95,67.26,64.29,52.98,48.81,56.55,53.57,7.74,40.48,36.9,73.21,59.52,36.9,57.14,71.43,41.96,42.26,57.74,36.9,72.02,46.43,57.14,65.48,57.14,47.62,42.86,52.38,42.26,60.12,51.79,52.08,41.07,22.62,47.62,51.79,38.99,44.05,41.07,60.12,41.07,44.94,57.14,69.05,60.12,45.83,65.48
2020-03-19,30.95,67.26,64.29,58.33,48.81,56.55,53.57,7.74,44.05,36.9,73.21,59.52,36.9,57.14,71.43,43.75,42.26,57.74,36.9,72.02,46.43,57.14,65.48,57.14,47.62,42.86,66.07,44.05,60.12,62.5,54.46,44.64,22.62,50.0,51.79,54.76,44.05,41.07,60.12,42.86,48.51,57.14,69.05,60.12,45.83,65.48
2020-03-20,33.33,67.26,64.29,58.33,63.69,61.9,53.57,7.74,59.52,36.9,73.21,59.52,36.9,57.14,71.43,45.54,42.26,57.74,36.9,73.81,46.43,57.14,65.48,57.14,52.38,42.86,66.07,44.05,60.12,69.64,54.46,44.64,26.19,50.0,53.57,54.76,44.05,41.07,60.12,42.86,48.51,59.52,69.05,60.12,45.83,65.48
2020-03-21,33.33,67.26,64.29,58.33,63.69,61.9,55.36,7.74,66.67,36.9,73.21,59.52,36.9,57.14,71.43,52.08,47.62,57.74,36.9,73.81,46.43,57.14,65.48,58.93,52.38,42.86,66.07,49.4,60.12,69.64,54.46,44.64,32.74,57.14,53.57,54.76,44.05,42.86,60.12,42.86,49.7,59.52,80.95,60.12,52.98,65.48
2020-03-22,33.33,67.26,64.29,58.33,63.69,61.9,55.36,7.74,66.67,36.9,73.21,59.52,36.9,57.14,71.43,62.5,47.62,57.74,36.9,73.81,46.43,57.14,65.48,58.93,52.38,45.24,66.07,52.98,64.88,69.64,54.46,44.64,42.26,62.5,53.57,54.76,44.05,42.86,60.12,42.86,49.7,59.52,80.95,60.12,52.98,65.48
2020-03-23,33.33,69.05,66.67,63.1,63.69,61.9,55.36,7.74,76.19,46.43,75.0,59.52,36.9,57.14,71.43,62.5,61.31,57.74,36.9,73.81,46.43,57.14,65.48,61.31,63.69,45.24,66.07,52.98,64.88,69.64,54.46,41.07,59.82,69.05,53.57,54.76,48.81,48.21,60.12,42.86,55.65,59.52,80.95,60.12,52.98,65.48
2020-03-24,33.33,69.05,66.67,63.1,63.69,61.9,55.36,7.74,76.19,70.24,75.0,59.52,36.9,57.14,71.43,62.5,61.31,57.74,36.9,73.81,48.81,57.14,65.48,61.31,63.69,45.24,66.07,52.98,67.26,69.64,54.46,41.07,60.71,69.05,53.57,61.9,48.81,61.9,60.12,53.57,55.65,59.52,80.95,60.12,56.55,65.48
2020-03-25,44.05,69.05,66.67,63.1,63.69,61.9,55.36,9.52,76.19,70.24,75.0,59.52,44.05,57.14,71.43,62.5,61.31,57.74,36.9,73.81,48.81,57.14,65.48,63.69,63.69,45.24,66.07,60.12,67.26,69.64,54.46,43.45,60.71,69.05,53.57,61.9,48.81,69.05,60.12,53.57,55.65,59.52,80.95,60.12,56.55,65.48
2020-03-26,44.05,69.05,66.67,63.1,63.69,61.9,55.36,9.52,76.19,70.24,75.0,59.52,44.05,57.14,71.43,62.5,61.31,57.74,42.86,73.81,48.81,57.14,65.48,63.69,63.69,45.24,68.45,60.12,67.26,69.64,54.46,43.45,60.71,70.24,53.57,61.9,48.81,69.05,60.12,53.57,55.65,59.52,80.95,60.12,56.55,65.48
2020-03-27,51.19,69.05,66.67,63.1,63.69,61.9,55.36,9.52,76.19,70.24,77.38,59.52,51.19,58.93,71.43,62.5,61.31,62.5,61.9,73.81,48.81,57.14,65.48,63.69,63.69,45.24,68.45,60.12,67.26,69.64,54.46,43.45,60.71,70.24,53.57,61.9,48.81,69.05,60.12,53.57,55.65,59.52,80.95,60.12,58.33,65.48
2020-03-28,51.19,69.05,66.67,63.1,63.69,61.9,55.36,9.52,76.19,70.24,77.38,59.52,51.19,58.93,71.43,62.5,61.31,66.07,67.86,73.81,48.81,57.14,65.48,73.81,63.69,45.24,68.45,60.12,67.26,69.64,54.46,43.45,60.71,70.24,53.57,67.86,48.81,69.05,60.12,53.57,56.85,59.52,80.95,60.12,61.9,65.48
2020-03-29,51.19,69.05,66.67,63.1,72.62,63.1,55.36,9.52,76.19,70.24,77.38,59.52,54.76,58.93,71.43,62.5,61.31,66.07,67.86,73.81,48.81,57.14,65.48,73.81,63.69,45.24,68.45,60.12,67.26,69.64,54.46,48.81,60.71,70.24,53.57,69.64,48.81,69.05,60.12,53.57,56.85,59.52,80.95,60.12,61.9,65.48
2020-03-30,51.19,69.05,70.24,63.1,72.62,63.1,60.71,9.52,76.19,70.24,77.38,59.52,54.76,58.93,71.43,62.5,61.31,66.07,67.86,73.81,48.81,59.52,65.48,73.81,63.69,45.24,68.45,61.9,67.26,80.36,63.1,48.81,60.71,72.62,53.57,75.6,48.81,69.05,60.12,53.57,71.43,59.52,80.95,60.12,61.9,65.48
2020-03-31,51.19,69.05,70.24,76.19,72.62,63.1,51.19,9.52,76.19,70.24,77.38,59.52,54.76,58.93,71.43,62.5,61.31,66.07,67.86,73.81,48.81,59.52,65.48,73.81,63.69,57.14,68.45,69.05,67.26,80.36,63.1,48.81,60.71,78.57,53.57,75.6,48.81,69.05,60.12,53.57,71.43,59.52,80.95,60.12,61.9,65.48
2020-04-01,51.19,69.05,72.02,76.19,72.62,63.1,50.0,11.9,76.19,70.24,77.38,59.52,54.76,58.93,71.43,64.29,61.31,66.07,67.86,73.81,48.81,59.52,65.48,73.81,63.69,60.71,68.45,69.05,67.26,80.36,63.1,54.76,60.71,80.95,53.57,75.6,48.81,69.05,60.12,57.14,71.43,59.52,80.95,60.12,61.9,65.48
2020-04-02,51.19,69.05,72.02,76.19,72.62,63.1,50.0,11.9,78.57,70.24,72.02,59.52,54.76,58.93,71.43,64.29,61.31,66.07,67.86,73.81,48.81,59.52,65.48,73.81,63.69,60.71,68.45,69.05,67.26,80.36,63.1,54.76,60.71,80.95,53.57,75.6,48.81,69.05,60.12,57.14,71.43,59.52,80.95,60.12,61.9,65.48
2020-04-03,51.19,69.05,72.02,76.19,72.62,63.1,50.0,10.12,78.57,70.24,72.02,59.52,59.52,58.93,71.43,64.29,61.31,66.07,67.86,73.81,48.81,59.52,65.48,77.38,63.69,60.71,68.45,69.05,67.26,80.36,63.1,54.76,60.71,80.95,53.57,75.6,48.81,69.05,60.12,57.14,71.43,59.52,80.95,60.12,61.9,65.48
2020-04-04,51.19,69.05,72.02,76.19,72.62,63.1,50.0,14.88,78.57,72.62,72.02,59.52,59.52,58.93,71.43,64.29,61.31,66.07,67.86,80.06,48.81,59.52,65.48,77.38,63.69,60.71,68.45,69.05,67.26,80.36,63.1,54.76,60.71,80.95,53.57,75.6,48.81,69.05,60.12,57.14,71.43,59.52,80.95,60.12,61.9,70.83
2020-04-05,51.19,69.05,72.02,76.19,72.62,63.1,50.0,14.88,78.57,72.62,72.02,59.52,59.52,58.93,71.43,64.29,61.31,66.07,67.86,80.06,48.81,59.52,65.48,77.38,63.69,60.71,68.45,69.05,67.26,80.36,65.48,54.76,60.71,80.95,53.57,75.6,48.81,69.05,60.12,57.14,71.43,61.9,80.95,60.12,61.9,70.83
2020-04-06,51.19,69.05,73.81,76.19,72.62,63.1,50.0,18.45,78.57,72.62,72.02,61.9,59.52,58.93,71.43,65.18,61.31,66.07,71.43,80.06,48.81,59.52,65.48,77.38,63.69,60.71,68.45,69.05,67.26,80.36,65.48,54.76,60.71,80.95,53.57,75.6,48.81,69.05,60.12,57.14,75.0,61.9,80.95,60.12,61.9,70.83
2020-04-07,51.19,69.05,73.81,76.19,72.62,63.1,50.0,18.45,78.57,72.62,72.02,61.9,59.52,58.93,71.43,65.18,61.31,66.07,71.43,80.06,48.81,66.67,65.48,77.38,63.69,60.71,68.45,69.05,67.26,80.36,65.48,54.76,60.71,80.95,53.57,75.6,48.81,69.05,60.12,57.14,75.0,61.9,80.95,60.12,61.9,73.21
2020-04-08,52.98,69.05,73.81,76.19,72.62,63.1,50.0,25.6,78.57,72.62,72.02,61.9,61.9,58.93,71.43,65.18,63.69,66.07,71.43,80.06,48.81,66.67,67.26,77.38,63.69,60.71,68.45,69.05,75.0,80.36,65.48,54.76,60.71,80.95,53.57,75.6,48.81,69.05,60.12,57.14,75.0,61.9,80.95,60.12,61.9,73.21
2020-04-09,52.98,69.05,73.81,76.19,72.62,63.1,50.0,32.74,78.57,72.62,72.02,61.9,61.9,58.93,71.43,65.18,63.69,66.07,71.43,80.06,48.81,66.67,67.26,77.38,63.69,64.29,72.02,69.05,75.0,80.36,65.48,54.76,60.71,80.95,53.57,75.6,48.81,69.05,60.12,57.14,75.0,61.9,80.95,60.12,61.9,73.21
2020-04-10,52.98,69.05,73.81,76.19,74.4,63.1,50.0,32.74,78.57,72.62,72.02,61.9,61.9,58.93,71.43,65.18,63.69,66.07,71.43,81.85,48.81,70.24,67.26,77.38,63.69,64.29,72.02,69.05,75.0,80.36,65.48,54.76,60.71,80.95,53.57,75.6,48.81,69.05,60.12,57.14,75.0,69.05,80.95,60.12,61.9,73.21
2020-04-11,52.98,69.05,73.81,76.19,74.4,63.1,50.0,32.74,80.95,72.62,72.02,61.9,61.9,58.93,71.43,65.18,63.69,66.07,71.43,81.85,48.81,70.24,67.26,77.38,63.69,64.29,72.02,69.05,75.0,80.36,63.1,54.76,60.71,80.95,53.57,75.6,48.81,69.05,60.12,57.14,75.0,69.05,80.95,60.12,64.29,73.21
2020-04-12,52.98,69.05,73.81,76.19,74.4,63.1,53.57,32.74,80.95,72.62,72.02,61.9,61.9,58.93,71.43,65.18,63.69,66.07,71.43,85.42,48.81,70.24,67.26,77.38,63.69,64.29,72.02,69.05,75.0,80.36,63.1,54.76,60.71,80.95,53.57,75.6,48.81,69.05,60.12,57.14,75.0,69.05,80.95,60.12,64.29,73.21
2020-04-13,52.98,69.05,73.81,76.19,74.4,63.1,53.57,32.74,80.95,72.62,72.02,61.9,61.9,58.93,71.43,65.18,63.69,66.07,71.43,85.42,48.81,70.24,67.26,77.38,63.69,64.29,72.02,69.05,75.0,80.36,63.1,54.76,60.71,80.95,53.57,75.6,48.81,69.05,60.12,57.14,75.0,69.05,80.95,60.12,61.9,73.21
2020-04-14,52.98,69.05,71.43,76.19,74.4,63.1,53.57,32.74,80.95,72.62,68.45,61.9,61.9,57.14,71.43,65.18,63.69,66.07,71.43,85.42,48.81,66.67,67.26,77.38,63.69,64.29,68.45,69.05,67.26,80.36,63.1,54.76,60.71,80.95,53.57,75.6,48.81,69.05,60.12,57.14,75.0,69.05,80.95,60.12,61.9,73.21
2020-04-15,52.98,69.05,71.43,76.19,74.4,61.9,60.71,32.74,80.95,72.62,68.45,59.52,61.9,57.14,71.43,65.18,63.69,66.07,71.43,85.42,48.81,66.67,67.26,77.38,63.69,64.29,68.45,69.05,67.26,80.36,63.1,54.76,60.71,80.95,53.57,75.6,48.81,69.05,60.12,57.14,75.0,69.05,80.95,60.12,61.9,73.21
2020-04-16,52.98,69.05,71.43,77.98,74.4,61.9,60.71,32.74,80.95,77.38,68.45,59.52,61.9,57.14,71.43,65.18,63.69,66.07,71.43,85.42,48.81,66.67,67.26,77.38,63.69,69.64,68.45,69.05,67.26,80.36,63.1,54.76,60.71,80.95,53.57,75.6,48.81,69.05,65.48,57.14,75.0,69.05,80.95,60.12,61.9,73.21
2020-04-17,52.98,69.05,71.43,77.98,74.4,61.9,60.71,32.74,80.95,77.38,68.45,59.52,61.9,57.14,71.43,65.18,63.69,66.07,71.43,85.42,48.81,66.67,67.26,77.38,63.69,69.64,68.45,69.05,67.26,80.36,63.1,54.76,60.71,84.52,53.57,75.6,48.81,69.05,65.48,57.14,75.0,72.62,80.95,60.12,61.9,73.21
2020-04-18,52.98,72.62,71.43,77.98,74.4,61.9,60.71,32.74,80.95,77.38,68.45,59.52,61.9,57.14,71.43,65.18,63.69,66.07,71.43,85.42,48.81,66.67,67.26,77.38,63.69,69.64,68.45,69.05,67.26,80.36,63.1,54.76,60.71,84.52,53.57,75.6,48.81,67.26,65.48,57.14,75.0,72.62,80.95,60.12,64.29,73.21
2020-04-19,52.98,72.62,71.43,77.98,74.4,61.9,60.71,32.74,80.95,77.38,68.45,59.52,61.9,57.14,71.43,65.18,63.69,66.07,71.43,85.42,48.81,66.67,67.26,77.38,63.69,69.64,68.45,69.05,67.26,80.36,63.1,54.76,60.71,84.52,53.57,75.6,48.81,67.26,65.48,57.14,79.46,72.62,80.95,60.12,67.86,73.21
2020-04-20,50.6,72.62,71.43,77.98,74.4,61.9,60.71,38.69,80.95,77.38,63.69,61.9,61.9,57.14,71.43,65.18,63.69,66.07,71.43,85.42,48.81,66.67,60.71,77.38,63.69,67.26,68.45,69.05,67.26,77.98,63.1,54.76,60.71,84.52,53.57,75.6,48.81,67.26,65.48,53.57,79.46,72.62,80.95,60.12,65.48,73.21
2020-04-21,50.6,75.0,71.43,77.98,74.4,61.9,60.71,38.69,80.95,77.38,61.31,61.9,61.9,57.14,71.43,65.18,63.69,66.07,71.43,85.42,48.81,66.67,60.71,77.38,63.69,67.26,68.45,69.05,67.26,77.98,63.1,54.76,60.71,84.52,53.57,75.6,48.81,67.26,65.48,51.79,79.46,72.62,78.57,60.12,65.48,73.21
2020-04-22,50.6,75.0,71.43,77.98,74.4,61.9,60.71,38.69,80.95,77.38,61.31,61.9,61.9,57.14,71.43,65.18,63.69,66.07,71.43,85.42,48.81,66.67,60.71,77.38,63.69,67.26,68.45,69.05,67.26,77.98,63.1,54.76,60.71,84.52,53.57,75.6,48.81,67.26,65.48,51.79,79.46,72.62,78.57,60.12,65.48,73.21
2020-04-23,50.6,75.0,69.64,77.98,74.4,61.9,60.71,38.69,80.95,77.38,61.31,61.9,61.9,57.14,71.43,65.18,63.69,66.07,71.43,85.42,48.81,66.67,60.71,77.38,63.69,67.26,68.45,69.05,67.26,77.98,63.1,54.76,60.71,84.52,53.57,75.6,48.81,67.26,65.48,51.79,79.46,72.62,78.57,60.12,65.48,73.21
2020-04-24,50.6,75.0,69.64,77.98,73.21,63.69,60.71,38.69,80.95,77.38,61.31,59.52,61.9,57.14,71.43,65.18,63.69,66.07,71.43,85.42,48.81,66.67,60.71,77.38,63.69,67.26,68.45,69.05,67.26,77.98,63.1,54.76,60.71,84.52,53.57,75.6,48.81,67.26,65.48,51.79,79.46,72.62,78.57,60.12,65.48,73.21
2020-04-25,50.6,75.0,69.64,77.98,73.21,63.69,60.71,38.69,80.95,77.38,61.31,59.52,61.9,57.14,71.43,65.18,63.69,66.07,71.43,85.42,48.81,66.67,60.71,77.38,63.69,67.26,68.45,69.05,67.26,77.98,63.1,54.76,60.71,84.52,53.57,75.6,48.81,67.26,65.48,51.79,79.46,72.62,78.57,60.12,65.48,73.21
2020-04-26,50.6,75.0,69.64,77.98,73.21,63.69,60.71,38.69,80.95,77.38,61.31,59.52,61.9,57.14,71.43,65.18,63.69,66.07,71.43,85.42,48.81,66.67,60.71,77.38,63.69,67.26,68.45,69.05,67.26,77.98,63.1,54.76,60.71,84.52,53.57,75.6,48.81,67.26,65.48,51.79,79.46,72.62,78.57,60.12,65.48,73.21
2020-04-27,50.6,75.0,69.64,75.6,73.21,63.69,60.71,38.69,76.79,77.38,59.52,59.52,60.12,57.14,71.43,66.07,63.69,68.75,71.43,85.42,48.81,64.29,60.71,77.38,63.69,67.26,68.45,69.05,67.26,77.98,63.1,54.76,60.71,82.14,53.57,75.6,48.21,67.26,65.48,49.4,79.46,72.62,76.79,57.74,65.48,73.21
2020-04-28,50.6,75.0,69.64,75.6,73.21,64.88,54.76,38.69,76.79,77.38,59.52,59.52,60.12,57.14,71.43,66.07,65.48,68.75,71.43,85.42,48.81,64.29,60.71,77.38,63.69,67.26,68.45,66.67,72.62,77.98,63.1,54.76,61.61,82.14,53.57,75.6,48.21,67.26,65.48,49.4,79.46,72.62,76.79,57.74,65.48,73.21
2020-04-29,50.6,75.0,69.64,75.6,73.21,64.88,61.9,38.69,76.79,77.38,59.52,59.52,60.12,57.14,71.43,70.83,65.48,68.75,71.43,85.42,48.81,64.29,60.71,77.38,63.69,67.26,68.45,66.67,72.62,77.98,63.1,54.76,61.61,82.14,53.57,75.6,48.21,67.26,65.48,49.4,79.46,72.62,76.79,57.74,65.48,73.21
2020-04-30,50.6,75.0,69.64,75.6,73.21,64.88,61.9,38.69,76.79,77.38,59.52,59.52,60.12,57.14,71.43,70.83,67.86,68.75,71.43,85.42,48.81,64.29,60.71,77.38,63.69,67.26,68.45,66.67,72.62,70.83,63.1,54.76,61.61,82.14,53.57,75.6,48.21,73.21,65.48,49.4,79.46,72.62,78.57,58.33,65.48,73.21
2020-05-01,50.6,75.0,64.88,75.6,73.21,64.88,58.33,38.69,76.79,77.38,59.52,59.52,60.12,57.14,71.43,70.83,67.86,68.75,71.43,85.42,48.81,64.29,60.71,77.38,63.69,67.26,72.02,66.67,72.62,70.83,63.1,54.76,61.61,82.14,53.57,78.57,48.21,73.21,65.48,49.4,79.46,72.62,78.57,58.33,65.48,73.21
2020-05-02,50.6,75.0,63.1,75.6,73.21,64.88,58.33,38.69,76.79,77.38,59.52,59.52,60.12,57.14,71.43,70.83,67.86,68.75,71.43,85.42,48.81,64.29,60.71,77.38,63.69,67.26,72.02,66.67,72.62,70.83,63.1,54.76,61.61,82.14,53.57,78.57,48.21,73.21,65.48,49.4,79.46,72.62,78.57,58.33,65.48,73.21
2020-05-03,50.6,75.0,63.1,75.6,73.21,64.88,58.33,38.69,76.79,77.38,59.52,59.52,60.12,57.14,71.43,69.94,67.86,68.75,71.43,85.42,48.81,64.29,60.71,77.38,63.69,67.26,75.6,66.67,72.62,70.83,63.1,54.76,61.61,82.14,53.57,78.57,48.21,73.21,65.48,49.4,79.46,60.71,78.57,58.33,65.48,73.21
2020-05-04,50.6,75.0,61.9,75.6,73.21,69.05,58.33,38.69,79.17,76.19,59.52,59.52,60.12,57.14,71.43,67.56,67.86,62.2,71.43,73.51,48.81,64.29,58.33,80.95,63.69,67.26,63.69,66.67,72.62,70.83,64.58,54.76,61.61,82.14,48.81,75.0,48.21,73.21,60.71,49.4,79.46,53.57,78.57,58.33,65.48,73.21
2020-05-05,50.6,75.0,61.9,75.6,73.21,67.26,58.33,38.69,79.17,76.19,59.52,59.52,60.12,57.14,71.43,67.56,61.9,62.2,71.43,73.51,48.81,64.29,58.33,80.95,63.69,67.26,63.69,66.67,72.62,70.83,64.58,54.76,61.61,82.14,48.81,75.0,48.21,73.21,60.71,49.4,79.46,53.57,76.79,58.33,65.48,73.21
2020-05-06,50.6,75.0,61.9,75.6,73.21,67.26,51.19,38.69,79.17,76.19,59.52,59.52,60.12,57.14,71.43,63.99,61.9,62.2,71.43,73.51,48.81,64.29,58.33,80.95,63.69,67.26,63.69,66.67,70.24,70.83,64.58,54.76,61.61,82.14,48.81,75.0,48.21,73.21,60.71,49.4,79.46,53.57,76.79,58.33,65.48,73.21
2020-05-07,50.6,75.0,61.9,75.6,73.21,67.26,51.19,38.69,79.17,76.19,59.52,59.52,60.12,57.14,71.43,62.8,61.9,62.2,71.43,73.51,48.81,64.29,58.33,80.95,63.69,67.26,63.69,66.67,70.24,70.83,64.58,54.76,61.61,82.14,48.81,75.0,48.21,73.21,60.71,49.4,79.46,53.57,67.26,58.33,65.48,79.17
2020-05-08,50.6,75.0,61.9,75.6,73.21,67.26,50.0,38.69,79.17,76.19,59.52,59.52,56.55,57.14,71.43,62.8,61.9,62.2,71.43,73.51,48.81,64.29,58.33,80.95,63.69,67.26,63.69,66.67,70.24,70.83,64.58,54.76,61.61,82.14,48.81,75.0,48.21,73.21,60.71,49.4,79.46,53.57,67.26,58.33,65.48,79.17
2020-05-09,50.6,75.0,61.9,73.81,73.21,67.26,50.0,38.69,79.17,76.19,59.52,59.52,56.55,57.14,71.43,62.8,61.9,62.2,71.43,73.51,48.81,64.29,58.33,80.95,63.69,67.26,63.69,66.67,70.24,70.83,64.58,54.76,61.61,82.14,48.81,75.0,48.21,73.21,60.71,49.4,79.46,53.57,67.26,58.33,65.48,79.17
2020-05-10,50.6,75.0,61.9,73.81,73.21,67.26,50.0,38.69,79.17,76.19,59.52,59.52,56.55,57.14,71.43,62.8,61.9,62.2,71.43,73.51,48.81,64.29,58.33,80.95,63.69,67.26,63.69,66.67,70.24,70.83,64.58,54.76,61.61,82.14,48.81,75.0,48.21,73.21,60.71,49.4,79.46,53.57,67.26,58.33,65.48,79.17
2020-05-11,48.81,75.0,58.33,73.81,67.26,64.88,50.0,38.69,66.67,76.19,59.52,59.52,54.17,57.14,68.45,62.8,59.52,62.2,71.43,73.51,48.81,62.5,56.55,80.95,58.93,67.26,63.69,61.31,70.24,61.31,64.58,54.76,60.42,82.14,48.81,72.92,50.6,73.21,58.33,47.02,79.46,53.57,67.26,57.14,65.48,79.17
2020-05-12,48.81,75.0,58.33,73.81,67.26,64.88,50.0,38.69,66.67,76.19,59.52,57.14,54.17,57.14,66.07,61.61,59.52,62.2,71.43,73.51,50.6,62.5,56.55,80.95,58.93,67.26,63.69,61.31,70.24,61.31,64.58,54.76,60.42,82.14,48.81,72.92,50.6,73.21,58.33,47.02,75.0,53.57,67.26,57.14,65.48,79.17
2020-05-13,48.81,75.0,58.33,73.81,67.26,64.88,50.0,38.69,66.67,76.19,59.52,57.14,54.17,57.14,66.07,61.61,59.52,62.2,71.43,73.51,50.6,62.5,56.55,80.95,58.93,67.26,63.69,61.31,70.24,61.31,67.86,54.76,56.25,82.14,48.81,72.92,50.6,73.21,58.33,47.02,75.0,53.57,67.26,57.14,65.48,79.17
2020-05-14,48.81,75.0,58.33,73.81,64.88,64.88,51.79,38.69,66.67,76.19,59.52,57.14,54.17,51.19,66.07,61.61,59.52,62.2,71.43,73.51,50.6,62.5,56.55,80.95,58.93,67.26,63.69,61.31,70.24,56.25,67.86,54.76,56.25,82.14,48.81,72.92,50.6,73.21,63.1,43.45,75.0,53.57,67.26,57.14,65.48,79.17
2020-05-15,48.81,75.0,58.33,73.81,63.1,64.88,51.79,38.69,66.67,76.19,59.52,57.14,49.4,51.19,66.07,61.61,59.52,62.2,71.43,73.51,48.81,62.5,56.55,80.95,58.93,67.26,63.69,61.31,70.24,56.25,67.86,54.76,56.25,82.14,48.81,72.92,52.38,76.79,63.1,43.45,75.0,53.57,67.26,57.14,65.48,79.17
2020-05-16,48.81,75.0,58.33,73.81,63.1,64.88,51.79,38.69,66.67,76.19,59.52,57.14,49.4,51.19,66.07,59.82,59.52,62.2,71.43,75.89,48.81,62.5,56.55,80.95,58.93,67.26,63.69,56.55,70.24,56.25,67.86,54.76,56.25,82.14,48.81,72.92,52.38,74.4,63.1,43.45,75.0,53.57,67.26,57.14,65.48,79.17
2020-05-17,48.81,75.0,58.33,72.62,63.1,64.88,51.79,38.69,66.67,76.19,59.52,57.14,49.4,51.19,66.07,59.82,59.52,62.2,71.43,75.89,48.81,62.5,56.55,80.95,58.93,67.26,63.69,56.55,70.24,56.25,65.18,54.76,56.25,82.14,48.81,72.92,52.38,74.4,63.1,43.45,75.0,53.57,45.24,57.14,65.48,79.17
2020-05-18,48.81,70.83,58.33,63.1,63.1,68.45,51.79,38.69,66.67,76.19,59.52,59.52,45.83,51.19,66.07,59.82,59.52,53.87,66.67,68.75,48.81,60.12,56.55,80.95,58.93,67.26,58.93,56.55,70.24,49.11,65.18,54.76,58.63,82.14,48.81,74.11,52.38,74.4,63.1,43.45,75.0,53.57,45.24,57.14,65.48,79.17
2020-05-19,48.81,70.83,58.33,63.1,63.1,68.45,51.79,38.69,66.67,76.19,59.52,59.52,45.83,51.19,66.07,57.44,59.52,53.87,66.67,68.75,48.81,60.12,56.55,80.95,58.93,67.26,58.93,56.55,70.24,49.11,65.18,54.76,58.63,82.14,48.81,74.11,52.38,74.4,63.1,43.45,75.0,53.57,45.24,57.14,65.48,79.17
2020-05-20,48.81,70.83,58.33,63.1,63.1,68.45,51.79,38.69,66.67,76.19,59.52,59.52,45.83,51.19,66.07,57.44,59.52,53.87,66.67,68.75,48.81,60.12,56.55,80.95,58.93,67.26,58.93,56.55,70.24,49.11,65.18,54.76,58.63,82.14,48.81,74.11,52.38,74.4,63.1,43.45,75.0,53.57,45.24,57.14,65.48,79.17
2020-05-21,48.81,70.83,58.33,63.1,59.52,68.45,49.4,38.69,66.67,66.07,59.52,59.52,45.83,51.19,66.07,57.44,59.52,53.87,66.67,68.75,48.81,60.12,56.55,80.95,58.93,67.26,58.93,56.55,70.24,49.11,66.96,54.76,58.63,82.14,48.81,74.11,52.38,74.4,63.1,43.45,75.0,55.95,45.24,57.14,65.48,79.17
2020-05-22,48.81,70.83,58.33,63.1,59.52,68.45,47.62,38.69,66.67,66.07,59.52,55.95,45.83,51.19,66.07,57.44,59.52,53.87,66.67,68.75,48.81,60.12,56.55,78.57,58.93,67.26,58.93,56.55,70.24,49.11,64.58,54.76,58.63,82.14,48.81,74.11,52.38,74.4,63.1,43.45,75.0,55.95,48.21,57.14,65.48,75.6
2020-05-23,48.81,70.83,58.33,63.1,59.52,68.45,47.62,38.69,66.67,66.07,59.52,55.95,45.83,51.19,66.07,57.44,59.52,53.87,66.67,68.75,48.81,60.12,56.55,78.57,58.93,67.26,58.93,56.55,70.24,49.11,64.58,54.76,58.63,72.02,48.81,74.11,52.38,74.4,63.1,43.45,75.0,55.95,48.21,57.14,65.48,75.6
2020-05-24,48.81,70.83,58.33,63.1,59.52,68.45,47.62,38.69,66.67,66.07,59.52,55.95,45.83,51.19,66.07,57.44,59.52,53.87,66.67,68.75,48.81,60.12,56.55,76.19,58.93,67.26,58.93,56.55,70.24,49.11,64.58,54.76,58.63,72.02,48.81,74.11,52.38,74.4,63.1,43.45,75.0,55.95,48.21,57.14,65.48,75.6
2020-05-25,48.81,70.83,58.33,63.1,59.52,68.45,47.62,38.69,61.31,66.07,45.24,54.17,45.83,51.19,66.07,57.44,59.52,53.87,66.67,68.75,48.81,60.12,50.6,76.19,56.55,64.88,58.93,56.55,70.24,49.11,64.58,54.76,58.63,72.02,42.26,75.89,52.38,74.4,63.1,43.45,75.0,55.95,48.21,55.95,65.48,75.6
2020-05-26,48.81,73.81,58.33,63.1,59.52,68.45,47.62,38.69,55.95,66.07,42.86,54.17,45.83,51.19,64.88,57.44,59.52,53.87,66.67,68.75,48.81,60.12,50.6,76.19,56.55,64.88,58.93,56.55,70.24,49.11,62.2,54.76,58.63,72.02,42.26,75.89,52.38,74.4,63.1,43.45,75.0,55.95,48.21,55.95,65.48,75.6
2020-05-27,48.81,73.81,58.33,63.1,59.52,68.45,47.62,38.69,55.95,66.07,42.86,54.17,45.83,51.19,64.88,57.44,59.52,53.87,66.67,68.75,48.81,60.12,50.6,76.19,56.55,64.88,58.93,56.55,70.24,49.11,59.82,54.76,62.2,72.02,42.26,75.89,52.38,74.4,63.1,43.45,75.0,55.95,48.21,55.95,65.48,75.6
2020-05-28,48.81,73.81,58.33,63.1,59.52,68.45,47.62,38.69,54.17,66.07,45.24,54.17,45.83,51.19,64.88,57.44,59.52,53.87,66.67,68.75,48.81,60.12,50.6,76.19,56.55,64.88,58.93,56.55,70.24,49.11,59.82,54.76,62.2,72.02,42.26,75.89,52.38,74.4,63.1,43.45,75.0,55.95,48.21,55.95,65.48,75.6
2020-05-29,48.81,73.81,54.76,63.1,55.95,68.45,47.62,38.69,51.79,66.07,45.24,54.17,45.83,47.62,64.88,57.44,59.52,53.87,66.67,68.75,48.81,60.12,50.6,76.19,56.55,64.88,58.93,56.55,70.24,49.11,59.82,54.76,61.01,62.5,42.26,75.89,52.38,74.4,63.1,43.45,75.0,55.95,48.21,55.95,65.48,75.6
2020-05-30,48.81,73.81,54.76,63.1,55.95,68.45,44.05,38.69,51.79,66.07,45.24,54.17,45.83,47.62,64.88,57.44,62.5,53.87,66.67,68.75,48.81,57.74,50.6,76.19,56.55,53.57,58.93,56.55,70.24,49.11,59.82,54.76,61.01,62.5,42.26,75.89,52.38,74.4,63.1,43.45,75.0,55.95,48.21,54.17,65.48,75.6
2020-05-31,48.81,73.81,54.76,63.1,55.95,68.45,39.88,38.69,51.79,66.07,45.24,54.17,45.83,47.62,64.88,57.44,62.5,53.87,66.67,68.75,48.81,57.74,50.6,76.19,56.55,53.57,58.93,56.55,70.24,49.11,59.82,54.76,61.01,62.5,42.26,75.89,52.38,74.4,63.1,43.45,75.0,55.95,48.21,54.17,65.48,75.6
2020-06-01,44.05,64.29,54.76,63.1,46.43,68.45,39.88,38.69,51.79,66.07,42.86,54.17,35.71,41.67,64.88,57.44,60.12,53.87,66.67,68.75,48.81,50.6,50.6,76.19,60.71,53.57,55.65,48.81,67.86,44.35,58.93,54.76,63.39,62.5,42.26,74.11,52.38,74.4,63.1,43.45,70.24,47.62,44.64,54.17,57.74,71.13
2020-06-02,44.05,64.29,54.76,63.1,46.43,68.45,39.88,38.69,51.79,66.07,46.43,54.17,35.71,41.67,63.1,57.44,60.12,50.3,66.67,68.75,48.81,50.6,50.6,76.19,60.71,55.95,55.65,46.43,67.86,43.45,58.93,54.76,63.39,62.5,42.26,74.11,52.38,74.4,59.52,39.88,70.24,47.62,44.64,54.17,57.74,71.13
2020-06-03,44.05,64.29,52.38,73.21,46.43,68.45,39.88,38.69,51.79,66.07,46.43,54.17,35.71,41.67,63.1,57.44,60.12,50.3,66.67,68.75,48.81,50.6,50.6,76.19,60.71,55.95,55.65,46.43,54.76,43.45,58.93,54.76,63.39,62.5,42.26,74.11,52.38,74.4,59.52,39.88,70.24,47.62,44.64,54.17,57.74,71.13
2020-06-04,44.05,64.29,52.38,73.21,47.62,68.45,39.88,38.69,51.79,66.07,46.43,54.17,35.71,41.67,63.1,57.44,60.12,50.3,66.67,68.75,48.81,50.6,50.6,76.19,60.71,55.95,55.65,46.43,54.76,43.45,58.93,57.14,63.39,62.5,42.26,74.11,52.38,74.4,59.52,39.88,70.24,47.62,44.64,54.17,57.74,71.13
2020-06-05,44.05,64.29,52.38,73.21,47.62,67.26,39.88,38.69,51.79,66.07,46.43,54.17,35.71,41.67,63.1,57.44,60.12,50.3,63.1,68.75,48.81,50.6,50.6,52.98,60.71,55.95,55.65,46.43,52.98,43.45,58.93,57.14,63.39,62.5,42.26,74.11,52.38,74.4,59.52,39.88,70.24,47.62,44.64,54.17,57.74,68.75
2020-06-06,44.05,64.29,52.38,74.4,47.62,67.26,39.88,38.69,51.79,66.07,46.43,54.17,35.71,41.67,63.1,57.44,60.12,50.3,63.1,68.75,48.81,50.6,50.6,52.98,60.71,55.95,55.65,46.43,52.98,43.45,58.93,57.14,63.39,62.5,42.26,74.11,48.81,74.4,59.52,39.88,70.24,47.62,34.52,48.21,57.74,68.75
2020-06-07,44.05,64.29,52.38,74.4,47.62,67.26,39.88,38.69,51.79,66.07,46.43,54.17,35.71,41.67,63.1,57.44,60.12,50.3,63.1,68.75,48.81,50.6,50.6,52.98,60.71,55.95,55.65,46.43,52.98,43.45,58.93,57.14,63.39,62.5,42.26,74.11,48.81,74.4,59.52,39.88,70.24,47.62,34.52,48.21,63.99,68.75
2020-06-08,44.05,64.29,52.38,69.64,47.62,53.57,39.88,38.69,51.79,62.5,46.43,52.38,35.71,41.67,63.1,57.44,60.12,50.3,60.71,68.75,48.81,50.6,50.6,52.98,60.71,55.95,55.65,46.43,52.98,43.45,52.98,57.14,66.96,62.5,42.26,74.11,48.81,74.4,59.52,39.88,70.24,47.62,34.52,48.21,63.99,68.75
2020-06-09,44.05,64.29,52.38,69.64,47.62,53.57,39.88,38.69,51.79,54.76,42.86,52.38,35.71,41.67,63.1,57.44,60.12,50.3,60.71,68.75,48.81,50.6,50.6,52.98,60.71,55.95,55.65,46.43,52.98,43.45,52.98,57.14,66.96,62.5,42.26,74.11,48.81,74.4,59.52,39.88,57.74,47.62,34.52,48.21,63.99,68.75
2020-06-10,44.05,64.29,52.38,69.64,47.62,53.57,39.88,38.69,51.79,54.76,42.86,52.38,35.71,41.67,63.1,57.44,60.12,50.3,60.71,68.75,50.0,50.6,50.6,52.98,60.71,55.95,55.65,46.43,51.19,43.45,52.98,57.14,66.96,62.5,42.26,74.11,48.81,74.4,59.52,39.88,57.74,47.62,34.52,48.21,63.99,68.75
2020-06-11,44.05,64.29,52.38,69.64,47.62,53.57,39.88,38.69,51.79,54.76,42.86,52.38,35.71,41.67,63.1,57.44,60.12,50.3,60.71,66.37,50.0,50.6,47.02,52.98,60.71,55.95,55.65,46.43,51.19,43.45,52.98,57.14,66.96,62.5,42.26,74.11,48.81,74.4,59.52,39.88,57.74,47.62,34.52,50.6,63.99,68.75
2020-06-12,44.05,64.29,52.38,69.64,47.62,53.57,39.88,38.69,54.17,54.76,42.86,52.38,35.71,41.67,63.1,57.44,60.12,50.3,60.71,66.37,50.0,50.6,47.02,52.98,60.71,55.95,55.65,46.43,51.19,43.45,52.98,57.14,66.96,62.5,42.26,74.11,48.81,74.4,59.52,39.88,57.74,47.62,34.52,50.6,63.99,68.75
2020-06-13,44.05,64.29,52.38,69.64,45.83,53.57,39.88,38.69,54.17,58.33,42.86,52.38,35.71,41.67,63.1,57.44,60.12,50.3,60.71,66.37,50.0,50.6,47.02,52.98,60.71,55.95,55.65,46.43,51.19,43.45,52.98,53.57,66.96,62.5,42.26,74.11,48.81,74.4,59.52,39.88,57.74,47.62,34.52,50.6,63.99,68.75
2020-06-14,44.05,64.29,52.38,73.21,45.83,53.57,39.88,38.69,54.17,58.33,42.86,52.38,35.71,41.67,63.1,57.44,60.12,50.3,60.71,66.37,50.0,50.6,47.02,52.98,60.71,55.95,58.04,46.43,48.81,43.45,52.98,53.57,66.96,62.5,42.26,74.11,48.81,74.4,59.52,39.88,57.74,47.62,34.52,50.6,63.99,68.75
2020-06-15,44.05,64.29,52.38,73.21,45.83,53.57,39.88,38.69,54.17,58.33,42.86,52.38,35.71,35.71,63.1,61.01,51.19,50.3,60.71,66.37,50.0,50.6,47.02,52.98,55.95,54.17,57.14,44.64,48.81,43.45,52.98,53.57,65.77,55.36,42.26,74.11,48.81,74.4,59.52,38.1,57.74,32.14,34.52,50.6,63.99,63.39
2020-06-16,44.05,64.29,52.38,73.21,45.83,53.57,39.88,38.69,54.17,58.33,42.86,52.38,35.71,35.71,63.1,61.01,51.19,50.3,60.71,66.37,50.0,50.6,47.02,52.98,55.95,47.02,57.14,49.4,48.81,43.45,52.98,53.57,65.77,55.36,42.26,74.11,48.81,74.4,59.52,38.1,57.74,32.14,34.52,50.6,63.99,63.39
2020-06-17,44.05,64.29,52.38,69.64,45.83,53.57,39.88,38.69,54.17,58.33,42.86,52.38,35.71,35.71,63.1,61.01,51.19,50.3,60.71,66.37,50.0,39.88,47.02,52.98,55.95,47.02,57.14,44.05,48.81,43.45,52.98,53.57,65.77,55.36,42.26,74.11,48.81,74.4,59.52,38.1,57.74,32.14,34.52,50.6,63.99,63.39
2020-06-18,44.05,64.29,52.38,69.64,45.83,53.57,39.88,38.69,54.17,58.33,42.86,52.38,35.71,35.71,63.1,63.39,51.19,50.3,60.71,66.37,50.0,39.88,47.02,52.98,55.95,47.02,57.14,44.05,48.81,43.45,52.98,53.57,65.77,55.36,42.26,74.11,48.81,74.4,59.52,38.1,57.74,32.14,34.52,50.6,63.99,63.39
2020-06-19,44.05,64.29,52.38,69.64,45.83,53.57,38.1,38.69,54.17,58.33,42.86,52.38,35.71,35.71,63.1,63.39,51.19,46.13,60.71,66.37,50.0,39.88,47.02,52.98,55.95,47.02,57.14,44.05,48.81,43.45,52.98,53.57,65.77,53.57,42.26,74.11,48.81,74.4,59.52,38.1,57.74,32.14,34.52,50.6,63.99,63.39
2020-06-20,44.05,64.29,52.38,69.64,45.83,53.57,38.1,38.69,54.17,58.33,42.86,52.38,35.71,35.71,63.1,63.39,51.19,46.13,60.71,66.37,50.0,39.88,47.02,52.98,55.95,47.02,57.14,44.05,47.02,43.45,52.98,53.57,65.77,53.57,42.26,74.11,48.81,74.4,59.52,38.1,57.74,32.14,34.52,50.6,63.99,63.39
2020-06-21,44.05,64.29,52.38,82.74,47.02,53.57,38.1,38.69,54.17,58.33,38.69,52.38,35.71,35.71,63.1,63.39,51.19,46.13,60.71,66.37,50.0,39.88,47.02,52.98,55.95,47.02,57.14,44.05,47.02,43.45,42.56,53.57,65.77,53.57,42.26,74.11,48.81,74.4,59.52,38.1,57.74,32.14,34.52,50.6,63.99,63.39
2020-06-22,44.05,62.5,52.38,82.74,47.02,53.57,39.88,38.69,54.17,58.33,38.69,52.38,35.71,35.71,50.0,63.39,54.76,46.13,60.71,66.37,50.0,39.88,47.02,52.98,55.95,47.02,57.14,44.05,47.02,43.45,42.56,53.57,67.56,53.57,42.26,74.11,48.81,74.4,59.52,38.1,57.74,32.14,34.52,43.45,63.99,46.43
2020-06-23,44.05,62.5,52.38,82.74,47.02,53.57,39.88,38.69,54.17,58.33,38.69,52.38,35.71,35.71,50.0,63.39,57.14,46.13,60.71,66.37,50.0,39.88,47.02,52.98,55.95,47.02,58.04,44.05,47.02,43.45,42.56,53.57,67.56,53.57,42.26,74.11,48.81,74.4,59.52,38.1,57.74,32.14,34.52,43.45,63.99,46.43
2020-06-24,44.05,62.5,52.38,82.74,47.02,53.57,39.88,38.69,54.17,52.38,38.69,52.38,35.71,35.71,50.0,63.39,57.14,46.13,60.71,66.37,50.0,39.88,47.02,52.98,55.95,47.02,58.04,44.05,47.02,43.45,42.56,53.57,67.56,53.57,42.26,74.11,48.81,74.4,59.52,38.1,57.74,32.14,34.52,43.45,63.99,46.43
2020-06-25,44.05,62.5,52.38,82.74,47.02,53.57,39.88,38.69,54.17,52.38,38.69,52.38,35.71,33.33,50.0,63.39,57.14,46.13,60.71,66.37,50.0,39.88,47.02,52.98,55.95,47.02,58.04,44.05,47.02,43.45,42.56,53.57,67.56,53.57,42.26,74.11,48.81,74.4,59.52,38.1,57.74,32.14,34.52,43.45,63.99,46.43
2020-06-26,44.05,62.5,52.38,82.74,47.02,53.57,39.88,38.69,54.17,52.38,38.69,52.38,35.71,33.33,50.0,63.39,57.14,46.13,45.24,66.37,50.0,39.88,38.1,52.98,55.95,47.02,58.04,44.05,47.02,43.45,42.56,53.57,67.56,53.57,42.26,74.11,44.05,74.4,59.52,38.1,57.74,32.14,34.52,43.45,63.99,46.43
2020-06-27,44.05,62.5,52.38,82.74,47.02,53.57,39.88,38.69,56.55,52.38,38.69,52.38,35.71,33.33,50.0,63.39,53.57,46.13,45.24,66.37,50.0,39.88,38.1,52.98,55.95,47.02,58.04,44.05,47.02,43.45,42.56,53.57,67.56,53.57,42.26,74.11,44.05,74.4,59.52,38.1,57.74,32.14,34.52,43.45,63.99,46.43
2020-06-28,44.05,62.5,52.38,82.74,47.02,53.57,39.88,38.69,56.55,52.38,38.69,52.38,35.71,33.33,50.0,63.39,53.57,46.13,45.24,66.37,50.0,39.88,38.1,52.98,55.95,47.02,58.04,44.05,47.02,43.45,42.56,53.57,67.56,53.57,42.26,74.11,44.05,74.4,59.52,38.1,57.74,32.14,34.52,43.45,63.99,46.43
2020-06-29,44.05,62.5,52.38,82.74,47.02,53.57,39.88,38.69,56.55,52.38,38.69,52.38,35.71,33.33,50.0,63.39,53.57,46.13,45.24,66.37,50.0,38.1,38.1,52.98,55.95,47.02,58.04,44.05,47.02,43.45,42.56,53.57,67.56,53.57,42.26,74.11,44.05,74.4,59.52,38.1,57.74,32.14,32.14,43.45,63.99,46.43
2020-06-30,44.05,62.5,52.38,82.74,47.02,53.57,39.88,38.69,56.55,52.38,40.18,52.38,35.71,33.33,50.0,63.39,53.57,46.13,45.24,66.37,50.0,38.1,38.1,52.98,55.95,47.02,58.04,44.05,47.02,43.45,42.56,53.57,67.56,55.36,42.26,74.11,44.05,74.4,59.52,38.1,57.74,32.14,27.38,43.45,63.99,46.43
2020-07-01,36.9,62.5,47.02,82.74,47.02,53.57,39.88,38.69,56.55,50.0,39.29,50.0,33.93,33.33,50.0,63.39,53.57,46.13,45.24,66.37,50.0,38.1,38.1,46.43,47.02,47.02,59.23,44.05,47.02,43.45,42.56,53.57,67.56,55.36,42.26,74.11,44.05,74.4,59.52,38.1,57.74,32.14,39.29,43.45,63.99,46.43
2020-07-02,36.9,62.5,47.02,82.74,47.02,53.57,39.88,38.69,56.55,50.0,41.07,50.0,33.93,33.33,50.0,63.39,57.14,46.13,45.24,66.37,50.0,38.1,38.1,46.43,47.02,47.02,59.23,44.05,47.02,43.45,42.56,53.57,67.56,55.36,42.26,74.11,44.05,74.4,59.52,38.1,57.74,32.14,39.29,43.45,63.99,46.43
2020-07-03,36.9,62.5,47.02,82.74,47.02,53.57,39.88,38.69,56.55,50.0,41.07,50.0,33.93,33.33,50.0,63.39,57.14,46.13,45.24,66.37,50.0,38.1,38.1,46.43,47.02,47.02,59.23,44.05,47.02,43.45,42.56,53.57,67.56,55.36,42.26,74.11,44.05,74.4,59.52,38.1,57.74,32.14,39.29,46.13,63.99,46.43
2020-07-04,36.9,62.5,47.02,82.74,47.02,53.57,39.88,38.69,56.55,50.0,39.29,50.0,33.93,33.33,50.0,63.39,57.14,46.13,45.24,66.37,50.0,38.1,38.1,46.43,47.02,47.02,59.23,44.05,47.02,43.45,52.68,53.57,66.67,55.36,42.26,74.11,44.05,74.4,59.52,38.1,57.74,32.14,39.29,46.13,63.99,46.43
2020-07-05,36.9,62.5,47.02,82.74,50.0,53.57,39.88,38.69,56.55,50.0,39.29,50.0,33.93,33.33,50.0,63.39,57.14,46.13,45.24,66.37,50.0,38.1,38.1,42.86,47.02,47.02,59.23,44.05,47.02,43.45,52.68,53.57,66.67,55.36,42.26,77.98,44.05,74.4,59.52,38.1,57.74,32.14,39.29,46.13,63.99,46.43
2020-07-06,36.9,58.93,47.02,82.74,50.0,53.57,39.88,38.69,56.55,50.0,39.29,50.0,33.93,33.33,50.0,63.39,57.14,46.13,45.24,66.37,50.0,38.1,38.1,42.86,47.02,47.02,59.23,44.05,47.02,43.45,52.68,53.57,61.9,55.36,42.26,77.98,45.83,74.4,59.52,38.1,57.74,32.14,39.29,47.92,63.99,46.43
2020-07-07,43.45,58.93,47.02,82.74,50.0,53.57,39.88,38.69,56.55,50.0,39.29,50.0,33.93,33.33,50.0,58.04,57.14,46.13,45.24,66.37,50.0,38.1,38.1,42.86,47.02,47.02,59.23,42.26,47.02,43.45,52.68,53.57,61.9,55.36,42.26,77.98,45.83,74.4,59.52,38.1,57.74,32.14,39.29,47.92,63.99,46.43
2020-07-08,43.45,58.93,47.02,82.74,50.0,53.57,39.88,38.69,56.55,50.0,39.29,50.0,33.93,33.33,50.0,58.04,57.14,46.13,45.24,66.37,50.0,38.1,38.1,42.86,47.02,47.02,59.23,44.64,47.02,43.45,52.68,53.57,61.9,55.36,42.26,77.98,45.83,74.4,59.52,38.1,57.74,32.14,39.29,47.92,63.99,46.43
2020-07-09,43.45,58.93,47.02,82.74,50.0,53.57,41.67,38.69,52.98,50.0,39.29,51.79,33.93,39.29,50.0,58.04,57.14,46.13,45.24,66.37,50.0,38.1,38.1,42.86,47.02,39.88,59.23,44.64,47.02,43.45,52.68,53.57,61.9,55.36,42.26,77.98,45.83,74.4,59.52,38.1,57.74,32.14,39.29,47.92,63.99,46.43
2020-07-10,43.45,58.93,44.64,82.74,50.0,53.57,43.45,38.69,52.98,50.0,39.29,51.79,33.93,39.29,50.0,58.04,57.14,46.13,45.24,66.37,50.0,38.1,38.1,42.86,47.02,39.88,59.23,44.64,47.02,43.45,52.68,53.57,61.9,54.76,42.26,77.98,45.83,70.24,59.52,38.1,57.74,32.14,42.86,47.92,63.99,46.43
2020-07-11,43.45,58.93,44.64,82.74,50.0,53.57,43.45,38.69,52.98,50.0,39.29,51.79,33.93,39.29,46.43,58.04,57.14,46.13,45.24,66.37,50.0,38.1,38.1,42.86,47.02,39.88,59.23,44.64,47.02,43.45,52.68,53.57,61.9,54.76,42.26,77.98,45.83,70.24,59.52,38.1,57.74,32.14,42.86,47.92,63.99,46.43
2020-07-12,43.45,58.93,44.64,82.74,50.0,53.57,43.45,38.69,52.98,48.21,39.29,51.79,33.93,39.29,46.43,58.04,57.14,46.13,45.24,66.37,50.0,38.1,38.1,42.86,47.02,39.88,59.23,44.64,47.02,43.45,52.68,53.57,61.9,54.76,42.26,77.98,45.83,70.24,59.52,38.1,57.74,32.14,42.86,47.92,63.99,46.43
2020-07-13,43.45,58.93,44.64,82.74,50.0,53.57,39.88,38.69,58.33,48.21,39.29,51.79,33.93,39.29,46.43,58.04,64.29,46.13,45.24,66.37,50.0,38.1,38.1,42.86,47.02,39.88,59.23,44.64,47.02,43.45,52.68,53.57,61.9,51.19,42.26,77.98,45.83,70.24,59.52,38.1,53.57,32.14,42.86,47.92,63.99,46.43
2020-07-14,43.45,58.93,44.64,82.74,50.0,53.57,39.88,38.69,58.33,48.21,39.29,51.79,33.93,39.29,46.43,58.04,64.29,46.13,45.24,66.37,50.0,38.1,38.1,42.86,47.02,39.88,59.23,44.64,47.02,43.45,52.68,53.57,61.9,51.19,42.26,77.98,45.83,70.24,59.52,38.1,53.57,32.14,42.86,47.92,63.99,46.43
2020-07-15,47.62,62.5,44.64,82.74,50.0,53.57,39.88,38.69,54.17,48.21,39.29,51.79,33.93,39.29,46.43,58.04,64.29,46.13,45.24,66.37,50.0,38.1,38.1,42.86,47.02,39.88,59.23,44.64,47.02,43.45,57.44,53.57,61.9,51.19,42.26,77.98,45.83,70.24,59.52,38.1,51.79,32.14,42.86,47.92,63.99,46.43
2020-07-16,47.62,62.5,44.64,82.74,50.0,53.57,39.88,38.69,54.17,48.21,39.29,51.79,33.93,39.29,46.43,58.04,64.29,46.13,48.81,66.37,50.0,38.1,34.52,42.86,47.02,39.88,59.23,44.64,47.02,43.45,57.44,53.57,61.9,51.19,42.26,77.98,45.83,70.24,59.52,38.1,51.79,32.14,42.86,47.92,63.99,46.43
2020-07-17,47.62,62.5,44.64,82.74,50.0,53.57,39.88,38.69,54.17,48.21,39.29,51.79,33.93,35.71,46.43,58.04,64.29,46.13,48.81,66.37,50.0,38.1,34.52,42.86,47.02,39.88,59.23,44.64,47.02,43.45,57.44,53.57,61.9,51.19,42.26,77.98,45.83,59.52,59.52,38.1,51.79,32.14,50.0,47.92,63.99,46.43
2020-07-18,47.62,62.5,44.64,82.74,50.0,53.57,39.88,38.69,54.17,48.21,41.07,51.79,33.93,35.71,46.43,58.04,64.29,46.13,48.81,66.37,50.0,38.1,34.52,42.86,47.02,39.88,59.23,44.64,47.02,43.45,57.44,53.57,61.9,51.19,42.26,77.98,45.83,59.52,59.52,38.1,51.79,32.14,50.0,47.92,63.99,46.43
2020-07-19,47.62,62.5,44.64,82.74,50.0,53.57,39.88,38.69,54.17,48.21,41.07,51.79,33.93,35.71,46.43,58.04,64.29,46.13,48.81,66.37,50.0,38.1,41.67,42.86,47.02,39.88,59.23,44.64,47.02,43.45,57.44,53.57,61.9,51.19,42.26,77.98,45.83,59.52,59.52,38.1,51.79,32.14,50.0,47.92,63.99,46.43
2020-07-20,47.62,62.5,44.64,82.74,50.0,53.57,39.88,38.69,54.17,48.21,41.07,51.79,33.93,35.71,48.21,58.04,64.29,46.13,48.81,66.37,50.0,38.1,41.67,42.86,47.02,39.88,59.23,44.64,47.02,50.0,57.44,53.57,61.9,51.19,42.26,77.98,45.83,59.52,59.52,38.1,51.79,32.14,50.0,47.92,63.99,46.43
2020-07-21,44.05,62.5,44.64,82.74,52.38,53.57,39.88,38.69,47.02,52.98,41.07,51.79,33.93,35.71,48.21,58.04,64.29,46.13,48.81,66.37,50.0,38.1,41.67,42.86,47.02,39.88,59.23,44.64,47.02,50.0,57.44,53.57,61.9,51.19,42.26,77.98,45.83,59.52,59.52,38.1,51.79,32.14,50.0,47.92,63.99,46.43
2020-07-22,47.62,62.5,44.64,82.74,52.38,53.57,39.88,38.69,47.02,52.98,41.07,51.79,33.93,35.71,48.21,58.04,64.29,46.13,48.81,66.37,50.0,38.1,41.67,42.86,47.02,39.88,59.23,44.64,47.02,50.0,57.44,53.57,61.9,51.19,42.26,77.98,45.83,59.52,59.52,38.1,51.79,32.14,50.0,47.92,50.3,46.43
2020-07-23,47.62,62.5,44.64,82.74,52.38,53.57,39.88,38.69,47.02,52.98,41.07,51.79,33.93,35.71,48.21,58.04,64.29,46.13,48.81,66.37,50.0,38.1,41.67,42.86,47.02,39.88,59.23,44.64,47.02,50.0,57.44,53.57,61.9,51.19,42.26,77.98,45.83,59.52,59.52,38.1,51.79,32.14,50.0,47.92,50.3,46.43
2020-07-24,47.62,62.5,44.64,82.74,54.17,53.57,39.88,38.69,47.02,52.98,41.07,51.79,33.93,35.71,48.21,58.04,64.29,46.13,48.81,66.37,50.0,38.1,41.67,42.86,47.02,39.88,59.23,44.64,47.02,50.0,57.44,53.57,61.9,51.19,42.26,77.98,45.83,59.52,59.52,38.1,51.79,32.14,50.0,47.92,50.3,46.43
2020-07-25,47.62,62.5,44.64,82.74,54.17,54.46,39.88,38.69,47.02,52.98,41.07,51.79,33.93,35.71,50.6,58.04,64.29,46.13,48.81,66.37,50.0,38.1,41.67,42.86,47.02,39.88,59.23,44.64,47.02,50.0,57.44,53.57,61.9,51.19,42.26,77.98,45.83,59.52,59.52,38.1,51.79,32.14,50.0,47.92,50.3,46.43
2020-07-26,47.62,62.5,44.64,82.74,54.17,54.46,39.88,38.69,47.02,52.98,41.07,51.79,33.93,35.71,50.6,58.04,64.29,46.13,48.81,66.37,50.0,38.1,41.67,42.86,47.02,39.88,59.23,44.64,47.02,50.0,57.44,53.57,61.9,51.19,42.26,77.98,45.83,59.52,59.52,38.1,51.79,32.14,50.0,47.92,50.3,46.43
2020-07-27,47.62,62.5,44.64,82.74,54.17,54.46,39.88,38.69,47.02,52.98,40.18,51.79,33.93,35.71,50.6,58.04,64.29,46.13,48.81,63.99,50.0,39.88,41.67,42.86,47.02,39.88,59.23,44.64,47.02,50.0,57.44,53.57,61.9,51.19,42.26,77.98,45.83,59.52,59.52,38.1,51.79,32.14,50.0,47.92,50.3,46.43
2020-07-28,47.62,62.5,44.64,80.95,54.17,56.25,39.88,38.69,47.02,52.98,40.18,51.79,32.14,35.71,50.6,58.04,64.29,46.13,48.81,63.99,50.0,39.88,41.67,42.86,47.02,39.88,59.23,44.64,47.02,50.0,57.44,53.57,61.9,51.19,42.26,77.98,45.83,59.52,59.52,38.1,51.79,32.14,50.0,47.92,50.3,46.43
2020-07-29,51.19,62.5,44.64,80.95,54.17,62.5,39.88,38.69,47.02,52.98,40.18,51.79,32.14,35.71,50.6,58.04,64.29,46.13,48.81,63.99,50.0,39.88,41.67,42.86,47.02,39.88,59.23,44.64,47.02,50.0,57.44,53.57,61.9,51.19,42.26,77.98,45.83,59.52,59.52,38.1,51.79,32.14,50.0,47.92,50.3,46.43
2020-07-30,51.19,62.5,44.64,80.95,54.17,62.5,39.88,38.69,47.02,52.98,40.18,51.79,32.14,35.71,50.6,58.04,64.29,46.13,48.81,63.99,50.0,39.88,41.67,42.86,47.02,39.88,59.23,44.64,47.02,50.0,57.44,53.57,61.9,51.19,42.26,77.98,45.83,59.52,59.52,38.1,51.79,32.14,50.0,47.92,50.3,46.43
2020-07-31,51.19,62.5,44.64,80.95,54.17,62.5,39.88,38.69,47.02,54.76,40.18,51.79,32.14,35.71,50.6,59.82,64.29,46.13,48.81,63.99,50.0,39.88,41.67,42.86,47.02,39.88,59.23,44.64,47.02,50.0,57.44,53.57,61.9,51.19,49.11,76.19,45.83,59.52,63.1,38.1,51.79,32.14,50.0,50.3,50.3,46.43
2020-08-01,51.19,62.5,44.64,80.95,54.17,62.5,39.88,38.69,47.02,54.76,40.18,49.4,32.14,35.71,50.6,59.82,57.14,46.13,48.81,64.58,48.21,39.88,41.67,46.43,47.02,39.88,58.04,44.64,47.02,50.0,57.44,53.57,65.48,51.19,49.11,76.19,45.83,59.52,59.52,38.1,51.79,32.14,50.0,50.3,50.3,54.46
2020-08-02,51.19,62.5,44.64,80.95,54.17,62.5,39.88,38.69,47.02,54.76,40.18,49.4,32.14,35.71,50.6,59.82,57.14,46.13,48.81,64.58,48.21,39.88,41.67,46.43,47.02,39.88,58.04,44.64,47.02,50.0,57.44,53.57,65.48,51.19,49.11,76.19,45.83,59.52,59.52,38.1,51.79,32.14,50.0,50.3,50.3,54.46
2020-08-03,51.19,62.5,44.64,80.95,54.17,62.5,39.88,38.69,47.02,54.76,40.18,49.4,32.14,35.71,51.49,59.82,57.14,46.13,48.81,64.58,48.21,39.88,41.67,46.43,47.02,39.88,58.04,44.64,47.02,50.0,57.44,53.57,65.48,51.19,49.11,76.19,45.83,59.52,59.52,38.1,51.79,32.14,50.0,50.3,50.3,60.42
2020-08-04,51.19,62.5,44.64,80.95,54.17,62.5,38.1,38.69,47.02,54.76,40.18,49.4,32.14,35.71,51.49,59.82,57.14,46.13,48.81,64.58,48.21,39.88,41.67,46.43,47.02,39.88,58.04,44.64,47.02,50.0,57.44,53.57,65.48,51.19,49.11,76.19,45.83,59.52,59.52,38.1,51.79,32.14,50.0,50.3,50.3,60.42
2020-08-05,51.19,62.5,44.64,78.57,54.17,62.5,38.1,38.69,47.02,54.76,40.18,49.4,32.14,35.71,51.49,59.82,57.14,46.13,48.81,64.58,48.21,39.88,41.67,46.43,46.13,39.88,58.04,44.64,47.02,50.0,57.44,53.57,65.48,51.19,49.11,76.19,45.83,59.52,59.52,38.1,51.79,32.14,50.0,50.3,53.87,60.42
2020-08-06,51.19,62.5,44.64,78.57,54.17,62.5,38.1,38.69,47.02,54.76,40.18,49.4,32.14,35.71,51.49,59.82,57.14,46.13,48.81,64.58,48.21,39.88,41.67,46.43,46.13,40.77,58.04,44.64,47.02,50.0,57.44,53.57,65.48,51.19,49.11,76.19,45.83,59.52,59.52,38.1,51.79,32.14,50.0,50.3,53.87,60.42
2020-08-07,51.19,58.93,44.64,78.57,54.17,60.12,38.1,38.69,47.02,54.76,40.18,49.4,32.14,35.71,51.49,61.01,57.14,46.13,48.81,64.58,48.21,47.02,45.24,48.21,46.13,40.77,58.04,44.64,47.02,50.0,57.44,53.57,65.48,51.19,49.11,76.19,45.83,59.52,59.52,38.1,51.79,32.14,50.0,50.3,53.87,60.42
2020-08-08,51.19,58.93,44.64,78.57,54.17,60.12,38.1,38.69,47.02,54.76,40.18,49.4,32.14,35.71,51.49,59.23,57.14,46.13,59.82,64.58,48.21,47.02,45.24,48.21,46.13,40.77,58.04,44.64,47.02,50.0,57.44,53.57,65.48,51.19,49.11,76.19,45.83,59.52,59.52,38.1,51.79,32.14,50.0,50.3,53.87,60.42
2020-08-09,51.19,58.93,44.64,78.57,54.17,63.69,38.1,38.69,47.02,54.76,40.18,49.4,32.14,35.71,51.49,59.23,57.14,46.13,59.82,64.58,48.21,47.02,45.24,48.21,46.13,40.77,58.04,44.64,47.02,50.0,57.44,53.57,65.48,51.19,49.11,76.19,45.83,59.52,59.52,38.1,51.79,32.14,50.0,50.3,53.87,60.42
2020-08-10,51.19,58.93,44.64,73.21,54.17,63.69,38.1,38.69,47.02,54.76,40.18,49.4,32.14,35.71,51.49,59.23,57.14,46.13,59.82,64.58,48.21,47.02,45.24,48.21,46.13,40.77,58.04,44.64,47.02,50.0,55.06,53.57,65.48,51.19,49.11,76.19,45.83,59.52,59.52,38.1,51.79,32.14,50.0,50.3,53.87,60.42
2020-08-11,51.19,58.93,44.64,73.21,54.17,63.69,38.1,38.69,47.02,54.76,40.18,49.4,32.14,35.71,51.49,59.23,57.14,46.13,59.82,64.58,48.21,47.02,45.24,48.21,46.13,40.77,58.04,44.64,47.02,50.0,55.06,53.57,65.48,54.76,49.11,76.19,45.83,59.52,59.52,38.1,51.79,32.14,50.0,50.3,53.87,60.42
2020-08-12,51.19,58.93,44.64,73.21,54.17,60.71,38.1,38.69,47.02,54.76,40.18,49.4,32.14,35.71,51.49,59.23,57.14,46.13,59.82,64.58,48.21,47.02,47.02,48.21,46.13,40.77,58.04,44.64,47.02,50.0,55.06,53.57,65.48,54.76,49.11,76.19,45.83,59.52,59.52,38.1,51.79,32.14,50.0,50.3,53.87,60.42
2020-08-13,51.19,58.93,44.64,73.21,54.17,60.71,38.1,38.69,47.02,54.76,40.18,49.4,32.14,37.5,51.49,59.23,64.29,46.13,59.82,64.58,48.21,47.02,47.02,48.21,46.13,40.77,58.04,44.64,47.02,50.0,55.06,53.57,63.1,54.76,49.11,76.19,45.83,59.52,59.52,38.1,51.79,32.14,50.0,50.3,53.87,60.42
2020-08-14,51.19,58.93,44.64,73.21,54.17,60.71,38.1,38.69,47.02,54.76,40.18,49.4,32.14,35.71,52.68,59.23,64.29,46.13,59.82,64.58,48.21,47.02,47.02,48.21,46.13,40.77,58.04,44.64,47.02,50.0,56.25,53.57,63.1,54.76,49.11,76.19,45.83,59.52,59.52,39.88,51.79,32.14,50.0,50.3,53.87,60.42
2020-08-15,51.19,58.93,44.64,73.21,54.17,60.71,38.1,38.69,47.02,54.76,40.18,49.4,32.14,35.71,52.68,59.23,64.29,46.13,59.82,64.58,48.21,47.02,47.02,48.21,46.13,40.77,58.04,44.64,47.02,50.0,56.25,53.57,63.1,54.76,49.11,76.19,45.83,59.52,59.52,39.88,51.79,32.14,51.79,50.3,53.87,60.42
2020-08-16,51.19,58.93,44.64,73.21,54.17,60.71,38.1,38.69,47.02,54.76,40.18,49.4,32.14,35.71,52.68,59.23,64.29,46.13,59.82,64.58,48.21,47.02,47.02,48.21,46.13,40.77,58.04,44.64,43.45,50.0,56.25,53.57,63.1,54.76,49.11,76.19,45.83,59.52,59.52,39.88,51.79,32.14,51.79,50.3,53.87,60.42
2020-08-17,51.19,58.93,44.64,73.21,54.17,60.71,38.1,38.69,47.02,54.76,40.18,49.4,32.14,35.71,52.68,59.23,63.39,46.13,59.82,66.96,44.64,47.02,47.02,48.21,46.13,40.77,58.04,44.64,43.45,50.0,56.25,51.19,64.88,54.76,49.11,74.4,45.83,59.52,59.52,39.88,51.79,32.14,51.79,50.3,53.87,60.42
2020-08-18,51.19,58.93,44.64,73.21,54.17,60.71,38.1,38.69,47.02,54.76,40.18,49.4,32.14,35.71,52.68,59.23,63.39,46.13,63.39,66.96,44.64,47.02,47.02,50.0,49.7,40.77,58.04,44.64,43.45,50.0,56.25,51.19,64.88,54.76,49.11,74.4,45.83,59.52,59.52,39.88,51.79,32.14,51.79,50.3,53.87,60.42
2020-08-19,51.19,58.93,44.64,73.21,54.17,60.71,38.1,38.69,47.02,54.76,40.18,49.4,32.14,35.71,52.68,59.23,63.39,46.13,63.39,66.96,44.64,47.02,47.02,51.79,49.7,40.77,58.04,44.64,43.45,50.0,56.25,51.19,64.88,54.76,49.11,74.4,45.83,59.52,59.52,39.88,51.79,32.14,51.79,50.3,53.87,60.42
2020-08-20,51.19,58.93,44.64,73.21,54.17,60.71,38.1,38.69,47.02,54.76,40.18,49.4,35.71,35.71,52.68,59.23,63.39,46.13,63.39,66.96,44.64,47.02,47.02,51.79,49.7,40.77,58.04,44.64,43.45,50.0,56.25,51.19,64.88,54.76,49.11,74.4,45.83,59.52,59.52,39.88,51.79,32.14,51.79,50.3,53.87,60.42
2020-08-21,51.19,58.93,44.64,73.21,50.6,60.71,38.1,38.69,47.02,54.76,40.18,49.4,35.71,35.71,52.68,59.23,63.39,46.13,63.39,66.96,44.64,47.02,50.6,51.79,49.7,40.77,58.04,44.64,43.45,50.0,56.25,51.19,64.88,54.76,49.11,74.4,45.83,59.52,59.52,38.1,51.79,32.14,51.79,50.3,53.87,60.42
2020-08-22,51.19,58.93,44.64,73.21,50.6,60.71,38.1,38.69,47.02,56.55,40.18,51.19,35.71,35.71,52.68,59.23,63.39,46.13,63.39,66.96,44.64,47.02,50.6,51.79,49.7,40.77,58.04,44.64,43.45,50.0,56.25,51.19,64.88,54.76,49.11,74.4,45.83,59.52,59.52,38.1,51.79,32.14,51.79,50.3,53.87,60.42
2020-08-23,51.19,58.93,44.64,73.21,50.6,60.71,38.1,38.69,47.02,56.55,40.18,51.19,35.71,35.71,52.68,59.23,63.39,46.13,63.39,66.96,44.64,47.02,50.6,51.79,49.7,40.77,58.04,44.64,43.45,50.0,56.25,51.19,64.88,54.76,49.11,74.4,45.83,59.52,59.52,38.1,51.79,32.14,51.79,50.3,53.87,60.42
2020-08-24,51.19,58.93,44.64,73.21,50.6,60.71,38.1,38.69,47.02,56.55,40.18,51.19,35.71,35.71,52.68,61.01,63.39,46.13,63.39,66.96,44.64,47.02,50.6,51.79,49.7,40.77,58.04,44.64,43.45,50.0,56.25,51.19,64.88,54.76,49.11,74.4,45.83,59.52,59.52,38.1,51.79,32.14,51.79,50.3,53.87,60.42
2020-08-25,51.19,58.93,44.64,73.21,50.6,60.71,38.1,38.69,47.02,56.55,40.18,51.19,35.71,35.71,52.68,61.01,63.39,46.13,63.39,66.96,44.64,47.02,50.6,51.79,49.7,40.77,58.04,44.64,43.45,50.0,56.25,51.19,64.88,54.76,50.0,74.4,45.83,59.52,59.52,38.1,51.79,32.14,51.79,50.3,53.87,60.42
2020-08-26,51.19,58.93,44.64,73.21,50.6,60.71,38.1,38.69,47.02,56.55,40.18,51.19,35.71,35.71,52.68,61.01,63.39,46.13,63.39,66.96,44.64,47.02,50.6,51.79,49.7,40.77,58.04,44.64,43.45,50.0,56.25,51.19,64.88,54.76,50.0,74.4,45.83,59.52,59.52,38.1,51.79,32.14,51.79,50.3,53.87,60.42
2020-08-27,51.19,58.93,44.64,73.21,50.6,57.14,38.1,38.69,47.02,56.55,40.18,51.19,35.71,35.71,52.68,61.01,63.39,46.13,63.39,66.96,44.64,47.02,50.6,51.79,49.7,40.77,58.04,48.21,43.45,50.0,56.25,51.19,64.88,54.76,50.0,74.4,45.83,59.52,59.52,38.1,51.79,32.14,51.79,50.3,53.87,60.42
2020-08-28,51.19,57.14,44.64,73.21,50.6,57.14,38.1,38.69,47.02,56.55,40.18,51.19,35.71,35.71,52.68,61.01,63.39,46.13,63.39,66.96,44.64,45.24,50.6,51.79,49.7,40.77,58.04,48.21,43.45,50.0,56.25,51.19,64.88,54.76,50.0,74.4,45.83,59.52,59.52,38.1,51.79,32.14,51.79,50.3,53.87,65.77
2020-08-29,51.19,57.14,44.64,73.21,50.6,57.14,38.1,38.69,47.02,56.55,40.18,51.19,35.71,35.71,52.68,61.01,63.39,46.13,63.39,66.96,44.64,45.24,50.6,51.79,49.7,40.77,58.04,48.21,43.45,50.0,56.25,51.19,64.88,54.76,50.0,74.4,45.83,59.52,59.52,38.1,51.79,32.14,51.79,50.3,53.87,65.77
2020-08-30,51.19,57.14,44.64,73.21,50.6,57.14,38.1,38.69,47.02,56.55,40.18,51.19,35.71,35.71,52.68,61.01,63.39,46.13,63.39,66.96,44.64,45.24,50.6,51.79,49.7,40.77,58.04,48.21,43.45,50.0,56.25,51.19,61.31,54.76,50.0,74.4,45.83,59.52,59.52,38.1,51.79,32.14,51.79,50.3,53.87,65.77
2020-08-31,51.19,57.14,44.64,73.21,45.83,57.14,38.1,38.69,47.02,56.55,40.18,51.19,35.71,35.71,52.68,61.01,63.39,46.13,63.39,66.96,44.64,45.24,50.6,51.79,50.6,40.77,58.04,48.21,43.45,50.0,56.25,51.19,61.31,54.76,50.0,74.4,45.83,59.52,59.52,38.1,51.79,32.14,51.79,50.3,53.87,65.77
2020-09-01,51.19,57.14,44.64,73.21,45.83,55.95,38.1,38.69,47.02,56.55,41.07,51.19,35.71,35.71,51.79,61.01,63.39,46.73,63.39,66.96,39.88,43.45,50.6,51.79,50.6,38.39,58.04,47.02,43.45,50.0,56.25,51.19,60.12,54.76,50.0,72.02,45.83,59.52,59.52,38.1,40.77,27.38,49.4,50.3,51.49,64.58
2020-09-02,51.19,57.14,44.64,73.21,45.83,55.95,38.1,38.69,47.02,56.55,41.07,51.19,35.71,35.71,51.79,61.01,63.39,46.73,63.39,66.96,39.88,43.45,50.6,51.79,50.6,38.39,58.04,47.02,42.26,50.0,56.25,51.19,60.12,54.76,50.0,72.02,45.83,54.76,59.52,38.1,40.77,27.38,49.4,50.3,51.49,64.58
2020-09-03,51.19,57.14,44.64,73.21,45.83,55.95,38.1,38.69,47.02,56.55,41.07,51.19,35.71,35.71,52.98,59.82,63.39,46.73,63.39,66.96,39.88,43.45,50.6,51.79,50.6,38.39,58.04,47.02,43.15,50.0,56.25,51.19,60.12,54.76,50.0,72.02,45.83,54.76,59.52,38.1,40.77,27.38,49.4,50.3,51.49,64.58
2020-09-04,51.19,57.14,44.64,73.21,45.83,55.95,38.1,38.69,47.02,56.55,41.07,51.19,35.71,35.71,52.98,54.46,63.39,46.73,63.39,66.96,39.88,43.45,50.6,51.79,50.6,38.39,58.04,47.02,44.05,50.0,56.25,51.19,60.12,61.31,50.0,72.02,45.83,54.76,59.52,38.1,40.77,27.38,51.19,50.3,53.27,64.58
2020-09-05,51.19,57.14,44.64,73.21,45.83,55.95,38.1,38.69,47.02,56.55,41.07,51.19,35.71,35.71,52.98,54.46,63.39,46.73,63.39,66.96,39.88,43.45,50.6,51.79,50.6,38.39,58.04,47.02,44.05,50.0,56.25,51.19,60.12,61.31,50.0,75.0,45.83,54.76,59.52,38.1,40.77,27.38,51.19,50.3,53.27,64.58
2020-09-06,51.19,57.14,43.45,71.43,45.83,55.95,38.1,38.69,47.02,56.55,41.07,51.19,35.71,35.71,52.98,54.46,63.39,46.73,63.39,66.96,39.88,43.45,50.6,51.79,50.6,38.39,58.04,47.02,44.05,50.0,56.25,51.19,60.12,61.31,50.0,75.0,45.83,54.76,59.52,38.1,40.77,27.38,51.19,50.3,53.27,64.58
2020-09-07,51.19,59.52,43.45,71.43,42.26,55.95,38.1,38.69,40.48,56.55,41.07,51.19,35.71,35.71,52.98,54.46,63.39,46.73,63.39,65.77,39.88,43.45,50.6,51.79,50.6,38.39,58.04,47.02,44.05,50.0,55.06,51.19,60.12,61.31,44.64,73.21,45.83,54.76,57.14,38.1,40.77,27.38,51.19,50.3,53.27,64.58
2020-09-08,51.19,59.52,43.45,71.43,42.26,55.95,38.1,38.69,40.48,60.12,42.86,51.19,35.71,35.71,52.98,54.46,69.05,46.73,63.39,65.77,39.88,43.45,50.6,51.79,50.6,38.39,58.04,47.02,44.05,50.0,55.06,51.19,60.12,61.31,44.64,73.21,45.83,54.76,57.14,38.1,40.77,27.38,51.19,50.3,54.17,64.58
2020-09-09,51.19,59.52,43.45,71.43,42.26,55.95,38.1,38.69,40.48,58.33,42.86,48.51,35.71,35.71,52.98,54.46,69.05,46.73,63.39,65.77,39.88,43.45,50.6,51.79,50.6,38.39,58.04,47.02,44.05,50.0,55.06,51.19,60.12,61.31,44.64,73.21,45.83,54.76,57.14,38.1,41.96,27.38,51.19,50.3,57.74,64.58
2020-09-10,51.19,59.52,43.45,71.43,42.26,55.95,38.1,38.69,40.48,58.33,44.64,48.51,35.71,35.71,52.98,54.46,69.05,46.73,63.39,65.77,39.88,43.45,50.6,51.79,50.6,38.39,58.04,47.02,44.05,50.0,55.06,51.19,60.12,61.31,44.64,73.21,45.83,54.76,57.14,38.1,41.96,27.38,51.19,50.3,64.88,64.58
2020-09-11,51.19,59.52,43.45,71.43,42.26,55.95,38.1,38.69,40.48,58.33,44.64,48.51,35.71,35.71,52.98,54.46,69.05,39.29,63.39,65.77,39.88,43.45,50.6,51.79,50.6,38.39,58.04,47.02,45.83,50.0,55.06,51.19,60.12,61.31,44.64,73.21,45.83,54.76,57.14,38.1,41.96,27.38,51.19,50.3,64.88,64.58
2020-09-12,51.19,59.52,43.45,71.43,42.26,55.95,38.1,38.69,40.48,58.33,44.64,48.51,35.71,35.71,52.98,54.46,69.05,39.29,63.39,65.77,39.88,43.45,50.6,51.79,50.6,38.39,58.04,47.02,45.83,50.0,55.06,51.19,60.12,61.31,44.64,73.21,45.83,54.76,57.14,38.1,41.96,27.38,51.19,50.3,71.13,64.58
2020-09-13,51.19,59.52,43.45,71.43,42.26,55.95,38.1,38.69,40.48,58.33,44.64,48.51,35.71,35.71,52.98,54.46,69.05,39.29,64.58,65.77,39.88,43.45,50.6,51.79,50.6,38.39,58.04,47.02,45.83,50.0,55.06,51.19,60.12,61.31,44.64,73.21,45.83,54.76,57.14,38.1,41.96,27.38,51.19,50.3,71.13,64.58
2020-09-14,51.19,59.52,45.24,71.43,42.26,55.95,38.1,38.69,40.48,57.14,44.64,48.51,36.9,35.71,52.98,54.46,64.29,39.29,64.58,65.77,39.88,43.45,50.6,51.79,50.6,38.39,58.04,45.83,45.83,50.0,55.06,51.19,61.01,61.31,44.64,72.02,45.83,54.76,57.14,38.1,41.96,27.38,51.19,50.3,71.13,64.58
2020-09-15,51.19,59.52,45.24,69.05,42.26,55.95,35.71,38.69,40.48,57.14,44.64,48.51,36.9,35.71,52.98,54.46,64.29,39.29,64.58,65.77,39.88,43.45,50.6,51.79,50.6,38.39,58.93,45.83,45.83,50.0,55.06,51.19,61.01,56.55,44.64,72.02,45.83,54.76,57.14,38.1,41.96,33.33,51.19,50.3,71.13,64.58
2020-09-16,51.19,59.52,45.24,69.05,42.26,55.95,35.71,38.69,40.48,57.14,44.64,48.51,36.9,35.71,52.98,54.46,64.29,39.29,64.58,65.77,39.88,43.45,50.6,51.79,50.6,38.39,58.93,45.83,45.83,50.0,55.06,51.19,61.01,56.55,44.64,72.02,45.83,52.98,57.14,38.1,41.96,33.33,51.19,50.3,71.13,64.58
2020-09-17,51.19,59.52,45.83,69.05,42.26,55.95,35.71,38.69,40.48,57.14,44.64,48.51,36.9,35.71,52.98,54.46,64.29,39.29,64.58,65.77,39.88,43.45,50.6,51.79,50.6,38.39,58.93,45.83,45.83,50.0,55.06,51.19,61.01,56.55,44.64,72.02,45.83,52.98,57.14,38.1,41.96,33.33,51.19,51.19,71.13,66.96
2020-09-18,51.19,59.52,45.83,63.69,42.26,55.95,35.71,38.69,40.48,57.14,44.64,48.51,36.9,35.71,52.98,54.46,62.5,39.29,60.42,65.77,39.88,43.45,50.6,51.79,50.6,30.06,56.55,45.83,45.83,50.0,55.06,51.19,61.01,56.55,44.64,72.02,45.83,52.98,57.14,38.1,41.96,33.33,51.19,48.81,71.13,66.96
2020-09-19,51.19,59.52,45.83,63.69,42.26,55.95,35.71,38.69,40.48,57.14,44.64,49.4,36.9,35.71,52.98,54.46,62.5,39.29,60.42,65.77,39.88,43.45,50.6,51.79,50.6,30.06,56.55,45.83,45.83,50.0,55.06,51.19,61.01,56.55,44.64,72.02,45.83,52.98,57.14,38.1,41.96,33.33,51.19,48.81,71.13,66.96
2020-09-20,51.19,59.52,45.83,63.69,42.26,55.95,35.71,38.69,40.48,57.14,44.64,49.4,36.9,35.71,52.98,54.46,62.5,39.29,60.42,65.77,39.88,43.45,50.6,51.79,48.81,30.06,56.55,45.83,45.83,50.0,55.06,51.19,61.01,56.55,44.64,72.02,45.83,52.98,57.14,38.1,41.96,33.33,51.19,48.81,71.13,66.96
2020-09-21,56.55,59.52,45.83,63.69,42.26,55.95,35.71,38.69,40.48,57.14,44.64,49.4,36.9,35.71,52.98,54.46,62.5,39.29,55.06,63.39,39.88,43.45,50.6,51.79,48.81,30.06,56.55,45.83,45.83,50.0,55.06,51.19,61.01,56.55,44.64,72.02,45.83,52.98,55.36,34.52,41.96,33.33,51.19,48.81,68.75,66.96
2020-09-22,56.55,59.52,45.83,63.69,42.26,55.95,35.71,38.69,40.48,57.14,44.64,49.4,36.9,35.71,51.79,54.46,62.5,39.29,55.06,63.39,39.88,43.45,50.6,51.79,48.81,30.06,56.55,45.83,45.83,50.0,55.06,51.19,61.01,56.55,44.64,72.02,45.83,52.98,55.36,34.52,43.15,33.33,51.19,48.81,68.75,66.96
2020-09-23,56.55,59.52,45.83,63.69,42.26,55.95,35.71,38.69,40.48,57.14,44.64,49.4,36.9,35.71,51.79,54.46,62.5,39.29,55.06,63.39,39.88,43.45,50.6,51.79,48.81,30.06,56.55,45.83,45.83,50.0,55.06,51.19,61.01,56.55,44.64,72.02,45.83,52.98,58.93,34.52,43.15,33.33,51.19,48.81,68.75,66.96
2020-09-24,56.55,59.52,45.83,63.69,42.26,55.95,35.71,38.69,40.48,57.14,44.64,49.4,36.9,35.71,51.79,54.46,62.5,39.29,55.06,63.39,39.88,43.45,50.6,51.79,48.81,30.06,56.55,45.83,45.83,50.0,55.06,51.19,62.2,56.55,44.64,72.02,45.83,49.4,58.93,34.52,43.15,33.33,51.19,48.81,68.75,66.96
2020-09-25,56.55,59.52,45.83,63.69,42.26,55.95,35.71,38.69,40.48,57.14,44.64,49.4,36.9,35.71,51.79,54.46,62.5,39.29,55.06,63.39,39.88,43.45,50.6,51.79,48.81,30.06,56.55,45.83,45.83,50.0,55.06,51.19,62.2,56.55,44.64,68.45,45.83,49.4,58.93,34.52,43.15,33.33,51.19,48.81,68.75,66.96
2020-09-26,56.55,59.52,45.83,63.69,42.26,55.95,35.71,38.69,40.48,57.14,44.64,49.4,36.9,35.71,53.57,54.46,62.5,39.29,55.06,63.39,39.88,43.45,50.6,51.79,48.81,30.06,56.55,45.83,45.83,50.0,55.06,51.19,62.2,56.55,44.64,68.45,45.83,49.4,58.93,34.52,43.15,33.33,51.19,48.81,68.75,66.96
2020-09-27,56.55,59.52,45.83,63.69,42.26,55.95,35.71,38.69,40.48,57.14,44.64,49.4,36.9,35.71,53.57,54.46,62.5,39.29,55.06,63.39,39.88,43.45,50.6,51.79,48.81,30.06,56.55,45.83,45.83,50.0,55.06,51.19,62.2,56.55,44.64,68.45,45.83,49.4,58.93,34.52,43.15,33.33,51.19,48.81,68.75,66.96
2020-09-28,56.55,59.52,45.83,63.69,42.26,55.95,35.71,38.69,40.48,57.14,44.64,49.4,36.9,35.71,53.57,54.46,62.5,39.29,55.06,63.39,39.88,43.45,50.6,51.79,48.81,30.06,56.55,45.83,45.83,50.0,55.06,51.19,62.2,56.55,44.64,68.45,45.83,47.02,58.93,34.52,49.11,33.33,51.19,48.81,68.75,66.96
2020-09-29,56.55,59.52,48.21,62.8,42.26,55.95,35.71,38.69,40.48,57.14,44.64,49.4,36.9,35.71,53.57,54.46,60.12,39.29,55.06,63.39,39.88,43.45,50.6,51.79,57.74,30.06,56.55,45.83,45.83,50.0,55.06,51.19,62.2,56.55,44.64,63.69,45.83,47.02,58.93,34.52,49.11,33.33,51.19,48.81,68.75,63.39
2020-09-30,56.55,59.52,48.21,62.8,42.26,50.6,35.71,38.69,40.48,57.14,44.64,49.4,36.9,35.71,53.57,54.46,60.12,39.29,55.06,63.39,39.88,43.45,50.6,51.79,57.74,30.06,56.55,45.83,45.83,50.0,55.06,51.19,62.2,56.55,44.64,63.69,45.83,47.02,58.93,34.52,49.11,33.33,51.19,48.81,68.75,63.39
2020-10-01,56.55,59.52,48.21,63.99,42.26,51.49,35.71,38.69,40.48,57.14,44.64,49.4,36.9,35.71,53.57,54.46,60.12,39.29,55.06,62.2,39.88,45.24,50.6,53.57,57.74,30.06,56.55,45.83,55.36,50.0,55.06,51.19,62.2,54.17,44.64,63.69,45.83,50.0,58.93,34.52,49.11,33.33,51.19,41.67,68.75,63.39
2020-10-02,56.55,59.52,48.21,63.99,42.26,51.49,35.71,38.69,40.48,57.14,44.64,49.4,36.9,35.71,53.57,54.46,60.12,39.29,55.06,62.2,39.88,45.24,50.6,53.57,57.74,30.06,56.55,45.83,55.36,48.21,55.06,51.19,62.2,54.17,44.64,63.69,45.83,50.0,58.93,34.52,53.57,33.33,51.19,41.67,68.75,63.39
2020-10-03,56.55,59.52,48.21,63.99,42.26,51.49,35.71,38.69,40.48,57.14,44.64,49.4,36.9,35.71,53.57,54.46,60.12,39.29,55.06,62.2,34.52,45.24,50.6,53.57,57.74,30.06,56.55,45.83,55.36,48.21,55.06,51.19,62.2,54.17,44.64,63.69,45.83,50.0,58.93,34.52,53.57,33.33,51.19,41.67,68.75,63.39
2020-10-04,56.55,59.52,48.21,63.99,42.26,51.49,35.71,38.69,40.48,57.14,44.64,49.4,36.9,35.71,53.57,54.46,60.12,39.29,55.06,62.2,34.52,45.24,50.6,53.57,57.74,30.06,56.55,45.83,55.36,48.21,55.06,51.19,62.2,54.17,44.64,63.69,45.83,50.0,58.93,34.52,53.57,33.33,51.19,41.67,68.75,63.39
2020-10-05,56.55,59.52,48.21,63.99,42.26,51.49,35.71,38.69,40.48,57.14,50.6,49.4,36.9,35.71,53.57,54.46,60.12,39.29,55.06,62.2,36.9,45.24,50.6,53.57,57.74,30.06,56.55,45.83,53.57,48.21,55.06,51.19,62.2,54.17,46.43,63.69,45.83,51.79,58.93,34.52,53.57,33.33,51.19,41.67,68.75,63.39
2020-10-06,56.55,59.52,48.21,63.99,42.26,51.49,35.71,38.69,40.48,57.14,50.6,49.4,36.9,35.71,53.57,54.46,60.12,39.29,56.25,63.99,36.9,45.24,50.6,53.57,57.74,30.06,56.55,45.83,53.57,48.21,55.06,51.19,62.2,54.17,46.43,63.69,45.83,51.79,58.93,34.52,53.57,33.33,51.19,41.67,69.94,63.39
2020-10-07,56.55,59.52,48.21,63.99,42.26,51.49,35.71,38.69,40.48,57.14,50.6,49.4,36.9,35.71,53.57,54.46,60.12,39.29,58.04,63.99,36.9,45.24,50.6,53.57,57.74,30.06,56.55,45.83,53.57,48.21,57.44,51.19,62.2,54.17,46.43,63.69,45.83,51.79,58.93,34.52,53.57,33.33,51.19,41.67,69.94,63.39
2020-10-08,56.55,59.52,48.21,62.2,42.26,51.49,35.71,38.69,40.48,57.14,50.6,49.4,36.9,35.71,53.57,54.46,60.12,39.29,58.04,63.99,36.9,45.24,50.6,53.57,57.74,30.06,56.55,45.83,53.57,48.21,57.44,51.19,62.2,54.17,46.43,63.69,45.83,51.79,58.93,34.52,53.57,33.33,51.19,41.67,69.94,63.39
2020-10-09,56.55,59.52,48.21,62.2,42.26,51.49,35.71,38.69,40.48,54.76,55.36,49.4,36.9,35.71,53.57,54.46,60.12,39.29,58.04,63.99,36.9,53.57,50.6,53.57,57.74,29.17,56.55,45.24,53.57,46.43,57.44,51.19,62.2,57.14,46.43,61.9,45.83,53.57,58.93,34.52,53.57,33.33,51.19,41.67,69.94,63.39
2020-10-10,56.55,59.52,48.21,62.2,42.26,51.49,35.71,38.69,40.48,54.76,55.36,47.62,36.9,35.71,50.0,54.46,60.12,39.29,58.04,63.99,36.9,53.57,50.6,53.57,57.74,42.26,56.55,45.24,53.57,46.43,57.44,51.19,62.2,57.14,46.43,61.9,45.83,53.57,58.93,34.52,53.57,33.33,51.19,39.88,69.94,63.39
2020-10-11,56.55,59.52,48.21,62.2,42.26,51.49,35.71,38.69,40.48,54.76,55.36,47.62,36.9,38.39,50.0,54.46,60.12,39.29,58.04,63.99,36.9,53.57,50.6,53.57,57.74,42.26,56.55,45.24,53.57,46.43,57.44,51.19,62.2,57.14,46.43,61.9,45.83,53.57,58.93,34.52,53.57,33.33,51.19,39.88,69.94,63.39
2020-10-12,56.55,59.52,48.21,62.2,42.26,51.49,35.71,38.69,40.48,54.76,55.36,47.62,36.9,38.39,50.0,54.46,66.07,41.67,58.04,63.99,36.9,53.57,50.6,53.57,57.74,42.26,56.55,45.24,55.95,46.43,57.44,51.19,57.44,57.14,46.43,61.9,45.83,53.57,58.93,34.52,53.57,33.33,51.19,39.88,69.94,63.39
2020-10-13,56.55,59.52,50.89,62.2,42.26,51.49,35.71,38.69,45.24,54.76,55.36,47.62,36.9,38.39,50.0,54.46,66.07,41.67,58.04,63.99,36.9,53.57,50.6,53.57,57.74,42.26,56.55,45.24,57.74,46.43,59.23,51.19,57.44,57.14,46.43,60.71,45.83,53.57,58.93,34.52,51.79,33.33,51.19,39.88,69.94,63.39
2020-10-14,56.55,59.52,50.89,62.2,42.26,51.49,35.71,38.69,45.24,56.55,55.36,47.62,36.9,38.39,50.0,54.46,66.07,41.67,58.04,65.18,36.9,53.57,50.6,53.57,57.74,42.26,56.55,45.24,57.74,46.43,59.23,51.19,58.33,57.14,46.43,63.1,45.83,53.57,58.93,34.52,51.79,33.33,51.19,39.88,69.94,63.39
2020-10-15,56.55,61.31,50.89,62.2,42.26,51.49,35.71,38.69,45.24,56.55,55.36,47.62,36.9,38.39,50.0,60.42,66.07,41.67,58.04,65.18,36.9,53.57,50.6,53.57,57.74,42.26,56.55,45.24,61.9,46.43,59.23,51.19,58.33,57.14,46.43,63.1,45.83,53.57,58.93,34.52,51.79,33.33,51.19,39.88,69.94,63.39
2020-10-16,56.55,61.31,50.89,62.2,42.26,51.49,35.71,38.69,45.24,56.55,55.36,47.62,36.9,38.39,50.0,60.42,66.07,41.67,58.04,65.18,36.9,53.57,50.6,53.57,57.74,42.26,56.55,45.24,61.9,46.43,59.23,51.19,58.33,57.14,46.43,63.1,45.83,53.57,58.93,34.52,51.79,33.33,51.19,39.88,68.75,63.39
2020-10-17,56.55,61.31,61.01,62.2,42.26,51.49,35.71,38.69,45.24,56.55,55.36,47.62,36.9,38.39,53.57,60.42,66.07,41.67,58.04,65.18,36.9,53.57,50.6,55.36,57.74,44.94,56.55,45.24,61.9,46.43,59.23,51.19,58.33,57.14,46.43,63.1,45.83,53.57,58.93,34.52,51.79,33.33,51.19,39.88,68.75,63.39
2020-10-18,56.55,61.31,61.01,62.2,42.26,51.49,35.71,38.69,45.24,54.17,55.36,47.62,36.9,38.39,53.57,60.42,66.07,41.67,58.04,65.18,36.9,53.57,50.6,55.36,57.74,44.94,56.55,45.24,61.9,46.43,59.23,51.19,58.33,55.95,46.43,63.1,45.83,53.57,58.93,34.52,51.79,33.33,51.19,39.88,68.75,63.39
2020-10-19,56.55,61.31,61.01,64.58,42.26,57.14,35.71,38.69,45.24,54.17,55.36,47.62,36.9,38.39,53.57,60.42,66.07,41.67,58.04,65.18,36.9,53.57,50.6,57.74,57.74,46.13,56.55,45.24,61.9,61.9,59.23,51.19,61.9,55.95,46.43,63.1,45.83,53.57,58.93,34.52,51.79,33.33,51.19,43.15,68.75,63.39
2020-10-20,56.55,61.31,61.01,64.58,42.26,57.14,35.71,38.69,45.24,57.74,55.36,47.62,35.12,38.39,53.57,60.42,66.07,41.67,58.04,65.18,36.9,53.57,54.17,57.74,57.74,46.13,56.55,52.68,61.9,66.67,59.23,51.19,61.9,55.95,50.6,63.1,45.83,53.57,58.93,33.63,51.79,38.69,51.19,44.94,68.75,63.39
2020-10-21,56.55,61.31,61.01,64.58,42.26,57.14,35.71,38.69,45.24,57.74,55.36,42.86,35.12,38.39,53.57,60.42,66.07,41.67,75.0,65.18,36.9,53.57,54.17,57.74,57.74,46.13,56.55,52.68,61.9,66.67,59.23,51.19,61.9,55.95,50.6,63.1,45.83,53.57,58.93,33.63,51.79,38.69,51.19,44.94,68.75,63.39
2020-10-22,60.12,61.31,63.39,64.58,42.26,57.14,35.71,38.69,45.24,57.74,67.86,42.86,35.12,38.39,53.57,61.61,66.07,41.67,75.0,65.18,36.9,53.57,54.17,57.74,57.74,46.13,56.55,52.68,75.6,66.67,55.65,51.19,63.1,55.95,50.6,63.1,45.83,53.57,58.93,33.63,51.79,38.69,51.19,44.94,68.75,63.39
2020-10-23,60.12,61.31,64.29,61.01,43.45,57.14,41.07,38.69,45.24,65.48,67.86,42.86,35.12,38.39,53.57,61.61,66.07,41.67,75.0,71.73,36.9,53.57,54.17,57.74,57.74,46.13,60.12,54.46,75.6,66.67,55.65,51.19,67.86,55.95,50.6,63.1,45.83,53.57,58.93,33.63,51.79,38.69,51.19,44.94,68.75,63.39
2020-10-24,60.12,61.31,64.29,61.01,43.45,57.14,41.07,38.69,45.24,65.48,67.86,42.86,35.12,38.39,53.57,61.61,66.07,41.67,75.0,71.73,49.4,53.57,54.17,57.74,57.74,64.29,63.69,54.46,75.6,66.67,55.65,51.19,67.86,55.95,50.6,63.1,50.6,53.57,58.93,33.63,51.79,38.69,51.19,44.94,68.75,63.39
2020-10-25,60.12,61.31,64.29,61.01,43.45,57.14,41.07,38.69,45.24,65.48,67.86,42.86,35.12,38.39,53.57,61.61,66.07,41.67,75.0,71.73,49.4,53.57,54.17,57.74,57.74,64.29,63.69,54.46,75.6,66.67,63.69,51.19,67.86,55.95,50.6,63.1,50.6,53.57,58.93,33.63,51.79,38.69,49.4,44.94,68.75,63.39
2020-10-26,60.12,61.31,64.29,61.01,43.45,57.14,41.07,38.69,47.02,65.48,71.43,44.64,35.12,38.39,53.57,61.61,66.07,41.67,75.0,73.51,49.4,53.57,54.17,57.74,57.74,64.29,63.69,58.04,75.6,66.67,63.69,51.19,67.86,55.95,50.6,63.1,50.6,53.57,58.93,40.77,51.79,38.69,49.4,44.94,68.75,63.39
2020-10-27,60.12,61.31,67.26,61.01,43.45,57.14,41.07,38.69,47.02,65.48,71.43,44.64,35.12,41.07,53.57,61.61,66.07,41.67,75.0,73.51,49.4,53.57,54.17,57.74,57.74,64.29,63.69,58.04,75.6,66.67,63.69,51.19,67.86,55.95,50.6,63.1,50.6,53.57,58.93,42.56,51.79,38.69,49.4,44.94,68.75,63.39
2020-10-28,60.12,61.31,67.26,61.01,43.45,57.14,41.07,38.69,47.02,65.48,71.43,44.64,35.12,41.07,53.57,61.61,66.07,41.67,75.0,73.51,49.4,57.14,54.17,57.74,57.74,64.29,65.48,58.04,75.6,66.67,63.69,51.19,67.86,55.95,50.6,58.63,50.6,53.57,58.93,42.56,52.68,38.69,49.4,44.94,68.75,63.39
2020-10-29,60.12,61.31,67.26,61.01,43.45,58.33,45.83,42.26,47.02,65.48,71.43,44.64,35.12,41.07,53.57,61.61,66.07,41.67,75.0,73.51,49.4,57.14,54.17,60.12,57.74,64.29,65.48,58.04,75.6,66.67,63.69,51.19,67.86,53.57,50.6,58.63,50.6,53.57,58.93,42.56,52.68,38.69,49.4,48.81,66.37,63.39
2020-10-30,60.12,61.31,67.26,61.01,43.45,58.33,45.83,42.26,47.02,65.48,71.43,44.64,35.12,41.07,72.32,61.61,66.07,41.67,75.0,73.51,49.4,58.93,60.71,60.12,57.74,64.29,72.62,58.04,75.6,69.05,63.69,51.19,67.86,53.57,50.6,58.63,50.6,53.57,58.93,42.56,52.68,38.69,49.4,48.81,66.37,63.39
2020-10-31,60.12,61.31,67.26,61.01,43.45,58.33,45.83,42.26,47.02,65.48,71.43,44.64,35.12,41.07,72.32,61.61,66.07,41.67,75.0,73.51,49.4,58.93,60.71,60.12,57.74,64.29,72.62,58.04,75.6,69.05,63.69,51.19,67.86,53.57,54.17,58.63,50.6,53.57,58.93,42.56,52.68,38.69,49.4,48.81,66.37,63.39
2020-11-01,60.12,58.93,67.26,61.01,43.45,58.33,45.83,42.26,47.02,65.48,71.43,44.64,35.12,41.07,72.32,61.61,66.07,41.67,75.0,73.51,49.4,58.93,60.71,60.12,57.74,64.29,72.62,58.04,75.6,69.05,63.69,51.19,67.86,53.57,54.17,58.63,50.6,53.57,51.79,42.56,52.68,38.69,49.4,48.81,66.37,63.39
2020-11-02,60.12,58.93,75.0,61.01,43.45,64.29,45.83,42.26,47.02,65.48,71.43,44.64,35.12,41.07,72.32,62.5,68.45,41.67,75.0,73.51,49.4,58.93,60.71,60.12,57.74,64.29,72.62,58.04,75.6,69.05,63.69,51.19,67.86,53.57,54.17,58.63,50.6,53.57,51.79,42.56,52.68,42.26,49.4,60.12,66.37,63.39
2020-11-03,60.12,58.93,75.0,61.01,43.45,64.29,45.83,42.26,47.02,69.05,71.43,44.64,35.12,41.07,72.32,62.5,68.45,47.62,75.0,73.51,49.4,58.93,60.71,60.12,57.74,66.67,72.62,58.04,75.6,69.05,63.69,51.19,67.86,53.57,54.17,58.63,50.6,53.57,51.79,42.56,52.68,42.26,49.4,60.12,66.37,63.39
2020-11-04,60.12,58.93,75.0,61.01,43.45,64.29,45.83,42.26,47.02,71.43,71.43,44.64,35.12,41.07,72.32,62.5,68.45,54.76,75.0,73.51,49.4,58.93,60.71,60.12,60.12,66.67,65.48,58.04,75.6,69.05,63.69,51.19,67.86,53.57,54.17,58.63,54.17,53.57,51.79,42.56,52.68,42.26,49.4,60.12,66.37,63.39
2020-11-05,60.12,58.93,75.0,61.01,43.45,64.29,45.83,44.94,47.02,71.43,71.43,44.64,35.12,41.07,72.32,62.5,68.45,59.52,75.0,73.51,49.4,58.93,60.71,60.12,60.12,66.67,65.48,59.23,75.6,69.05,63.69,51.19,67.86,53.57,54.17,58.63,54.17,53.57,51.79,48.51,52.68,42.26,49.4,60.12,66.37,63.39
2020-11-06,60.12,58.93,75.0,61.01,43.45,64.29,45.83,44.94,47.02,71.43,71.43,44.64,35.12,41.07,72.32,62.5,68.45,59.52,75.0,75.89,49.4,58.93,60.71,60.12,60.12,66.67,61.9,59.23,75.6,69.05,63.69,51.19,66.07,53.57,54.17,58.63,54.17,53.57,51.79,48.51,52.68,42.26,51.19,60.12,66.37,63.39
2020-11-07,60.12,58.93,75.0,61.01,43.45,64.29,45.83,44.94,47.02,71.43,71.43,44.64,35.12,41.07,72.32,62.5,79.17,59.52,75.0,75.89,49.4,64.88,60.71,60.12,60.12,69.05,61.9,59.23,75.6,69.05,63.69,51.19,66.07,53.57,54.17,62.2,54.17,53.57,51.79,48.51,52.68,42.26,51.19,60.12,66.37,63.39
2020-11-08,60.12,58.93,75.0,61.01,43.45,64.29,45.83,44.94,47.02,71.43,71.43,44.64,35.12,41.07,72.32,62.5,79.17,59.52,75.0,75.89,49.4,64.88,60.71,60.12,60.12,69.05,61.9,59.23,75.6,69.05,63.69,51.19,66.07,53.57,54.17,62.2,54.17,53.57,51.79,48.51,52.68,42.26,51.19,60.12,66.37,63.39
2020-11-09,60.12,58.93,75.0,61.01,43.45,64.29,45.83,44.94,47.02,71.43,71.43,51.79,35.12,41.07,72.32,62.5,79.17,59.52,75.0,75.89,49.4,64.88,60.71,60.12,60.12,69.05,61.9,64.88,75.6,69.05,63.69,51.19,62.5,59.52,54.17,58.63,54.17,53.57,51.79,49.7,52.68,42.26,51.19,60.12,66.37,63.39
2020-11-10,60.12,58.93,75.0,61.01,43.45,64.29,45.83,44.94,47.02,71.43,71.43,51.79,35.12,41.07,72.32,62.5,79.17,65.48,75.0,75.89,49.4,64.88,60.71,60.12,60.12,69.05,61.9,64.88,75.6,69.05,63.69,52.98,61.31,59.52,54.17,58.63,54.17,53.57,51.79,49.7,52.68,42.26,51.19,60.12,66.37,63.39
2020-11-11,60.12,58.93,75.0,61.01,48.21,64.29,45.83,44.94,47.02,71.43,71.43,51.79,35.12,41.07,72.32,57.74,79.17,69.05,75.0,75.89,49.4,64.88,60.71,60.12,60.12,69.05,61.9,64.88,75.6,69.05,63.69,52.98,61.31,59.52,54.17,57.44,54.17,53.57,51.79,50.6,52.68,42.26,51.19,60.12,66.37,63.39
2020-11-12,60.12,68.45,75.0,61.01,48.21,64.29,45.83,44.94,47.02,73.21,71.43,51.79,36.9,41.07,72.32,57.74,79.17,69.05,75.0,75.89,49.4,64.88,60.71,60.12,60.12,69.05,61.9,64.88,75.6,69.05,63.69,52.98,61.31,59.52,54.17,57.44,54.17,53.57,51.79,50.6,52.68,42.26,51.19,60.12,66.37,63.39
2020-11-13,60.12,68.45,75.0,61.01,48.21,64.29,45.83,44.94,47.02,73.21,71.43,51.79,36.9,41.07,72.32,57.74,79.17,69.05,75.0,75.89,49.4,64.88,60.71,60.12,60.12,69.05,61.9,64.88,75.6,69.05,63.69,52.98,61.31,59.52,54.17,57.44,54.17,53.57,51.79,50.6,52.68,42.26,51.19,60.12,66.37,65.18
2020-11-14,60.12,68.45,75.0,61.01,48.21,64.29,45.83,44.94,47.02,73.21,71.43,51.79,36.9,41.07,72.32,57.74,79.17,69.05,75.0,75.89,49.4,64.88,60.71,60.12,60.12,69.05,61.9,64.88,75.6,69.05,63.69,52.98,61.31,59.52,54.17,61.01,54.17,53.57,51.79,50.6,52.68,42.26,51.19,60.12,66.37,65.18
2020-11-15,60.12,68.45,75.0,61.01,48.21,64.29,45.83,44.94,47.02,73.21,71.43,51.79,36.9,41.07,72.32,57.74,79.17,69.05,75.0,75.89,47.02,64.88,60.71,60.12,60.12,69.05,61.9,64.88,75.6,69.05,63.69,52.98,61.31,59.52,54.17,61.01,54.17,53.57,51.79,50.6,52.68,42.26,51.19,60.12,66.37,65.18
2020-11-16,60.12,68.45,75.0,61.01,48.21,63.1,45.83,44.94,47.02,73.21,71.43,48.81,42.26,41.07,72.32,57.74,79.17,69.05,75.0,75.89,47.02,64.88,60.71,60.12,60.12,69.05,61.9,73.21,73.21,76.19,63.69,52.98,61.31,59.52,54.17,57.44,54.17,53.57,51.79,50.6,52.68,42.26,53.57,60.12,66.37,65.18
2020-11-17,60.12,68.45,79.76,61.01,48.21,63.1,45.83,44.94,47.02,73.21,71.43,48.81,42.26,41.07,72.32,57.74,79.17,69.05,75.0,75.89,47.02,64.88,60.71,60.12,60.12,69.05,61.9,73.21,73.21,76.19,63.69,52.98,61.31,59.52,54.17,57.44,54.17,53.57,51.79,50.6,54.46,42.26,53.57,60.12,66.37,65.18
2020-11-18,60.12,68.45,79.76,61.01,48.21,63.1,45.83,44.94,47.02,73.21,70.83,48.81,42.26,41.07,72.32,57.74,79.17,69.05,75.0,75.89,47.02,64.88,60.71,60.12,60.12,69.05,61.9,73.21,73.21,76.19,63.69,52.98,61.31,59.52,54.17,57.44,54.17,53.57,51.79,50.6,54.46,42.26,53.57,60.12,66.37,65.18
2020-11-19,60.12,68.45,79.76,61.01,48.21,63.1,45.83,44.94,47.02,73.21,70.83,44.64,42.26,41.07,72.32,57.74,79.17,69.05,75.0,75.89,47.02,64.88,60.71,60.12,60.12,69.05,61.9,73.21,73.21,76.19,63.69,52.98,61.31,59.52,54.17,57.44,54.17,53.57,51.79,50.6,54.46,42.26,53.57,60.12,66.37,65.18
2020-11-20,60.12,68.45,79.76,61.01,48.21,63.1,45.83,44.94,47.02,73.21,70.83,44.64,42.26,41.07,72.32,57.74,79.17,69.05,75.0,75.89,47.02,64.88,60.71,60.12,60.12,69.05,61.9,73.21,73.21,76.19,63.69,52.98,63.1,59.52,54.17,57.44,54.17,53.57,51.79,50.6,54.46,42.26,53.57,60.12,68.75,65.18
2020-11-21,60.12,68.45,79.76,61.01,48.21,63.1,45.83,44.94,51.79,73.21,70.83,44.64,42.26,41.07,72.32,57.74,79.17,69.05,75.0,75.89,47.02,64.88,60.71,60.12,60.12,69.05,61.9,73.21,73.21,76.19,63.69,52.98,63.1,59.52,54.17,61.01,54.17,53.57,51.79,50.6,54.46,42.26,53.57,58.93,68.75,65.18
2020-11-22,60.12,68.45,79.76,66.96,48.21,63.1,45.83,44.94,51.79,73.21,70.83,44.64,42.26,41.07,72.32,57.74,79.17,69.05,75.0,75.89,47.02,64.88,60.71,60.12,60.12,69.05,61.9,73.21,73.21,76.19,63.69,52.98,63.1,59.52,54.17,61.01,54.17,53.57,51.79,50.6,54.46,42.26,53.57,58.93,68.75,65.18
2020-11-23,60.12,68.45,79.76,66.96,48.21,63.1,45.83,44.94,51.79,73.21,70.83,45.83,42.26,41.96,72.32,57.74,79.17,65.48,75.0,75.89,47.02,64.88,60.71,60.12,60.12,69.05,61.9,73.21,73.21,76.19,63.69,52.98,63.1,59.52,54.17,57.44,54.17,53.57,51.79,50.6,54.46,42.26,53.57,58.93,68.75,65.18
2020-11-24,60.12,68.45,79.76,66.96,48.21,63.1,45.83,44.94,51.79,73.21,70.83,45.83,42.26,41.96,72.32,57.74,79.17,65.48,75.0,75.89,47.02,64.88,60.71,60.12,60.12,69.05,61.9,73.21,73.21,76.19,63.69,57.14,63.1,59.52,54.17,57.44,54.17,53.57,51.79,50.6,54.46,42.26,55.95,58.93,68.75,65.18
2020-11-25,60.12,68.45,79.76,66.96,48.21,63.1,45.83,44.94,51.79,73.21,70.83,48.21,42.26,41.96,72.32,57.74,79.17,65.48,75.0,75.89,47.02,64.88,60.71,60.12,60.12,69.05,61.9,73.21,73.21,76.19,63.69,57.14,63.1,59.52,54.17,57.44,54.17,53.57,51.79,50.6,54.46,42.26,58.33,58.93,68.75,65.18
2020-11-26,60.12,68.45,79.76,66.96,48.21,63.1,45.83,44.94,51.79,73.21,70.83,48.21,42.26,41.96,72.32,57.74,79.17,65.48,75.0,75.89,49.4,64.88,63.1,60.12,60.12,69.05,61.9,73.21,73.21,76.19,63.69,57.14,63.1,59.52,54.17,57.44,54.17,53.57,51.79,50.6,54.46,42.26,58.33,58.93,68.75,65.18
2020-11-27,60.12,68.45,79.76,66.96,48.21,63.1,51.79,44.94,51.79,73.21,70.83,48.21,42.26,41.96,72.32,57.74,79.17,65.48,75.0,75.89,49.4,64.88,63.1,60.12,60.12,69.05,69.05,73.21,73.21,76.19,63.69,57.14,63.1,59.52,54.17,57.44,54.17,53.57,51.79,50.6,54.46,45.83,58.33,58.93,68.75,65.18
2020-11-28,60.12,68.45,79.76,66.96,48.21,63.1,51.79,44.94,57.14,73.21,70.83,48.21,42.26,41.96,69.94,57.74,79.17,65.48,75.0,75.89,49.4,64.88,63.1,60.12,60.12,69.05,69.05,73.21,73.21,76.19,63.69,57.14,63.1,72.02,54.17,63.39,54.17,55.95,51.79,50.6,54.46,45.83,58.33,58.93,68.75,65.18
2020-11-29,60.12,68.45,79.76,66.96,48.21,63.1,51.79,44.94,57.14,73.21,70.83,48.21,42.26,41.96,69.94,57.74,79.17,65.48,75.0,75.89,49.4,64.88,63.1,60.12,60.12,69.05,69.05,73.21,73.21,76.19,63.69,57.14,63.1,72.02,54.17,63.39,54.17,55.95,51.79,50.6,54.46,45.83,58.33,58.93,68.75,65.18
2020-11-30,60.12,68.45,79.76,66.96,48.21,63.1,49.4,44.94,57.14,69.05,70.83,48.21,42.26,44.94,69.94,61.31,79.17,65.48,75.0,75.89,49.4,64.88,63.1,60.12,60.12,69.05,69.05,73.21,73.21,76.19,63.69,55.95,63.1,72.02,54.17,59.82,54.17,61.31,51.79,50.6,54.46,48.21,58.33,58.93,68.75,65.18
2020-12-01,60.12,68.45,79.76,66.96,48.21,60.71,49.4,44.94,60.71,69.05,70.83,48.21,42.26,44.94,69.94,61.31,80.36,65.48,75.0,75.89,49.4,64.88,63.1,60.12,56.55,69.05,69.05,73.21,73.21,76.19,63.69,55.95,63.1,72.02,54.17,59.82,54.17,61.31,51.79,50.6,54.46,48.21,58.33,58.93,68.75,65.18
2020-12-02,60.12,68.45,79.76,66.96,48.21,60.71,49.4,44.94,60.71,69.05,70.83,48.21,42.26,44.94,69.94,61.31,80.36,65.48,75.0,75.89,49.4,64.88,63.1,60.12,56.55,69.05,61.9,73.21,73.21,76.19,63.69,55.95,63.1,72.02,54.17,59.82,54.17,61.31,51.79,50.6,54.46,48.21,58.33,58.93,68.75,65.18
2020-12-03,60.12,68.45,79.76,66.96,48.21,60.71,49.4,44.94,60.71,73.21,66.07,48.21,42.26,46.13,69.94,61.31,80.36,65.48,75.0,75.89,49.4,61.31,63.1,60.12,56.55,69.05,61.9,73.21,73.21,76.19,63.69,55.95,60.71,72.02,54.17,59.82,54.17,61.31,51.79,55.36,54.46,48.21,58.33,58.93,68.75,65.18
2020-12-04,60.12,68.45,79.76,66.96,48.21,60.71,49.4,44.94,60.71,73.21,66.07,48.21,42.26,46.13,69.94,61.31,80.36,65.48,69.05,74.7,49.4,61.31,63.1,60.12,56.55,69.05,69.05,73.21,73.21,76.19,63.69,55.95,60.71,72.02,54.17,61.01,54.17,61.31,51.79,55.36,54.46,48.21,58.33,58.93,68.75,65.18
2020-12-05,60.12,68.45,79.76,62.8,48.21,60.71,49.4,44.94,60.71,73.21,66.07,48.21,42.26,46.13,69.94,61.31,80.36,65.48,69.05,74.7,49.4,61.31,63.1,60.12,56.55,69.05,69.05,73.21,73.21,76.19,63.69,55.95,60.71,72.02,54.17,64.58,54.17,61.31,51.79,55.36,54.46,48.21,58.33,58.93,68.75,65.18
2020-12-06,60.12,68.45,79.76,62.8,48.21,60.71,49.4,44.94,60.71,73.21,66.07,48.21,42.26,46.13,69.94,61.31,80.36,65.48,69.05,74.7,49.4,61.31,63.1,60.12,56.55,69.05,69.05,73.21,73.21,76.19,63.69,55.95,60.71,72.02,54.17,64.58,54.17,61.31,51.79,55.36,54.46,48.21,58.33,58.93,68.75,65.18
2020-12-07,60.12,68.45,72.62,62.8,48.21,60.71,49.4,44.94,60.71,73.21,66.07,48.21,42.26,48.51,69.94,61.31,82.74,65.48,69.05,74.7,49.4,61.31,63.1,60.12,56.55,69.05,69.05,73.21,73.21,76.19,63.69,57.14,60.71,72.02,54.17,61.01,54.17,61.31,51.79,55.36,54.46,48.21,58.33,58.93,69.94,65.18
2020-12-08,60.12,68.45,72.62,63.99,47.02,60.71,49.4,44.94,60.71,73.21,66.07,48.21,42.26,48.51,69.94,61.31,82.74,65.48,69.05,74.7,47.02,61.31,63.1,60.12,56.55,69.05,69.05,73.21,73.21,76.19,63.69,57.14,67.38,73.81,54.17,61.01,54.17,61.31,51.79,55.36,54.46,48.21,58.33,58.93,69.94,65.18
2020-12-09,58.33,68.45,72.62,63.99,47.02,60.71,49.4,44.94,60.71,73.21,66.07,52.38,42.26,48.51,69.94,61.31,82.74,65.48,69.05,74.7,47.02,61.31,63.1,60.12,56.55,69.05,61.9,73.21,73.21,76.19,63.69,57.14,67.38,73.81,54.17,61.01,54.17,61.31,51.79,55.36,54.46,48.21,58.33,58.93,69.94,65.18
2020-12-10,58.33,68.45,72.62,63.99,47.02,60.71,49.4,44.94,60.71,73.21,66.07,52.38,42.26,48.51,69.94,61.31,80.36,65.48,69.05,74.7,47.02,61.31,63.1,60.12,56.55,69.05,61.9,73.21,73.21,76.19,63.69,57.14,67.38,73.81,54.17,63.39,54.17,61.31,51.79,55.36,54.46,48.21,58.33,60.12,69.94,65.18
2020-12-11,58.33,68.45,72.62,71.13,47.02,60.71,49.4,44.94,60.71,73.21,66.07,52.38,42.26,48.51,69.94,61.31,80.36,65.48,69.05,74.7,47.02,61.31,63.1,60.12,56.55,69.05,61.9,73.21,67.86,76.19,63.69,57.14,67.38,73.81,54.17,63.39,54.17,61.31,51.79,55.36,54.46,48.21,58.33,60.12,69.94,65.18
2020-12-12,58.33,68.45,72.62,71.13,47.02,60.71,49.4,44.94,60.71,73.21,66.07,52.38,45.24,48.51,69.94,61.31,80.36,65.48,69.05,74.7,47.02,61.31,63.1,60.12,56.55,69.05,61.9,73.21,67.86,76.19,63.69,57.14,67.38,73.81,54.17,66.96,54.17,61.31,51.79,55.36,54.46,48.21,58.33,61.9,69.94,65.18
2020-12-13,58.33,68.45,72.62,71.13,47.02,60.71,49.4,44.94,60.71,73.21,66.07,52.38,45.24,48.51,69.94,61.31,80.36,65.48,69.05,74.7,47.02,61.31,63.1,60.12,56.55,69.05,61.9,73.21,67.86,76.19,63.69,57.14,67.38,73.81,54.17,66.96,54.17,61.31,51.79,55.36,54.46,48.21,58.33,61.9,69.94,65.18
2020-12-14,58.33,68.45,72.62,75.6,47.02,60.71,49.4,44.94,63.1,73.21,66.07,52.38,47.62,48.51,69.94,61.31,80.36,65.48,69.05,74.7,47.02,61.31,63.1,60.12,56.55,69.05,61.9,73.21,67.86,76.19,63.69,58.93,70.95,73.81,54.17,63.39,54.17,61.31,51.79,55.36,54.46,48.21,58.33,61.9,69.94,65.18
2020-12-15,58.33,68.45,72.62,75.6,47.02,60.71,50.0,44.94,63.1,73.21,66.07,52.38,47.62,48.51,62.8,66.07,80.36,65.48,69.05,74.7,49.4,61.31,63.1,60.12,62.5,69.05,61.9,73.21,67.86,72.62,63.69,58.93,70.95,73.81,54.17,63.39,54.17,61.31,51.79,55.36,54.46,48.21,58.33,61.9,69.94,65.18
2020-12-16,58.33,68.45,72.62,75.6,47.02,60.71,50.0,44.94,63.1,73.21,68.45,52.38,47.62,48.51,62.8,70.83,80.36,65.48,69.05,74.7,49.4,72.02,63.1,60.12,67.26,69.05,61.9,73.21,67.86,72.62,63.69,58.93,70.95,73.81,54.17,63.39,54.17,61.31,51.79,55.36,54.46,48.21,58.33,61.9,69.94,65.18
2020-12-17,58.33,68.45,72.62,75.6,47.02,60.71,50.0,44.94,63.1,73.21,68.45,52.38,47.62,48.51,62.8,70.83,80.36,65.48,69.05,74.7,49.4,72.02,63.1,60.12,67.26,69.05,61.9,73.21,67.86,72.62,63.69,58.93,70.95,73.81,54.17,63.39,54.17,61.31,51.79,55.36,54.46,48.21,58.33,61.9,69.94,65.18
2020-12-18,58.33,68.45,72.62,75.6,43.45,60.71,50.0,44.94,63.1,73.21,70.83,52.38,47.62,48.51,62.8,70.83,80.36,65.48,69.05,74.7,49.4,72.02,63.1,60.12,67.26,69.05,61.9,73.21,67.86,72.62,63.69,58.93,70.95,73.81,54.17,63.39,54.17,61.31,51.79,56.79,54.46,57.74,58.33,61.9,69.94,65.18
2020-12-19,58.33,68.45,72.62,75.6,43.45,60.71,50.0,44.94,63.1,73.21,70.83,52.38,47.62,48.51,62.8,70.83,80.36,65.48,69.05,74.7,51.79,72.02,63.1,60.12,67.26,69.05,61.9,73.21,66.07,72.62,63.69,58.93,73.33,73.81,54.17,63.39,54.17,61.31,51.79,56.79,54.46,57.74,60.71,61.9,69.94,60.71
2020-12-20,58.33,61.31,72.62,79.17,43.45,60.71,50.0,44.94,63.1,73.21,70.83,52.38,47.62,48.51,62.8,70.83,80.36,65.48,69.05,74.7,51.79,72.02,63.1,60.12,67.26,69.05,61.9,73.21,66.07,72.62,63.69,58.93,73.33,73.81,54.17,63.39,54.17,61.31,51.79,56.79,54.46,57.74,60.71,61.9,69.94,60.71
2020-12-21,58.33,64.88,72.62,79.17,43.45,60.71,50.0,44.94,63.1,78.57,73.21,52.38,47.62,48.51,62.8,70.83,80.36,65.48,69.05,74.7,53.57,73.81,63.1,60.12,67.26,69.05,61.9,73.21,66.07,72.62,63.69,58.93,73.33,73.81,54.17,57.44,54.17,61.31,51.79,56.79,54.46,57.74,60.71,61.9,69.94,60.71
2020-12-22,58.33,64.88,72.62,79.17,43.45,60.71,49.4,44.94,63.1,78.57,73.21,52.38,47.62,48.51,62.8,70.83,80.36,65.48,70.83,74.7,53.57,73.81,63.1,60.12,67.26,69.05,61.9,73.21,66.07,72.62,63.69,58.93,73.33,73.81,54.17,57.44,54.17,61.31,51.79,56.79,54.46,57.74,60.71,61.9,69.94,57.74
2020-12-23,58.33,64.88,72.62,79.17,43.45,60.71,49.4,44.94,70.24,78.57,75.6,52.38,47.62,48.51,62.8,70.83,80.36,65.48,70.83,74.7,53.57,73.81,63.1,60.12,67.26,69.05,63.1,73.21,66.07,72.62,68.45,58.93,73.33,73.81,54.17,57.44,54.17,61.31,51.79,56.79,54.46,60.12,60.71,63.33,69.94,57.74
2020-12-24,58.33,62.5,72.62,79.17,43.45,60.71,49.4,48.51,70.24,73.21,75.6,52.38,47.62,48.51,62.8,70.83,80.36,65.48,66.67,75.89,53.57,73.81,63.1,60.12,67.26,69.05,63.1,73.21,66.07,72.62,68.45,58.93,75.12,73.81,54.17,57.44,56.55,61.31,51.79,56.79,54.46,67.26,60.71,62.14,69.94,57.74
2020-12-25,58.33,62.5,72.62,79.17,43.45,60.71,49.4,48.51,70.24,73.21,75.6,52.38,47.62,48.51,62.8,70.83,80.36,65.48,66.67,75.89,53.57,73.81,63.1,60.12,67.26,69.05,63.1,73.21,66.07,72.62,68.45,58.93,72.44,73.81,54.17,59.52,56.55,61.31,51.79,56.79,54.46,69.64,60.71,62.14,69.94,57.74
2020-12-26,58.33,62.5,79.76,79.17,43.45,60.71,49.4,48.51,70.24,78.57,75.6,52.38,47.62,48.51,62.8,70.83,80.36,66.9,66.67,75.89,53.57,73.81,63.1,60.12,67.26,69.05,63.1,73.21,67.5,75.48,68.45,58.93,76.31,73.81,54.17,63.1,56.55,61.31,51.79,56.79,54.46,69.64,60.71,62.14,69.94,57.74
2020-12-27,58.33,62.5,82.62,79.17,43.45,60.71,50.83,48.51,73.1,80.0,78.45,55.24,49.05,49.94,62.8,73.69,81.79,66.9,74.4,78.75,53.57,76.67,63.1,61.55,67.26,69.05,64.76,74.64,67.5,75.48,71.31,61.79,76.31,73.81,54.17,63.1,56.55,61.31,51.79,56.79,54.46,69.64,60.71,62.14,69.94,57.74
2020-12-28,58.33,62.5,82.62,79.17,43.45,62.14,50.83,48.51,73.1,80.0,78.45,55.24,49.05,49.94,62.8,73.69,81.79,66.9,74.4,76.37,55.0,76.67,70.71,61.55,67.26,69.05,64.76,74.64,67.5,75.48,71.31,61.79,76.31,73.81,54.17,59.52,56.55,61.31,51.79,56.79,54.46,62.5,60.71,62.14,69.94,57.74
2020-12-29,58.33,62.5,82.62,79.17,43.45,62.14,50.83,49.94,73.1,77.62,78.45,55.24,49.05,49.94,62.8,73.69,81.79,66.9,74.4,76.37,55.0,76.67,70.71,61.55,67.26,69.05,64.76,74.64,67.5,75.48,71.31,61.79,76.31,73.81,57.02,59.52,56.55,61.31,51.79,56.79,52.08,62.5,60.71,62.14,69.94,57.74
2020-12-30,58.33,62.5,82.62,79.17,43.45,62.14,50.83,49.94,73.1,77.62,78.45,55.24,49.05,49.94,62.8,73.69,83.21,66.9,76.79,76.37,59.76,76.67,70.71,61.55,67.26,71.9,64.76,74.64,67.5,75.48,71.31,61.79,76.31,73.81,57.02,59.52,56.55,61.31,51.79,56.79,52.08,62.5,62.14,62.14,71.73,57.74
2020-12-31,58.33,62.5,82.62,79.17,43.45,62.14,50.83,49.94,73.1,77.62,78.45,55.24,49.05,49.94,62.8,73.69,83.21,66.9,76.79,78.75,59.76,76.67,70.71,61.55,67.26,75.48,73.1,74.64,67.5,75.48,71.31,61.79,76.31,73.81,57.02,58.33,56.55,61.31,53.21,56.79,52.08,69.64,62.14,62.14,77.68,57.74
2021-01-01,58.33,62.5,82.62,79.17,43.45,62.14,50.83,49.94,62.38,77.62,78.45,56.67,49.05,49.94,62.8,73.69,83.21,66.9,77.38,78.75,59.76,74.88,70.71,62.98,67.26,75.48,73.1,74.64,69.29,75.48,71.31,61.79,76.31,73.81,57.02,57.14,56.55,61.31,53.21,56.79,52.08,69.64,62.14,62.14,77.68,57.74
2021-01-02,58.33,62.5,82.62,82.74,43.45,62.14,50.83,49.94,62.38,77.62,78.45,56.67,49.05,49.94,62.8,73.69,83.21,66.9,77.38,78.75,57.98,74.88,70.71,62.98,67.26,71.9,73.1,74.64,69.29,75.48,71.31,61.79,76.31,73.81,57.02,57.14,56.55,61.31,53.21,56.79,52.08,69.64,62.14,62.14,77.68,57.74
2021-01-03,58.33,62.5,82.62,82.74,43.45,62.14,50.83,49.94,62.38,77.62,78.45,56.67,49.05,49.94,62.8,73.69,83.21,66.9,77.38,78.75,57.98,74.88,70.71,62.98,67.26,71.9,73.1,74.64,69.29,75.48,71.31,61.79,76.31,73.81,57.02,57.14,56.55,61.31,53.21,56.79,52.08,69.64,62.14,62.14,77.68,57.74
2021-01-04,58.33,62.5,82.62,82.74,43.45,62.14,50.83,49.94,62.38,77.62,78.45,66.79,49.05,49.94,62.8,73.69,83.21,66.9,78.81,78.75,57.98,74.88,63.57,62.98,67.26,71.9,61.19,74.64,69.29,75.48,71.31,61.79,76.31,73.81,57.62,57.14,56.55,54.17,53.21,60.06,52.08,69.64,63.57,63.57,77.68,57.74
2021-01-05,58.33,62.5,82.62,77.38,43.45,62.14,50.83,49.94,62.38,77.62,78.45,66.79,49.05,51.37,65.65,71.9,83.21,66.9,78.81,78.75,48.45,74.88,63.57,62.98,67.26,71.9,61.19,74.64,69.29,75.48,71.31,61.79,81.67,73.81,57.62,57.14,56.55,54.17,53.21,60.06,54.4,69.64,63.57,63.57,77.68,57.74
2021-01-06,58.33,62.5,82.62,77.38,43.45,62.14,50.83,49.94,62.38,77.62,78.45,66.79,49.05,51.37,65.65,71.9,83.21,66.9,78.81,78.75,48.45,74.88,63.57,62.98,68.69,71.9,61.19,74.64,69.29,75.48,71.31,61.79,81.67,73.81,57.62,57.14,56.55,54.17,53.21,60.06,54.4,69.64,63.57,63.57,72.92,57.74
2021-01-07,58.33,62.5,82.62,77.38,43.45,62.14,50.83,49.94,62.38,77.62,78.45,66.79,49.05,51.37,65.65,71.9,83.21,68.33,78.81,78.75,48.45,74.88,63.57,62.98,68.69,71.9,61.19,74.64,74.64,75.48,66.55,63.57,81.67,73.81,57.62,57.14,56.55,54.17,53.21,61.49,54.4,63.1,63.57,63.57,72.92,57.74
2021-01-08,58.33,62.5,82.62,77.38,43.45,62.14,50.83,49.94,62.38,77.62,78.45,66.79,49.05,51.37,65.65,71.9,83.21,68.33,78.81,78.75,57.98,74.88,63.57,62.98,68.69,71.9,64.76,74.64,74.64,75.48,66.55,63.57,81.67,73.81,57.62,57.14,56.55,54.17,53.21,61.49,54.4,63.1,63.57,63.57,72.92,63.69
2021-01-09,58.33,62.5,82.62,82.74,43.45,62.14,50.83,49.94,55.24,77.62,78.45,68.57,49.05,51.37,65.65,71.9,83.21,68.33,77.02,78.75,57.98,74.88,63.57,62.98,68.69,71.9,71.9,74.64,74.64,75.48,66.55,63.57,81.67,73.81,57.62,57.14,56.55,54.17,53.21,61.49,54.4,63.1,63.57,63.57,72.92,63.69
2021-01-10,58.33,62.5,82.62,82.74,43.45,62.14,50.83,49.94,55.24,85.6,78.45,68.57,48.69,51.37,65.65,70.71,83.21,68.33,77.02,78.75,57.98,74.88,63.57,62.98,68.69,71.9,71.9,74.64,74.64,75.48,66.55,63.57,81.67,73.81,57.62,57.14,56.55,54.17,53.21,61.49,54.4,63.1,63.57,63.57,72.92,63.69
2021-01-11,58.33,66.31,82.62,77.38,43.45,62.14,50.83,49.94,55.24,85.6,78.45,68.57,45.12,51.37,65.65,70.71,80.83,68.33,78.45,77.56,48.45,74.88,58.81,62.98,68.69,71.9,64.76,74.64,77.02,75.48,66.55,63.57,81.67,73.81,57.62,57.14,56.55,54.17,53.21,61.49,54.4,63.1,63.57,63.57,72.92,63.69
2021-01-12,58.33,66.31,82.62,77.38,43.45,62.14,50.83,47.56,55.24,85.6,78.45,68.57,45.12,51.37,65.65,70.71,80.83,68.33,78.45,77.56,48.45,74.88,58.81,62.98,68.69,70.12,64.76,74.64,77.02,75.48,66.55,63.57,81.67,73.81,57.62,57.14,56.55,54.17,53.21,61.49,54.4,63.1,63.57,63.57,72.92,63.69
2021-01-13,58.33,66.31,82.62,77.38,43.45,62.14,50.83,47.56,55.24,85.6,78.45,68.57,45.12,51.37,65.65,70.71,80.83,68.33,78.45,77.56,48.45,74.88,58.81,62.98,68.69,70.12,64.76,74.64,77.02,75.48,66.55,63.57,81.67,73.81,54.05,57.14,56.55,54.17,53.21,61.49,54.4,63.1,63.57,63.57,72.92,63.69
2021-01-14,58.33,66.31,82.62,77.38,43.45,62.14,50.83,47.56,55.24,85.6,78.45,68.57,45.12,51.37,65.65,70.71,80.83,68.33,78.45,75.77,48.45,74.88,58.81,62.98,68.69,70.12,64.76,74.64,77.02,75.48,66.55,63.57,81.67,73.81,54.05,57.14,56.55,54.17,53.21,61.49,54.4,63.1,63.57,63.57,74.35,63.69
2021-01-15,58.33,66.31,82.62,77.38,43.45,62.14,50.83,47.56,55.24,85.6,78.45,68.57,45.12,51.37,65.65,70.71,80.83,68.33,78.45,75.77,57.98,74.88,58.81,62.98,68.69,70.12,65.95,77.5,77.02,75.48,66.55,63.57,81.67,73.81,54.05,57.14,59.4,54.17,53.21,61.49,54.4,63.1,63.57,63.57,77.92,63.69
2021-01-16,58.33,66.31,82.62,82.74,43.45,62.14,50.83,47.56,55.24,85.6,78.45,68.57,45.12,51.37,65.65,70.71,82.26,68.33,78.45,75.77,57.98,74.88,58.81,62.98,68.69,70.12,65.95,77.5,77.02,75.48,66.55,63.57,81.67,73.81,54.05,57.14,59.4,54.17,56.43,65.06,54.4,63.1,63.57,63.57,77.92,63.69
2021-01-17,58.33,66.31,82.62,82.74,43.45,62.14,50.83,47.56,55.24,85.6,78.45,68.57,45.12,51.37,65.65,70.71,82.26,68.33,78.45,75.77,57.98,74.88,58.81,62.98,68.69,70.12,65.95,77.5,77.02,75.48,66.55,63.57,81.67,73.81,54.05,57.14,59.4,54.17,56.43,65.06,54.4,63.1,63.57,63.57,77.92,63.69
2021-01-18,58.33,66.31,82.62,78.81,43.45,62.14,53.69,47.56,55.24,85.6,78.45,68.57,41.55,51.37,65.65,70.71,82.26,68.33,78.45,75.77,48.45,72.5,58.81,62.98,68.69,67.74,65.95,77.5,78.45,75.48,66.55,63.57,81.67,72.02,54.05,57.14,59.4,54.17,56.43,65.06,60.12,63.1,61.19,63.57,77.92,63.69
2021-01-19,58.33,66.31,82.62,74.05,43.45,63.57,53.69,47.56,55.24,85.6,78.45,68.57,41.55,51.37,65.65,70.71,82.26,68.33,78.45,75.77,48.45,72.5,58.81,62.98,68.69,67.74,65.95,77.5,78.45,75.48,66.55,63.57,81.67,72.02,54.05,57.14,59.4,54.17,56.43,65.06,60.12,63.1,61.19,63.57,77.92,63.69
2021-01-20,61.19,66.31,82.62,74.05,43.45,63.57,53.69,47.56,55.24,85.6,78.45,68.57,41.55,51.37,65.65,70.71,82.26,68.33,78.45,75.77,48.45,72.5,56.43,62.98,68.69,67.74,68.33,77.5,78.45,75.48,66.55,63.57,81.67,72.02,54.05,57.14,59.4,54.17,56.43,65.06,60.12,63.1,61.19,63.57,77.92,63.69
2021-01-21,61.19,66.31,82.62,74.05,43.45,63.57,53.69,47.56,55.24,85.6,82.02,68.57,41.55,51.37,65.65,70.71,82.26,68.33,78.45,75.77,48.45,72.5,56.43,62.98,68.69,67.74,68.33,77.5,78.45,75.48,66.55,63.57,81.67,72.02,54.05,57.14,59.4,54.17,56.43,65.06,60.12,63.1,61.19,63.57,77.92,63.69
2021-01-22,61.19,66.31,82.62,74.05,43.45,63.57,53.69,47.56,55.24,85.6,82.02,68.57,41.55,51.37,65.65,70.71,82.26,68.33,78.45,75.77,57.98,72.5,56.43,62.98,68.69,67.74,80.24,77.5,78.45,75.48,66.55,63.57,81.67,72.02,54.05,57.14,59.4,54.17,56.43,65.06,60.12,63.1,61.19,63.57,77.92,63.69
2021-01-23,61.19,66.31,82.62,79.4,43.45,63.57,53.69,47.56,55.24,85.6,82.02,68.57,41.55,51.37,65.65,70.71,82.26,68.33,78.45,75.77,57.98,72.5,56.43,62.98,71.07,67.74,80.24,77.5,78.45,71.9,66.55,63.57,81.67,72.02,54.05,60.71,59.4,54.17,56.43,67.44,60.12,63.1,61.19,63.57,77.92,63.69
2021-01-24,61.19,66.31,82.62,79.4,43.45,63.57,53.69,47.56,55.24,85.6,82.02,68.57,41.55,51.37,65.65,70.71,82.26,68.33,78.45,75.77,57.98,72.5,56.43,62.98,71.07,67.74,80.24,77.5,78.45,71.9,66.55,63.57,81.67,72.02,54.05,60.71,59.4,54.17,56.43,67.44,60.12,63.1,61.19,63.57,77.02,63.69
2021-01-25,61.19,66.31,82.62,68.69,43.45,63.57,53.69,47.56,55.24,85.6,82.02,68.57,41.54,51.37,65.65,70.71,82.26,68.33,78.45,75.77,48.45,72.5,56.43,62.98,71.07,67.74,73.1,77.5,78.45,71.9,66.55,63.57,81.67,72.02,54.05,57.14,59.4,54.17,56.43,67.44,60.12,63.1,61.19,63.57,77.02,57.74
2021-01-26,58.81,66.31,82.62,68.69,43.45,63.57,53.69,47.56,55.24,85.24,82.02,68.57,41.54,51.37,65.65,70.71,82.26,68.33,80.24,75.77,48.45,72.5,56.43,62.98,71.07,67.74,73.1,77.5,78.45,71.9,66.55,63.57,81.67,72.02,54.05,57.14,59.4,54.17,56.43,67.44,60.12,63.1,61.19,63.57,77.02,57.74
2021-01-27,58.81,66.31,82.62,68.69,43.45,65.36,53.69,47.56,55.24,85.24,82.02,68.57,41.54,51.37,65.65,70.71,82.26,68.33,80.24,75.77,48.45,72.5,56.43,64.4,71.07,67.74,73.1,77.5,78.45,71.9,66.55,63.57,81.67,72.02,54.05,57.14,59.4,54.17,56.43,67.44,60.12,63.1,61.19,63.57,77.02,57.74
2021-01-28,58.81,66.31,82.62,68.69,43.45,65.36,56.07,47.56,55.24,85.24,82.02,68.57,41.54,51.37,65.65,70.71,82.26,68.33,80.24,75.77,48.45,72.5,56.43,64.4,71.07,67.74,73.1,77.5,78.45,71.9,66.55,63.57,81.67,72.02,54.05,57.14,59.4,54.17,56.43,67.44,60.12,63.1,61.19,63.57,78.45,57.74
2021-01-29,58.81,66.31,82.62,68.69,43.45,65.36,56.07,47.56,52.86,85.24,82.02,68.57,40.35,51.37,65.65,70.71,82.26,68.33,83.81,75.77,57.98,72.5,56.43,64.4,71.07,67.74,80.24,77.5,78.45,71.9,66.55,63.57,81.67,72.02,54.05,57.14,59.4,54.17,56.43,69.23,60.12,63.1,61.19,63.57,80.83,57.74
2021-01-30,58.81,66.31,82.62,74.05,43.45,65.36,56.07,47.56,52.86,85.24,83.81,68.57,40.34,51.37,65.65,70.71,82.26,68.33,83.81,75.77,57.98,72.5,56.43,64.4,72.5,67.74,80.24,77.5,78.45,71.9,66.55,63.57,81.67,73.21,54.05,60.71,59.4,54.17,56.43,69.23,57.74,63.1,61.19,63.57,80.83,57.74
2021-01-31,58.81,66.31,82.62,74.05,43.45,65.36,56.07,47.56,52.86,85.24,83.81,68.57,40.34,51.37,65.65,70.71,82.26,68.33,83.81,75.77,57.98,72.5,56.43,64.4,72.5,67.74,80.24,77.5,78.45,71.9,66.55,63.57,81.67,73.21,54.05,60.71,59.4,54.17,56.43,69.23,57.74,63.1,61.19,63.57,80.83,57.74
2021-02-01,58.81,66.31,82.62,66.31,43.45,65.36,50.83,47.56,52.86,82.86,83.81,68.57,40.34,51.37,65.65,70.71,81.07,68.33,83.81,75.77,48.45,72.5,56.43,64.4,72.5,67.74,73.1,77.5,78.45,71.9,66.55,63.57,81.67,73.21,54.05,58.57,59.4,54.17,56.43,69.23,50.3,63.1,64.05,63.57,77.26,57.74
2021-02-02,58.81,66.31,82.62,66.31,43.45,65.36,50.83,47.56,52.86,82.86,83.81,68.57,40.34,51.37,65.65,70.71,81.07,68.33,83.81,75.77,48.45,72.5,56.43,64.4,72.5,67.74,73.1,77.5,78.45,71.9,66.55,63.57,81.67,73.21,54.05,62.14,59.4,54.17,57.86,69.23,50.3,63.1,64.05,63.57,77.26,57.74
2021-02-03,58.81,66.31,82.62,66.31,43.45,65.36,50.83,47.56,52.86,82.86,83.81,68.57,39.74,51.37,65.65,70.71,81.07,68.33,83.81,75.77,48.45,72.5,56.43,64.4,72.5,67.74,73.1,77.5,78.45,71.9,66.55,63.57,81.67,73.21,54.05,62.14,59.4,54.17,57.86,69.23,50.3,63.1,64.05,63.57,77.26,57.74
2021-02-04,58.81,66.31,82.62,62.74,43.45,65.36,50.83,47.56,52.86,82.86,83.81,68.57,39.74,51.37,65.65,70.71,81.07,68.33,83.81,75.77,48.45,72.5,56.43,64.4,72.5,67.74,74.52,77.5,78.45,71.9,66.55,63.57,81.67,73.21,54.05,62.14,59.4,54.17,57.86,69.23,50.3,63.1,64.05,63.57,77.26,57.74
2021-02-05,58.81,66.31,82.62,62.74,43.45,65.36,50.83,47.56,52.86,82.86,83.81,68.57,39.74,51.37,65.65,70.71,81.07,68.33,83.81,75.77,57.98,72.5,56.43,64.4,72.5,67.74,81.67,77.5,78.45,73.33,66.55,63.57,81.67,71.43,54.05,62.14,59.4,50.6,57.86,69.23,50.3,63.1,64.05,63.57,77.26,57.74
2021-02-06,58.81,66.31,82.62,68.1,44.88,65.36,50.83,47.56,52.86,82.86,83.81,68.57,39.73,51.37,65.65,70.71,81.07,68.33,83.81,75.77,57.98,72.5,56.43,64.4,72.5,67.74,81.67,77.5,78.45,75.71,66.55,63.56,81.67,71.43,54.05,65.71,59.4,50.6,61.43,69.23,50.3,63.1,64.05,63.57,77.26,57.74
2021-02-07,58.81,66.31,82.62,68.1,44.88,65.36,50.83,47.56,52.86,82.86,83.81,68.57,39.73,51.37,65.65,70.71,81.07,68.33,83.81,75.77,57.98,72.5,56.43,64.4,72.5,67.74,81.67,77.5,78.45,75.71,66.55,63.55,81.67,71.43,54.05,65.71,59.4,50.6,61.43,69.23,50.3,63.1,64.05,63.57,77.26,57.74
2021-02-08,58.81,66.31,77.26,64.17,44.88,65.36,50.83,47.56,52.86,82.86,83.81,66.19,39.73,51.37,64.7,70.71,81.07,68.33,83.81,78.15,46.07,70.12,61.19,64.4,70.12,67.74,74.52,73.93,77.26,75.71,66.55,63.55,81.67,71.43,51.67,62.14,57.62,50.6,61.43,69.23,50.3,63.1,64.05,63.57,80.83,57.74
2021-02-09,58.81,66.31,77.26,64.17,44.88,65.36,50.83,47.56,52.86,82.86,83.81,66.19,39.73,51.37,64.7,70.71,81.07,68.33,83.81,78.15,46.07,70.12,61.19,64.4,70.12,67.74,74.52,73.93,77.26,72.14,66.55,63.55,81.67,71.43,51.67,62.14,57.62,50.6,61.43,69.23,50.3,63.1,64.05,63.57,80.83,57.74
2021-02-10,61.55,66.31,77.26,64.17,44.88,65.36,56.07,47.56,52.86,82.86,83.81,66.19,39.73,51.37,64.7,70.71,81.07,69.76,83.81,78.15,46.07,70.12,61.19,64.4,70.12,67.74,74.52,73.93,77.26,72.14,66.55,63.55,81.67,71.43,51.67,62.14,57.62,50.6,61.43,69.23,48.51,63.1,64.05,63.57,80.83,57.74
2021-02-11,61.55,66.31,77.26,64.17,44.88,65.36,56.07,47.56,52.86,82.86,83.81,66.19,39.73,51.37,64.7,70.71,81.07,69.76,83.81,78.15,47.86,70.12,61.19,64.4,70.12,67.74,74.52,73.93,77.26,72.14,66.55,63.55,81.67,71.43,51.67,62.14,57.62,50.6,61.43,69.23,48.51,53.57,64.05,63.57,80.83,57.74
2021-02-12,61.55,66.31,82.26,64.17,44.88,65.36,56.07,47.56,52.86,82.86,82.02,66.19,39.73,51.37,64.7,70.71,81.07,69.76,83.81,78.15,47.86,70.12,61.19,64.4,70.12,67.74,81.67,73.93,78.69,72.14,66.55,63.55,81.67,71.43,51.67,62.14,57.62,50.6,61.43,69.23,48.51,53.57,64.05,63.57,80.83,57.74
2021-02-13,61.55,66.31,82.26,69.52,44.88,65.36,56.07,47.56,52.86,82.86,82.02,66.19,39.73,51.37,64.7,70.71,81.07,69.76,83.81,78.15,47.86,70.12,61.19,64.4,70.12,67.74,81.67,73.93,78.69,72.14,66.55,63.55,81.67,71.43,51.67,65.71,57.62,50.6,61.43,69.23,48.51,53.57,64.05,63.57,80.83,57.74
2021-02-14,61.55,66.31,82.26,69.52,44.88,65.36,56.07,47.56,52.86,82.86,82.02,66.19,39.73,51.37,64.7,70.71,81.07,69.76,83.81,78.15,47.86,70.12,61.19,64.4,70.12,67.74,81.67,73.93,78.69,72.14,66.55,63.53,81.67,71.43,51.67,65.71,57.62,50.6,61.43,69.23,48.51,53.57,64.05,63.57,80.83,57.74
2021-02-15,61.55,66.31,79.88,64.17,44.88,65.36,56.07,47.56,52.86,82.86,82.02,66.19,39.73,51.37,64.7,70.71,81.07,69.76,83.81,80.54,47.86,70.12,61.19,64.4,70.12,67.74,74.52,75.71,78.69,66.19,66.55,63.53,81.67,71.43,51.67,62.14,57.62,54.17,63.81,69.23,48.51,56.43,64.05,63.57,80.83,57.74
2021-02-16,61.55,66.31,79.88,64.17,44.88,65.36,56.07,47.56,52.86,82.86,82.02,66.19,44.49,51.37,64.7,70.71,79.29,69.76,83.81,80.54,47.86,70.12,61.19,64.4,70.12,67.74,74.52,75.71,78.69,66.19,66.55,63.53,81.67,71.43,51.67,50.24,57.62,54.17,63.81,69.23,48.51,56.43,64.05,63.57,80.83,57.74
2021-02-17,61.55,66.31,79.88,64.17,44.88,65.36,56.07,47.56,52.86,82.86,82.02,66.19,44.49,51.37,64.7,70.71,79.29,69.76,83.81,80.54,47.86,70.12,61.19,64.4,70.12,67.74,74.52,75.71,78.69,66.19,66.55,64.42,81.67,71.43,51.67,50.24,57.62,54.17,63.81,69.23,48.51,56.43,64.05,63.57,80.83,57.74
2021-02-18,61.55,66.31,79.88,64.17,44.88,65.36,56.07,47.56,52.86,82.86,82.02,66.19,44.48,51.37,64.7,70.71,79.29,69.76,83.81,80.54,47.86,70.12,61.19,64.4,70.12,67.74,74.52,75.71,78.69,66.19,66.55,64.42,81.67,71.43,51.67,50.24,57.62,54.17,63.81,69.23,48.51,56.43,64.05,63.57,80.83,57.74
2021-02-19,61.55,66.31,79.88,64.17,44.88,65.36,58.93,47.56,52.86,82.86,82.02,66.19,44.48,51.37,64.7,70.71,79.29,69.76,83.81,80.54,47.86,70.12,61.19,64.4,71.55,67.74,81.67,75.71,78.69,66.19,64.76,64.42,81.67,71.43,51.67,50.24,57.62,54.17,63.81,69.23,48.51,56.43,64.05,63.57,80.83,57.74
2021-02-20,61.55,66.31,79.88,69.52,44.88,65.36,58.93,47.56,52.86,82.86,82.02,63.81,44.48,51.37,64.7,70.71,80.48,69.76,83.81,80.54,47.86,70.12,61.19,64.4,71.55,67.74,81.67,75.71,78.69,66.19,64.76,64.42,81.67,71.43,51.67,53.81,57.62,50.6,63.81,69.23,48.51,56.43,64.05,63.57,80.83,57.74
2021-02-21,61.55,66.31,79.88,69.52,44.88,65.36,58.93,47.56,52.86,82.86,82.02,63.81,44.48,51.37,64.7,70.71,80.48,69.76,83.81,80.54,47.86,70.12,61.19,64.4,71.55,67.74,81.67,77.5,77.8,66.19,64.76,64.39,81.67,71.43,51.67,53.81,57.62,50.6,63.81,69.23,48.51,56.43,64.05,63.57,80.83,57.74
2021-02-22,61.55,66.31,79.88,64.17,44.88,65.36,58.93,47.56,52.86,82.86,82.02,63.81,44.48,51.37,64.7,69.52,80.48,69.76,83.81,80.54,49.29,70.12,62.62,64.4,71.55,67.74,74.52,77.5,77.8,66.19,64.76,64.39,79.29,69.64,51.67,50.24,57.62,50.6,63.81,68.04,48.51,56.43,64.05,63.57,80.83,57.74
2021-02-23,61.55,66.31,79.88,64.17,44.88,65.36,58.93,47.56,52.86,82.86,82.02,63.81,44.48,51.37,64.7,69.52,84.64,69.76,83.81,80.54,49.29,73.69,62.62,64.4,71.55,67.74,74.52,77.5,77.8,66.19,64.76,64.39,79.29,69.64,51.67,50.24,57.62,50.6,63.81,65.65,48.51,58.81,64.05,63.57,80.83,57.74
2021-02-24,61.55,66.31,79.88,64.17,44.88,65.36,58.93,47.56,52.86,82.86,82.02,63.81,44.48,51.37,64.7,70.95,84.64,69.76,83.81,80.54,49.29,73.69,62.62,64.4,71.55,67.74,74.52,77.5,77.8,66.19,64.76,64.39,79.29,64.29,51.67,50.24,57.62,50.6,63.81,65.65,48.51,58.81,64.05,63.57,80.83,57.74
2021-02-25,61.55,66.31,79.88,64.17,44.88,65.36,58.93,47.56,52.86,82.86,82.02,63.81,44.48,51.37,64.7,70.95,84.64,69.76,83.81,80.54,49.29,71.9,62.62,64.4,71.55,67.74,74.52,77.5,77.8,66.19,64.76,64.39,79.29,57.14,51.67,50.24,57.62,50.6,63.81,65.65,48.51,60.24,64.05,63.57,80.83,59.17
2021-02-26,61.55,66.31,79.88,64.17,44.88,65.36,58.93,47.56,52.86,82.86,82.02,63.81,44.47,51.37,71.25,70.95,84.64,69.76,83.81,80.54,49.29,71.9,62.62,64.4,71.55,67.74,85.24,77.5,77.8,66.19,64.76,64.39,79.29,57.14,51.67,50.24,57.62,50.6,63.81,65.65,48.51,60.24,64.05,63.57,80.83,62.74
2021-02-27,61.55,66.31,79.88,69.52,44.88,65.36,58.93,47.56,52.86,82.86,82.02,63.81,44.47,51.37,71.25,70.95,84.64,69.76,83.81,80.54,49.29,71.9,62.62,64.4,71.55,68.93,85.24,77.5,77.8,71.55,64.76,64.39,79.29,57.14,51.67,53.81,57.62,50.6,63.81,65.65,48.51,61.43,64.05,63.57,80.83,62.74
2021-02-28,61.55,66.31,79.88,69.52,44.88,65.36,58.93,47.56,52.86,82.86,82.02,63.81,44.47,51.37,71.25,70.95,90.0,69.76,83.81,80.54,49.29,71.9,62.62,64.4,71.55,68.93,85.24,77.5,77.8,71.55,64.76,64.37,79.29,57.14,51.67,53.81,57.62,50.6,63.81,65.65,48.51,61.43,64.05,63.57,80.83,62.74
2021-03-01,61.55,66.31,79.88,64.17,44.88,65.36,58.93,47.56,53.33,79.29,82.02,63.81,44.47,52.8,71.25,68.57,90.0,69.76,81.43,80.54,49.29,71.9,62.62,64.4,71.55,68.93,78.1,77.5,77.8,71.55,64.76,64.37,79.29,52.38,51.67,50.24,55.83,61.9,63.81,65.65,48.51,61.43,64.05,63.57,76.96,62.74
2021-03-02,62.98,67.74,79.88,64.17,43.45,65.36,58.93,47.56,53.33,79.29,82.02,63.81,44.47,52.8,64.7,68.57,90.0,69.76,81.43,80.54,49.29,71.9,61.19,64.4,71.55,68.93,78.1,77.5,77.8,71.55,64.76,64.37,79.29,61.31,51.67,50.24,55.83,63.33,61.43,66.85,48.51,61.43,64.05,63.57,76.96,62.74
2021-03-03,62.98,67.74,79.88,64.17,43.45,65.36,58.93,47.56,53.33,79.29,82.02,63.81,44.46,52.8,64.7,68.57,90.0,69.76,81.43,80.54,49.29,71.9,62.62,64.4,69.17,68.93,78.1,77.5,77.8,71.55,64.76,64.37,79.29,61.31,51.67,50.24,55.83,63.33,61.43,66.85,48.51,61.43,64.05,63.57,76.96,62.74
2021-03-04,62.98,67.74,79.88,64.17,43.45,65.36,58.93,47.56,53.33,79.29,82.02,63.81,44.46,52.8,64.7,68.57,90.0,69.76,81.43,80.54,49.29,71.9,62.62,64.4,69.17,68.93,78.1,77.5,77.8,71.55,64.76,64.37,79.29,61.31,51.67,50.24,55.83,63.33,61.43,66.85,48.51,61.43,64.05,63.57,76.96,62.74
2021-03-05,64.4,67.74,79.88,64.17,43.45,65.36,58.93,47.56,53.33,79.29,82.02,63.81,44.46,52.8,71.25,68.57,90.0,69.76,81.43,80.54,49.29,71.9,62.62,64.4,69.17,62.38,85.24,77.5,77.8,71.55,64.76,64.37,79.29,61.31,51.67,50.24,55.83,65.71,61.43,66.85,44.94,61.43,64.05,63.57,76.96,62.74
2021-03-06,64.4,67.74,79.88,69.52,43.45,65.36,58.93,47.56,53.33,79.29,82.02,63.81,44.46,52.8,71.25,68.57,90.0,69.76,81.43,81.73,49.29,71.9,62.62,64.4,69.17,62.38,85.24,77.5,77.8,71.55,64.76,64.37,79.29,61.31,51.67,52.62,55.83,65.71,61.43,66.85,44.94,61.43,64.05,63.57,76.96,62.74
2021-03-07,64.4,67.74,79.88,69.52,43.45,65.36,58.93,47.56,53.33,79.29,82.02,63.81,44.46,52.8,71.25,68.57,90.0,69.76,81.43,81.73,49.29,71.9,62.62,64.4,69.17,62.38,85.24,77.5,77.8,71.55,64.76,64.36,79.29,61.31,51.67,52.62,55.83,65.71,61.43,66.85,44.94,61.43,64.05,63.57,76.96,62.74
2021-03-08,64.4,67.74,79.88,64.17,43.45,65.36,56.55,47.56,53.33,76.9,81.43,63.81,49.46,52.8,71.25,68.57,90.0,76.31,81.43,81.73,49.29,71.9,62.62,64.4,69.17,62.38,78.1,77.5,77.8,71.55,64.76,64.36,76.9,61.31,51.67,49.05,55.83,65.71,61.43,66.85,42.56,61.43,62.86,63.57,76.96,62.74
2021-03-09,64.4,67.74,79.88,64.17,43.45,65.36,56.55,47.56,53.33,76.9,81.43,63.81,49.45,52.8,65.89,68.57,90.0,76.31,81.43,81.73,49.29,71.9,62.62,64.4,69.17,62.38,78.1,77.5,77.8,71.55,64.76,64.36,76.9,61.31,51.67,49.05,55.83,65.71,61.43,66.85,42.56,61.43,62.86,63.57,78.15,62.74
2021-03-10,64.4,67.74,79.88,64.17,43.45,65.36,56.55,47.56,53.33,76.9,81.43,63.81,49.45,52.8,65.89,68.57,90.0,76.31,81.43,81.73,49.29,71.9,62.62,64.4,69.17,62.38,78.1,77.5,77.8,71.55,64.76,63.17,76.9,61.31,51.67,49.05,55.83,65.71,61.43,66.85,42.56,61.43,62.86,63.57,76.37,62.74
2021-03-11,64.4,67.74,79.88,64.17,43.45,65.36,56.55,47.56,53.33,76.9,81.43,63.81,66.12,52.8,65.89,68.57,90.0,76.31,81.43,81.73,49.29,71.9,62.62,73.93,69.17,62.38,78.1,77.5,77.8,71.55,64.76,63.17,76.9,61.31,51.67,49.05,55.83,65.71,61.43,66.85,42.56,61.43,62.86,63.57,76.37,62.74
2021-03-12,64.4,67.74,79.88,64.17,43.45,65.36,56.55,47.56,53.33,76.9,81.43,63.81,66.11,52.8,65.89,68.57,90.0,76.31,81.43,81.73,49.29,71.9,62.62,73.93,69.17,62.38,85.24,77.5,77.8,71.55,64.76,63.17,76.9,61.31,51.67,49.05,55.83,65.71,61.43,66.85,42.56,61.43,62.86,63.57,76.37,62.74
2021-03-13,64.4,67.74,79.88,69.52,43.45,65.36,57.44,47.56,53.33,76.9,81.43,63.81,66.11,53.69,71.25,68.57,90.0,76.31,82.86,81.73,49.29,71.9,62.62,73.93,69.17,62.38,85.24,77.5,77.8,71.55,63.57,63.17,74.52,61.31,51.67,49.05,55.83,65.71,61.43,68.27,42.56,61.43,62.86,63.57,76.37,62.74
2021-03-14,64.4,67.74,79.88,69.52,43.45,65.36,57.44,47.56,53.33,76.9,81.43,63.81,66.11,53.69,71.25,68.57,90.0,76.31,82.86,81.73,49.29,71.9,62.62,73.93,69.17,62.38,85.24,77.5,77.8,71.55,63.57,63.16,74.52,61.31,51.67,52.62,55.83,65.71,61.43,68.27,42.56,61.43,62.86,63.57,76.37,62.74
2021-03-15,64.4,67.74,78.1,66.55,43.45,65.36,57.14,47.56,53.33,76.9,81.43,63.81,66.11,53.69,65.89,68.57,90.0,76.31,82.86,81.73,49.29,71.9,62.62,78.69,69.17,62.38,73.33,76.79,77.8,71.55,63.57,63.16,73.33,65.12,51.67,49.05,55.83,62.14,61.43,68.27,42.56,63.21,62.86,63.57,76.37,62.74
2021-03-16,64.4,67.74,78.1,66.55,43.45,65.36,57.14,47.56,53.33,74.52,82.86,63.81,61.35,53.69,65.89,68.57,90.0,76.31,82.86,81.73,49.29,70.12,60.24,78.69,69.17,62.38,73.33,76.79,77.8,71.55,63.57,63.16,73.33,65.12,51.67,49.05,55.83,62.14,61.43,69.46,42.56,63.21,62.86,63.57,76.37,62.74
2021-03-17,64.4,67.74,78.1,66.55,43.45,65.36,57.14,47.56,53.33,74.52,82.86,63.81,61.35,53.69,65.89,68.57,87.98,76.31,82.86,81.73,49.29,70.12,60.24,78.69,69.17,62.38,73.33,76.79,77.8,71.55,65.36,63.16,74.76,65.12,51.67,49.05,55.83,62.14,61.43,69.46,42.56,63.21,62.86,63.57,76.37,62.74
2021-03-18,64.4,67.74,78.1,66.55,43.45,65.36,57.14,47.56,53.33,74.52,82.86,63.81,61.35,53.69,65.89,68.57,87.98,76.31,82.86,81.73,49.29,70.12,60.24,78.69,69.17,62.38,73.33,76.79,77.8,71.55,65.36,64.35,74.76,65.12,51.67,49.05,55.83,62.14,61.43,70.65,42.56,63.21,62.86,63.57,76.37,62.74
2021-03-19,64.4,67.74,78.1,66.55,43.45,65.36,57.14,47.56,53.33,74.52,82.86,63.81,61.35,53.69,71.25,68.57,87.98,76.31,82.86,81.73,49.29,70.12,60.24,78.69,69.17,62.38,80.48,76.79,77.8,71.55,65.36,64.35,74.76,65.12,51.67,49.05,55.83,60.95,61.43,70.65,42.56,65.6,62.86,65.95,76.37,62.74
2021-03-20,64.4,67.74,78.1,71.9,43.45,65.36,57.14,47.56,53.33,74.52,81.07,63.81,61.35,53.69,71.25,71.55,87.98,76.31,82.86,81.73,49.29,70.12,60.24,78.69,69.17,63.57,80.48,76.79,79.58,71.55,65.36,64.35,74.76,65.12,51.67,49.05,55.83,60.95,61.43,70.65,42.56,65.6,62.86,65.95,76.37,63.93
2021-03-21,64.4,67.74,78.1,71.9,43.45,65.36,57.14,47.56,53.33,74.52,81.07,63.81,61.34,53.69,71.25,71.55,87.98,76.31,82.86,81.73,49.29,70.12,60.24,78.69,69.17,63.57,80.48,76.79,79.58,71.55,65.36,64.33,74.76,65.12,51.67,52.62,55.83,60.95,61.43,70.65,42.56,65.6,62.86,65.95,76.37,63.93
2021-03-22,64.4,67.74,78.1,71.9,43.45,65.36,61.31,47.56,53.33,74.52,81.07,63.81,61.34,53.69,71.25,71.55,87.98,76.31,82.86,81.73,49.29,70.12,60.24,78.69,69.17,63.57,73.33,76.79,79.58,71.55,65.36,64.33,74.76,65.12,53.45,49.05,55.83,60.95,61.43,70.65,42.56,65.6,62.86,65.95,77.8,63.93
2021-03-23,64.4,67.74,78.1,71.9,43.45,65.36,61.31,47.56,53.33,74.52,81.07,63.81,61.34,53.69,71.25,71.55,87.98,76.31,82.86,81.73,49.29,70.12,60.24,78.69,69.17,63.57,73.33,76.79,79.58,71.55,65.36,64.33,74.76,65.12,53.45,49.05,60.12,60.95,61.43,70.65,42.56,65.6,62.86,65.95,77.8,63.93
2021-03-24,62.62,67.74,78.1,71.9,43.45,65.36,61.31,47.56,53.33,74.52,81.07,63.81,61.34,53.69,71.25,71.55,87.98,76.31,82.86,81.73,49.29,70.12,60.24,78.69,69.17,63.57,73.33,76.79,79.58,71.55,65.36,64.33,74.76,66.55,53.45,49.05,60.12,60.95,61.43,70.65,42.56,65.6,62.86,65.95,77.8,62.14
2021-03-25,62.62,67.74,78.1,71.9,43.45,65.36,61.31,47.56,53.33,74.52,81.07,63.81,61.34,53.69,71.25,71.55,87.98,76.31,82.86,81.73,49.29,70.12,60.24,78.69,69.17,63.57,73.33,76.79,79.58,71.55,65.36,64.33,74.76,66.55,69.52,49.05,60.12,60.95,61.43,71.55,42.56,65.6,62.86,65.95,77.8,62.14
2021-03-26,62.62,67.74,78.1,71.9,43.45,65.36,61.31,47.56,53.33,74.52,81.07,63.81,61.34,53.69,70.06,71.55,87.98,76.31,82.86,81.73,49.29,70.12,60.24,78.69,69.17,63.57,80.48,76.79,79.58,71.55,65.36,64.33,74.76,66.55,69.52,49.05,60.12,60.95,61.43,71.55,42.56,65.6,62.86,65.95,77.8,62.14
2021-03-27,62.62,67.74,78.1,72.38,43.45,65.36,61.31,47.56,53.33,74.52,81.07,63.81,61.34,53.69,70.06,71.55,87.98,76.31,82.86,81.73,49.29,71.9,60.24,78.69,69.17,65.95,80.48,76.79,79.58,71.55,65.36,64.33,69.4,66.55,69.52,52.62,60.12,60.95,61.43,71.55,42.56,65.6,62.86,65.95,77.8,62.14
2021-03-28,62.62,67.74,78.1,72.38,43.45,65.36,61.31,47.56,53.33,74.52,81.07,63.81,61.34,53.69,70.06,71.55,87.98,76.31,82.86,81.73,49.29,71.9,60.24,78.69,69.17,65.95,80.48,76.79,81.01,71.55,65.36,64.31,69.4,66.55,69.52,57.38,60.12,60.95,61.43,71.55,43.75,65.6,62.86,65.95,77.8,62.14
2021-03-29,62.62,67.74,78.1,72.38,43.45,70.12,61.31,47.56,53.33,74.52,81.07,65.0,61.34,53.69,70.06,71.55,87.98,76.31,82.86,81.73,49.29,71.9,60.24,78.69,69.17,65.95,80.48,76.79,81.01,71.55,65.36,64.31,69.4,66.55,69.52,53.81,58.33,60.95,61.43,71.55,43.75,65.6,69.4,65.95,77.8,62.14
2021-03-30,62.62,67.74,78.1,72.38,43.45,70.12,61.31,47.56,53.33,74.52,81.07,65.0,61.34,53.69,70.06,71.55,87.98,76.31,82.86,81.73,49.29,71.9,57.86,78.69,69.17,65.95,80.48,76.79,81.01,71.55,65.36,64.31,69.4,66.55,69.52,53.81,58.33,60.95,61.43,71.55,43.75,65.6,69.4,65.95,77.8,62.98
2021-03-31,62.62,67.74,78.1,72.38,43.45,70.12,61.31,47.56,53.33,74.52,81.07,65.0,61.33,53.69,70.06,71.55,87.98,76.31,82.86,81.73,49.29,71.9,57.86,78.69,69.17,65.95,80.48,76.79,81.01,71.55,65.36,64.31,69.4,66.55,69.52,53.81,58.33,60.95,61.43,71.55,43.75,65.6,69.4,65.95,77.8,62.98
2021-04-01,62.62,67.74,79.29,72.38,43.45,70.12,56.55,47.56,53.33,70.95,81.07,65.0,61.33,53.69,70.06,71.55,87.98,76.31,82.86,81.73,49.29,71.9,57.86,78.69,69.17,67.38,80.48,76.79,81.01,81.67,65.36,60.74,69.4,66.55,69.52,53.81,58.33,60.95,61.43,71.55,43.75,65.6,69.4,65.95,77.8,62.98
2021-04-02,62.62,67.74,79.29,74.76,43.45,70.12,56.55,47.56,53.33,69.76,81.07,65.0,61.33,53.69,70.06,71.55,87.98,76.31,82.86,81.73,49.29,71.9,57.86,78.69,69.17,67.38,80.48,76.79,81.01,81.67,65.36,60.74,69.4,66.55,69.52,59.52,58.33,60.95,61.43,71.55,43.75,65.6,69.4,65.95,77.8,62.98
2021-04-03,62.62,67.74,79.29,74.76,43.45,73.69,56.55,47.56,53.33,69.76,81.07,65.0,61.33,53.69,70.06,71.55,87.98,76.31,82.86,84.11,49.29,71.9,57.86,78.69,69.17,67.38,80.48,76.79,81.01,81.67,65.36,60.74,69.4,66.55,69.52,64.29,58.33,60.95,61.43,71.55,43.75,65.6,69.4,65.95,77.8,62.98
2021-04-04,62.62,67.74,79.29,74.76,43.45,73.69,56.55,47.56,53.33,69.76,81.07,65.0,61.33,53.69,70.06,71.55,87.98,76.31,82.86,84.11,49.29,71.9,57.86,78.69,69.17,67.38,80.48,76.79,81.01,81.67,65.36,60.72,69.4,66.55,69.52,67.86,58.33,60.95,61.43,71.55,43.75,65.6,69.4,65.95,77.8,62.98
2021-04-05,62.62,67.74,79.29,75.95,43.45,73.69,56.55,47.56,53.33,69.76,81.07,65.0,61.32,53.69,71.85,71.55,87.98,76.31,82.86,84.11,49.29,71.9,57.86,78.69,69.17,67.38,70.95,76.79,81.01,81.67,65.36,60.72,69.4,66.55,69.52,61.9,58.33,60.95,61.43,71.55,47.32,65.6,69.4,65.95,77.8,65.95
2021-04-06,62.62,67.74,81.67,75.95,43.45,73.69,56.55,47.56,62.86,69.76,81.07,65.0,61.32,53.69,74.23,71.55,87.98,76.31,82.86,79.35,49.29,68.33,59.29,78.69,69.17,67.38,70.95,76.79,81.01,81.67,65.36,60.72,69.4,66.55,69.52,61.9,58.33,60.0,61.43,71.55,47.32,65.6,69.4,65.95,77.8,65.95
2021-04-07,62.62,67.74,81.67,75.95,43.45,73.69,56.55,47.56,62.86,69.76,81.07,65.0,61.32,53.69,74.23,71.55,87.98,70.36,82.86,81.13,49.29,68.33,59.29,78.69,69.17,67.38,70.95,76.79,81.01,79.29,65.36,60.72,69.4,66.55,69.52,61.9,58.33,60.0,61.43,71.55,47.32,65.6,67.62,65.95,77.8,65.95
2021-04-08,62.62,67.74,81.67,75.95,43.45,73.69,56.55,47.56,62.86,69.76,81.07,65.0,61.32,53.69,74.23,71.55,87.98,70.36,82.86,81.13,49.29,68.33,59.29,78.69,69.17,67.38,70.95,76.79,81.01,79.29,65.36,60.72,69.4,66.55,69.52,61.9,58.33,60.0,61.43,71.55,47.32,65.6,67.62,65.95,77.8,65.95
2021-04-09,64.05,67.74,81.67,75.95,45.24,75.12,56.55,47.56,62.86,69.76,81.07,65.0,61.32,53.69,74.23,71.55,87.98,70.36,82.86,81.13,49.29,68.33,59.29,78.69,69.17,67.38,70.95,76.79,81.01,79.29,65.36,60.72,69.4,66.55,69.52,61.9,58.33,60.0,61.43,71.55,47.32,67.02,67.62,65.95,77.8,65.95
2021-04-10,64.05,67.74,81.67,75.95,45.24,75.12,56.55,47.56,62.86,69.76,81.07,65.0,61.32,53.69,74.23,71.55,87.98,70.36,82.86,81.13,49.29,68.33,59.29,80.12,69.17,67.38,70.95,76.79,81.01,79.29,65.36,60.72,69.4,66.55,69.52,69.05,58.33,60.0,61.43,71.55,47.32,67.02,67.62,65.95,77.8,65.95
2021-04-11,64.05,67.74,81.67,75.95,45.24,75.12,56.55,47.56,62.86,69.76,81.07,65.0,61.32,53.69,74.23,71.55,87.98,71.79,82.86,81.13,49.29,68.33,59.29,80.12,69.17,67.38,70.95,76.79,81.01,77.5,65.36,60.69,69.4,66.55,69.52,69.05,58.33,60.0,61.43,71.55,47.32,67.02,67.62,65.95,77.8,65.95
2021-04-12,64.05,64.17,81.67,75.95,45.24,75.12,56.55,47.56,62.86,69.76,66.79,65.0,61.32,53.69,75.65,71.55,87.98,71.79,80.48,81.13,49.29,68.33,59.29,77.74,69.17,67.38,70.95,76.79,79.82,72.74,65.36,60.69,63.45,66.55,69.52,61.9,58.33,60.0,61.43,71.55,47.32,64.64,67.62,65.95,77.8,65.95
2021-04-13,64.05,64.17,81.67,75.95,45.24,75.12,56.55,47.56,62.86,69.76,66.79,65.0,61.31,53.69,75.65,71.55,87.98,71.79,80.48,81.13,49.29,64.76,59.29,77.74,69.17,67.38,70.95,76.79,79.82,72.74,65.36,60.69,63.45,66.55,57.62,63.1,58.33,60.0,61.43,71.55,47.32,64.64,67.62,65.95,77.8,69.52
2021-04-14,64.05,64.17,81.67,75.95,45.24,75.12,56.55,47.56,62.86,69.76,66.79,65.0,61.31,53.69,75.65,71.55,87.98,71.79,80.48,81.13,49.29,64.76,59.29,77.74,69.17,67.38,70.95,76.79,79.82,72.74,65.36,60.69,63.45,66.55,57.62,63.1,58.33,60.0,61.43,71.55,47.32,64.64,67.62,65.95,77.8,69.52
2021-04-15,64.05,64.17,81.67,75.95,45.24,75.12,56.55,47.56,62.86,69.76,66.79,65.0,61.31,53.69,75.65,71.55,87.98,71.79,80.48,81.13,49.29,64.76,59.29,77.74,69.17,67.38,70.95,76.79,79.82,72.74,65.36,60.69,63.45,66.55,57.62,63.1,58.33,60.0,61.43,71.55,47.32,64.64,67.62,67.38,77.8,69.52
2021-04-16,64.05,64.17,81.67,75.95,45.24,75.12,56.55,47.56,62.86,69.76,66.79,65.0,61.3,53.69,75.65,71.55,87.98,71.79,80.48,82.56,49.29,64.76,59.29,77.74,69.17,67.38,70.95,76.79,79.82,72.74,65.36,60.69,63.45,66.55,57.62,63.1,58.33,60.0,62.86,69.76,47.32,64.64,67.62,67.38,77.8,69.52
2021-04-17,64.05,64.17,81.67,75.95,49.52,75.12,56.55,47.56,62.86,69.76,66.79,65.0,61.3,53.69,75.65,71.55,87.98,71.79,80.48,82.56,49.29,64.76,59.29,77.74,69.17,67.38,70.95,76.79,79.82,72.74,65.36,60.69,63.45,66.55,57.62,66.67,58.33,60.0,62.86,69.76,47.32,64.64,67.62,67.38,77.8,69.52
2021-04-18,64.05,64.17,81.67,75.95,49.52,75.12,56.55,47.56,62.86,69.76,66.79,65.0,61.3,53.69,75.65,71.55,87.98,71.79,80.48,82.56,49.29,64.76,59.29,77.74,69.17,67.38,70.95,76.79,79.82,72.74,65.36,60.67,63.45,66.55,57.62,66.67,58.33,60.0,62.86,69.76,47.32,64.64,67.62,67.38,77.8,69.52
2021-04-19,64.05,64.17,81.67,74.17,49.52,65.0,56.55,47.56,62.86,69.76,68.57,65.0,61.3,53.69,75.65,71.55,87.98,69.4,80.48,82.56,49.29,56.43,59.29,77.74,69.17,65.0,73.93,76.79,75.95,67.38,65.36,60.67,63.45,66.55,59.05,63.1,58.33,60.0,62.86,69.76,47.32,62.26,62.86,61.43,77.8,69.52
2021-04-20,64.05,64.17,81.67,74.17,49.52,65.0,56.55,47.56,62.86,69.76,68.57,65.0,61.3,53.69,75.65,71.55,87.98,69.4,80.48,82.56,49.29,56.43,59.29,77.74,69.17,65.0,73.93,76.79,75.95,67.38,65.36,60.67,63.45,66.55,59.05,58.33,58.33,60.0,62.86,69.76,43.75,62.26,62.86,61.43,77.8,69.52
2021-04-21,64.05,64.17,81.67,74.17,49.52,65.0,56.55,47.56,62.86,69.76,68.57,65.16,61.29,53.69,75.65,71.55,87.98,69.4,80.48,82.56,47.5,56.43,59.29,77.74,69.17,65.0,73.93,76.79,75.95,67.38,65.36,60.67,63.45,66.55,59.05,58.33,65.48,70.12,62.86,69.76,43.75,62.26,64.29,61.43,77.8,70.42
2021-04-22,64.05,64.17,81.67,74.17,49.52,65.0,56.55,47.56,62.86,69.76,68.57,65.16,61.29,53.69,75.65,71.55,83.69,69.4,80.48,82.56,47.5,56.43,59.29,77.74,69.17,65.0,73.93,76.79,75.95,67.38,65.36,60.67,63.45,66.55,60.83,58.33,65.48,70.12,62.86,69.76,43.75,62.26,64.29,61.43,77.8,70.42
2021-04-23,64.05,64.17,81.67,74.17,49.52,65.0,52.98,47.56,62.86,69.76,68.57,65.09,61.28,53.69,75.65,71.55,83.69,69.4,80.48,82.56,47.5,56.43,59.29,77.74,69.17,65.0,75.36,76.79,75.95,63.81,65.36,60.67,63.45,66.55,60.83,58.33,65.48,70.12,62.86,69.76,43.75,62.26,64.29,61.43,77.8,70.42
2021-04-24,64.05,64.17,81.67,74.17,49.52,65.0,52.98,47.56,62.86,69.76,68.57,65.09,61.28,53.69,75.65,71.55,83.69,69.4,80.48,82.56,47.5,56.43,59.29,77.74,69.17,65.0,75.36,76.79,75.95,63.81,65.36,60.67,63.45,66.55,60.83,61.9,65.48,70.12,62.86,69.76,43.75,62.26,64.29,61.43,77.8,70.42
2021-04-25,64.05,64.17,81.67,74.17,49.52,67.38,52.98,47.56,62.86,69.76,68.57,65.09,61.28,53.69,75.65,71.55,83.69,69.4,80.48,82.56,48.93,56.43,59.29,77.74,69.17,65.0,75.36,76.79,75.95,63.81,65.36,60.66,63.45,66.55,60.83,61.9,65.48,70.12,62.86,69.76,43.75,60.48,64.29,61.43,77.8,70.42
2021-04-26,64.05,64.17,80.48,75.95,49.52,67.38,52.98,47.56,62.86,73.33,68.57,65.09,61.28,53.69,75.65,71.55,83.69,69.4,80.48,80.77,48.93,54.05,59.29,75.36,66.79,63.81,75.36,76.79,75.95,61.43,65.36,60.66,63.45,66.55,60.83,58.33,65.48,70.12,62.86,69.76,43.75,58.1,67.86,61.43,77.8,70.42
2021-04-27,64.05,64.17,80.48,75.95,49.52,67.38,52.98,47.56,55.71,73.33,68.57,65.09,59.48,53.69,75.65,71.55,83.69,69.4,80.48,80.77,48.93,54.05,60.71,75.36,66.79,63.81,75.36,76.79,75.95,60.83,65.36,60.66,63.45,66.55,60.83,58.33,65.48,66.55,62.86,67.98,44.94,49.76,67.86,61.43,77.8,70.42
2021-04-28,64.05,64.17,80.48,75.95,49.52,67.38,52.98,47.56,55.71,73.33,68.57,65.09,59.48,53.69,75.65,71.55,83.69,69.4,80.48,80.77,48.93,54.05,60.71,75.36,64.4,63.81,75.36,76.79,75.95,60.83,65.36,60.66,63.45,66.55,60.83,58.33,65.48,66.55,62.86,67.98,44.94,49.76,67.86,61.43,77.8,70.42
2021-04-29,64.05,64.17,80.48,75.95,49.52,67.38,54.76,47.56,55.71,73.33,68.57,65.09,59.47,53.69,75.65,71.55,83.69,69.4,80.48,80.77,48.93,54.05,60.71,75.36,64.4,65.24,75.36,76.79,75.95,60.83,65.36,60.66,63.45,66.55,60.83,58.33,65.48,66.55,62.86,67.98,44.94,49.76,67.86,61.43,77.8,70.42
2021-04-30,64.05,64.17,80.48,75.95,49.52,67.38,54.76,47.56,55.71,73.33,68.57,65.0,59.46,53.69,75.65,71.55,83.69,69.4,80.48,80.77,50.36,54.05,60.71,75.36,64.4,65.24,76.55,76.79,75.95,60.83,65.36,60.66,63.45,66.55,60.83,58.33,65.48,67.14,62.86,67.98,44.94,49.76,67.86,61.43,77.8,70.42
2021-05-01,64.05,64.17,80.48,75.95,49.52,63.81,52.98,47.56,55.71,73.33,68.57,65.0,59.45,53.69,75.65,71.55,83.69,68.92,80.48,78.99,50.36,54.05,60.71,75.36,64.4,65.24,76.55,76.79,75.95,60.83,65.36,60.66,63.45,66.55,60.83,61.9,55.36,67.14,62.86,67.98,44.94,49.76,67.86,59.05,77.8,70.42
2021-05-02,64.05,64.17,80.48,75.95,49.52,63.81,52.98,47.56,55.71,73.33,68.57,65.0,59.45,53.69,75.65,71.55,83.69,68.9,80.48,78.99,50.36,54.05,60.71,75.36,64.4,65.24,76.55,76.79,75.95,60.83,65.36,60.65,63.45,66.55,60.83,61.9,55.36,67.14,62.86,67.98,44.94,49.76,67.86,59.05,77.8,73.99
2021-05-03,64.05,65.36,79.29,75.95,49.52,63.81,52.98,47.56,55.71,73.33,68.57,65.0,51.36,53.69,68.51,71.55,83.69,68.88,80.48,78.99,51.79,55.83,60.71,75.36,64.4,65.24,76.55,76.79,75.95,60.83,65.36,62.08,62.56,66.55,60.83,58.33,55.36,67.14,62.86,67.98,44.94,49.76,67.86,59.05,77.8,73.99
2021-05-04,64.05,65.36,79.29,75.95,49.52,63.81,52.98,47.56,55.71,73.33,68.57,65.0,51.35,53.69,68.51,71.55,83.69,68.86,80.48,78.99,51.79,55.83,60.71,75.36,64.4,64.05,76.55,76.79,75.95,60.83,65.36,62.08,62.56,66.55,60.83,61.9,55.36,67.14,62.86,67.98,44.94,49.76,67.86,59.05,77.8,73.99
2021-05-05,64.05,62.98,79.29,75.95,49.52,63.81,52.98,47.56,55.71,73.33,68.57,65.0,51.34,53.69,68.51,74.4,83.69,68.85,80.48,78.99,51.79,55.83,60.71,75.36,64.4,64.05,76.55,76.79,75.95,60.83,65.36,62.08,62.56,66.55,60.83,61.9,55.36,67.14,62.86,67.98,44.94,49.76,67.86,59.05,77.8,73.99
2021-05-06,64.05,62.98,79.29,75.95,49.52,63.81,52.98,47.56,55.71,73.33,68.57,63.21,51.33,53.69,68.51,74.4,83.69,68.83,80.48,78.99,51.79,55.83,60.71,75.36,64.4,63.89,76.55,76.79,75.95,60.83,65.36,62.08,62.56,66.55,60.83,61.9,55.36,67.14,62.86,64.4,44.94,49.76,67.86,59.05,77.8,73.99
2021-05-07,64.05,62.98,79.29,75.95,49.52,63.81,52.98,47.56,55.71,73.33,68.57,63.01,51.32,53.69,68.51,74.4,83.69,68.81,80.48,78.99,51.79,55.83,60.71,75.36,64.4,63.89,76.55,76.79,75.95,60.83,65.36,62.08,62.56,66.55,60.83,61.9,55.36,67.14,62.86,65.6,44.94,49.76,67.86,59.05,77.8,73.99
2021-05-08,64.05,62.98,79.29,75.95,49.52,61.43,52.98,47.56,55.71,73.33,68.57,63.01,51.32,53.69,68.51,74.4,83.69,68.81,80.48,78.99,51.79,55.83,60.71,75.36,64.4,62.1,76.55,76.79,75.95,60.83,65.36,62.08,62.56,66.55,60.83,65.48,55.36,67.14,62.86,65.6,44.94,49.76,67.86,59.05,77.8,60.3
2021-05-09,64.05,62.98,79.29,75.95,49.52,61.43,52.98,47.56,55.71,73.33,68.57,63.01,45.36,53.69,68.51,74.4,83.69,68.8,80.48,78.99,51.79,55.83,60.71,75.36,64.4,63.53,76.55,76.79,72.38,60.83,61.49,62.04,62.56,66.55,60.83,65.48,55.36,67.14,62.86,65.6,44.94,49.76,67.86,59.05,77.8,60.3
2021-05-10,64.05,62.98,82.14,77.38,49.52,61.43,52.98,47.56,55.71,72.98,68.57,63.01,45.36,53.69,68.51,74.4,83.69,68.8,64.4,76.61,51.79,55.83,60.71,68.21,64.4,63.52,76.55,76.79,72.38,60.83,61.49,62.04,62.56,66.55,49.4,58.33,53.57,67.14,62.86,65.6,44.94,49.76,67.86,59.05,77.8,60.3
2021-05-11,58.1,62.98,80.95,77.38,49.52,61.43,52.98,47.56,55.71,72.98,66.79,63.01,45.36,53.69,68.51,74.4,83.69,68.8,64.4,76.61,51.79,55.83,60.71,68.21,64.4,63.52,70.0,76.79,74.17,63.69,61.49,62.04,62.56,66.55,49.4,58.33,53.57,68.57,62.86,65.6,44.94,49.76,67.86,59.05,77.8,60.3
2021-05-12,58.1,62.98,80.95,77.38,49.52,61.43,52.98,47.56,55.71,72.98,66.79,63.01,45.35,53.69,68.51,74.4,83.69,68.78,64.4,76.61,51.79,55.83,60.71,68.21,64.4,63.52,70.0,76.79,68.21,63.69,61.49,62.04,62.56,66.55,49.4,58.33,53.57,68.57,62.86,65.6,44.94,49.76,67.86,59.05,77.8,60.3
2021-05-13,58.1,62.98,80.95,77.38,49.52,61.43,52.98,47.56,55.71,72.98,66.79,63.01,45.34,53.69,68.51,74.4,83.69,70.2,64.4,76.61,51.79,55.83,60.71,68.21,64.4,63.5,70.0,76.79,68.21,63.69,61.49,62.04,62.56,66.55,49.4,58.33,53.57,68.57,62.86,65.6,44.94,51.19,67.86,59.05,77.8,60.6
2021-05-14,58.1,62.98,80.95,77.38,47.74,61.43,52.98,47.56,55.71,72.98,66.79,62.84,45.33,53.69,68.51,74.4,78.07,70.2,64.4,76.61,51.79,55.83,60.71,68.21,64.4,63.49,70.0,76.79,68.21,63.69,61.49,62.04,62.56,66.55,49.4,58.33,53.57,68.57,62.86,65.6,44.94,51.19,67.86,59.05,77.8,60.6
2021-05-15,58.1,62.98,80.95,77.38,47.74,61.43,52.98,47.56,55.71,72.98,66.79,62.84,45.33,53.69,68.51,74.4,78.06,70.18,64.4,76.61,51.79,55.83,60.71,68.21,64.4,61.11,70.0,55.36,63.45,61.9,61.49,62.04,62.56,66.55,49.4,61.9,53.57,68.57,62.86,65.6,44.94,51.19,67.86,59.05,77.8,60.6
2021-05-16,58.1,62.98,76.19,77.38,47.74,61.43,52.98,47.56,55.71,72.98,66.79,62.84,45.33,53.69,68.51,74.4,78.06,70.18,64.4,76.61,51.79,55.83,58.93,68.21,64.4,61.1,70.0,55.36,63.45,61.9,61.49,61.99,62.56,66.55,49.4,61.9,53.57,68.57,62.86,65.6,44.94,51.19,67.86,59.05,77.8,60.6
2021-05-17,58.1,62.98,76.19,77.38,47.74,61.43,52.98,47.56,55.71,72.98,63.21,62.84,44.37,53.69,68.51,74.4,78.05,70.17,64.4,78.04,51.79,57.26,58.93,67.26,64.4,61.1,70.0,55.36,62.26,61.9,61.49,61.99,64.35,66.55,49.4,58.33,53.57,68.57,62.86,65.6,44.94,51.19,67.86,59.05,79.27,60.6
2021-05-18,58.1,62.98,76.19,77.38,47.74,61.43,52.98,47.56,55.71,72.98,63.21,62.84,51.52,53.69,68.51,74.4,72.09,57.08,64.4,78.04,51.79,57.26,58.93,67.26,64.4,61.09,70.0,60.71,62.26,61.9,62.92,61.99,64.35,66.55,49.4,58.33,53.57,68.57,62.86,64.4,44.94,51.19,67.86,59.05,79.26,60.6
2021-05-19,58.1,62.98,76.55,77.38,47.74,61.43,52.98,47.56,55.71,72.98,63.21,62.84,51.51,53.69,62.56,74.4,72.09,57.07,64.4,78.04,51.79,57.26,58.93,67.26,64.4,61.09,70.0,60.71,62.26,61.9,62.92,61.99,64.35,66.55,49.4,58.33,53.57,68.57,62.86,64.4,44.94,51.19,67.86,59.05,79.26,60.6
2021-05-20,58.1,62.98,75.72,77.38,47.74,61.43,52.98,47.56,53.93,72.98,63.21,62.84,51.5,53.69,62.56,74.4,72.08,57.05,64.4,78.04,51.79,57.26,58.93,67.26,64.4,61.08,70.0,60.71,62.26,61.9,62.92,61.99,64.35,66.55,49.4,58.33,53.57,68.57,62.86,64.4,44.94,51.19,67.86,59.05,79.26,60.6
2021-05-21,58.1,54.05,75.34,77.38,47.74,61.43,52.98,47.56,53.93,72.98,63.21,57.94,51.48,53.69,62.56,74.4,72.08,57.03,64.4,78.04,51.79,57.26,58.93,67.26,64.4,61.07,70.0,60.71,62.26,61.9,62.92,61.99,64.35,66.55,49.4,58.33,53.57,68.57,62.86,64.4,44.94,51.19,67.86,59.05,79.25,60.6
2021-05-22,58.1,54.05,75.34,77.38,47.74,61.43,52.98,47.56,53.93,72.98,63.21,57.94,51.48,53.69,62.56,77.98,72.07,57.02,64.4,78.04,51.79,57.26,58.93,67.26,64.4,61.06,70.0,60.71,62.26,61.9,62.92,60.8,64.35,66.55,49.4,61.9,53.57,68.57,62.86,63.51,44.94,51.19,67.86,59.05,79.25,60.6
2021-05-23,58.1,54.05,75.34,77.38,47.74,61.43,52.98,47.56,53.93,72.98,67.02,57.94,51.48,53.69,62.56,77.98,72.07,57.02,64.4,78.04,51.79,71.19,58.93,67.26,64.4,61.06,70.0,60.71,62.26,61.9,62.92,60.73,64.35,66.55,49.4,61.9,53.57,68.57,62.86,63.51,44.94,51.19,67.86,59.05,79.25,60.6
2021-05-24,58.1,54.05,75.34,75.0,47.74,62.86,52.98,47.56,53.93,72.98,67.02,57.94,51.48,53.69,62.56,77.98,72.07,57.01,64.4,76.25,51.79,64.22,58.93,67.26,64.4,61.05,70.0,60.71,61.9,61.9,62.92,60.73,64.35,66.55,49.4,58.33,53.57,68.57,62.86,63.51,44.94,51.19,57.14,59.05,79.24,60.6
2021-05-25,58.1,54.05,75.34,75.0,47.74,62.86,52.98,51.9,53.93,71.19,67.02,57.94,51.47,53.69,62.56,77.98,70.64,56.98,64.4,76.25,51.79,64.18,58.93,67.26,64.4,61.05,70.0,60.71,61.9,50.6,62.92,60.73,64.35,66.55,49.4,58.33,53.57,68.57,62.86,63.51,44.94,51.19,57.14,59.05,79.24,51.07
2021-05-26,58.1,54.05,75.34,75.0,47.74,62.86,52.98,51.9,53.93,71.19,67.02,57.94,51.46,53.69,62.56,77.98,70.63,56.95,64.4,76.25,51.79,64.12,58.93,67.26,64.4,61.04,70.0,60.71,61.9,50.6,62.92,60.73,64.35,66.55,49.4,58.33,53.57,68.57,62.86,61.73,44.94,51.19,57.14,59.05,79.24,51.07
2021-05-27,58.1,54.05,75.34,75.0,44.17,62.86,52.98,51.9,53.93,71.19,67.02,57.94,51.45,53.69,62.56,77.98,70.62,56.92,64.4,79.23,51.79,56.92,58.93,67.26,64.4,61.03,70.0,60.71,61.9,50.6,62.92,60.73,64.35,66.55,49.4,58.33,53.57,65.0,62.86,58.15,44.94,51.19,57.14,59.05,79.24,51.07
2021-05-28,58.1,56.43,74.84,75.0,44.17,62.86,52.98,51.9,53.93,71.19,67.02,57.87,51.43,53.69,62.56,77.98,70.61,56.89,64.4,79.23,51.79,56.86,58.93,67.26,64.4,57.45,70.0,60.71,61.9,50.6,62.92,60.73,64.35,66.55,49.4,58.33,53.57,65.0,62.86,59.58,44.94,51.19,57.14,59.05,79.24,51.07
2021-05-29,58.1,56.43,74.84,75.0,44.17,62.86,52.98,51.9,53.93,71.19,67.02,57.87,51.43,53.69,62.56,77.98,70.61,56.88,64.4,79.23,51.79,56.83,58.93,67.26,64.4,57.44,70.0,60.71,61.9,50.6,62.92,60.73,64.35,66.55,49.4,61.9,53.57,65.0,62.86,59.58,44.94,51.19,57.14,59.05,79.24,51.07
2021-05-30,58.1,56.43,74.84,75.0,44.17,62.86,52.98,51.9,53.93,71.19,67.02,57.87,51.43,53.69,62.56,77.98,70.61,56.88,64.4,79.23,51.79,56.83,58.93,67.26,64.4,57.43,70.0,60.71,61.84,50.6,62.92,60.64,64.35,66.55,49.4,61.9,53.57,65.0,62.86,59.58,44.94,51.19,57.14,59.05,79.23,51.07
2021-05-31,58.1,56.43,74.84,66.07,44.17,62.86,52.98,51.9,53.93,71.19,67.02,59.3,51.43,53.69,63.99,74.4,70.6,56.87,64.4,79.23,51.79,58.2,58.93,67.26,64.4,57.42,70.0,60.71,61.84,50.6,62.92,60.64,64.35,66.55,49.4,58.33,53.57,65.0,64.29,59.58,44.94,51.19,57.14,55.48,79.23,51.07
2021-06-01,58.1,52.86,74.84,66.07,44.17,62.86,57.14,51.9,53.93,69.08,67.02,59.3,51.42,55.12,63.99,74.4,70.59,56.86,64.4,79.23,47.62,58.13,58.93,67.26,64.4,57.41,70.0,55.95,61.84,50.6,62.92,56.12,64.35,66.55,49.4,58.33,53.57,70.95,64.29,59.58,44.94,51.19,52.38,55.48,72.69,62.86
2021-06-02,58.1,52.86,74.84,66.07,44.17,62.86,57.14,51.9,53.93,69.02,67.02,59.3,51.41,53.33,63.99,74.4,70.58,56.85,64.4,79.23,47.62,58.04,58.93,67.26,64.4,57.39,70.0,55.94,61.84,50.6,62.92,56.12,64.35,66.55,49.4,58.33,53.57,70.95,64.29,59.58,44.94,51.19,52.38,55.48,72.68,62.86
2021-06-03,58.1,52.86,74.84,66.07,44.17,62.86,57.14,51.9,53.93,68.98,67.02,59.3,51.4,53.33,63.99,74.4,70.57,56.83,64.4,80.65,47.62,57.97,58.93,67.26,64.4,57.39,70.0,55.93,61.84,50.6,62.92,56.12,64.35,66.55,49.4,58.33,53.57,70.95,64.29,59.58,44.94,51.19,52.38,55.48,72.68,62.86
2021-06-04,58.1,52.86,74.25,66.07,44.17,62.86,57.14,51.9,53.93,68.98,68.45,59.18,51.39,53.33,63.99,74.4,70.56,56.83,64.4,80.65,47.62,57.88,58.93,67.26,64.4,57.38,70.0,55.91,61.84,50.6,61.13,56.12,64.35,66.55,49.4,58.33,53.57,70.95,64.29,59.58,44.94,51.19,52.38,55.48,72.68,62.86
2021-06-05,58.1,52.86,74.25,66.07,44.17,62.86,57.14,51.9,53.93,68.98,68.45,59.18,51.39,53.33,63.99,74.4,70.55,56.79,64.4,80.65,47.62,57.86,58.93,67.26,65.83,57.37,70.0,55.9,61.84,51.97,61.13,56.12,57.2,66.55,49.4,61.9,53.57,70.95,64.29,59.58,44.94,51.19,52.38,55.48,72.67,62.86
2021-06-06,58.1,52.86,74.25,66.07,44.17,62.86,57.14,51.9,53.93,68.9,68.45,59.18,51.38,53.33,63.99,74.4,70.55,56.79,64.4,80.65,47.62,57.86,58.93,67.26,65.83,55.58,70.0,55.89,61.77,51.97,61.13,55.99,57.2,66.55,49.4,66.67,53.57,70.95,64.29,59.58,44.94,51.19,52.38,55.48,72.67,62.86
2021-06-07,58.1,47.5,74.25,66.07,44.17,62.86,57.14,51.9,45.0,68.86,66.07,59.18,51.37,53.33,63.99,74.4,70.54,56.78,60.83,80.65,47.62,57.79,58.93,64.88,65.83,55.58,70.0,55.88,63.2,56.52,61.13,55.99,57.2,66.55,49.4,63.1,53.57,70.95,64.29,59.58,44.94,51.19,48.21,55.48,72.67,62.86
2021-06-08,58.1,47.5,74.25,66.07,44.17,62.86,57.14,51.9,45.0,64.07,66.07,59.18,51.37,53.33,63.99,74.4,64.82,56.77,60.83,80.65,47.62,57.72,58.93,64.88,65.83,55.56,70.0,55.87,63.2,56.49,54.58,55.99,57.2,66.55,49.4,63.1,53.57,70.95,64.29,59.58,44.94,51.19,48.21,55.48,72.67,62.86
2021-06-09,58.1,47.5,74.25,65.58,44.17,62.86,57.14,51.9,45.0,64.01,66.07,59.18,51.35,53.33,63.63,74.4,64.81,56.76,60.83,80.65,47.62,57.65,58.93,64.88,65.83,55.55,70.0,55.86,63.2,56.44,54.58,55.99,57.2,66.55,49.4,63.1,53.57,70.95,64.29,59.58,44.94,51.19,48.21,55.48,72.66,62.86
2021-06-10,58.1,47.5,68.89,65.58,44.17,62.86,57.14,51.9,45.0,63.96,66.07,59.18,51.34,53.33,63.62,74.4,64.8,56.75,60.83,80.65,47.62,57.57,58.93,64.88,65.83,55.54,70.0,55.85,63.2,56.37,54.58,55.99,57.2,66.55,49.4,63.1,53.57,70.95,64.29,59.58,44.94,51.19,48.21,55.48,72.66,62.86
2021-06-11,58.1,47.5,68.17,65.58,44.17,62.86,57.14,51.9,45.0,63.94,66.07,59.05,49.54,52.14,63.61,74.4,64.78,56.75,60.83,80.65,47.62,57.52,58.93,64.88,65.83,55.53,70.0,55.85,63.2,56.31,54.58,55.99,57.2,66.55,49.4,63.1,53.57,70.95,64.29,59.58,44.94,51.19,48.21,55.48,72.66,62.86
2021-06-12,58.1,47.5,68.17,65.57,44.17,62.86,57.14,51.9,45.0,63.87,66.07,59.05,49.53,52.14,63.61,74.4,64.77,56.75,60.83,80.65,47.62,57.5,58.93,64.88,67.26,55.52,70.0,55.84,63.2,56.28,54.58,55.99,57.2,66.55,49.4,66.67,53.57,70.95,61.9,59.58,44.94,51.19,48.21,55.48,72.66,62.86
2021-06-13,58.1,47.5,68.17,65.57,44.17,62.86,57.14,51.9,45.0,63.87,66.07,59.05,49.53,52.14,63.61,74.4,64.77,56.74,60.83,80.65,47.62,57.49,58.79,64.88,67.26,55.51,70.0,55.83,63.12,56.28,54.58,54.95,57.2,66.55,49.4,66.67,53.57,70.95,61.9,59.58,44.94,51.19,48.21,55.48,72.66,62.86
2021-06-14,59.52,47.5,68.17,65.57,44.17,62.86,57.14,51.9,45.0,63.87,62.5,59.05,49.52,53.57,63.6,74.4,64.75,56.73,60.83,80.65,47.62,57.42,58.79,64.88,67.26,55.51,70.0,55.83,63.12,56.27,54.58,54.95,57.2,66.55,49.4,63.1,53.57,70.95,61.9,59.58,60.71,51.19,48.21,55.48,72.65,62.86
2021-06-15,59.52,47.5,68.17,65.57,44.17,62.86,57.14,51.9,45.0,63.8,62.5,59.05,41.77,53.57,63.59,74.4,64.74,56.72,60.83,80.65,42.26,54.97,56.41,64.88,67.26,55.51,70.0,55.82,63.12,56.25,54.58,54.95,57.2,66.55,47.62,63.1,53.57,70.95,61.9,59.58,60.71,51.19,48.21,55.48,72.65,62.86
2021-06-16,59.52,47.5,68.17,65.56,44.17,62.86,57.14,51.9,45.0,63.74,62.5,59.05,41.76,53.57,63.58,74.4,66.16,56.71,60.83,80.65,42.26,54.87,56.41,64.88,67.26,55.48,70.0,55.81,63.12,59.78,54.58,54.95,57.2,66.55,47.62,63.1,53.57,70.95,61.9,59.58,60.71,51.19,48.21,55.48,72.65,61.07
2021-06-17,59.52,47.5,68.17,65.56,44.17,62.86,57.14,51.9,45.0,63.68,62.5,59.05,41.74,53.57,60.0,74.4,66.14,56.7,60.83,80.65,42.26,54.79,56.41,64.88,67.26,55.47,70.0,55.81,63.12,59.73,54.58,54.95,57.2,66.55,47.62,63.1,53.57,70.95,61.9,59.58,60.71,51.19,48.21,55.48,72.64,61.67
2021-06-18,59.52,47.5,67.45,65.55,44.17,62.86,57.14,51.9,50.95,63.68,62.5,55.32,41.73,53.57,59.98,74.4,66.13,56.7,60.83,80.65,42.26,54.7,56.41,64.88,67.26,55.46,75.36,55.8,63.12,59.69,54.58,54.95,57.2,66.55,47.62,63.1,53.57,70.95,61.9,59.58,59.82,51.19,48.21,55.48,72.64,61.67
2021-06-19,59.52,47.5,67.45,65.55,44.17,64.29,57.14,51.9,50.95,63.59,62.5,55.32,41.72,53.57,59.98,74.4,66.12,56.7,60.83,80.65,42.26,54.68,56.41,64.88,67.26,55.45,71.79,55.8,63.12,59.69,54.58,54.95,57.2,66.55,47.62,66.67,53.57,70.95,60.12,59.58,59.82,51.19,48.21,56.9,72.64,61.67
2021-06-20,59.52,47.5,67.45,65.53,44.17,64.29,57.14,51.9,50.95,63.59,62.5,55.32,41.72,53.57,55.21,74.4,66.12,56.67,62.26,80.65,42.26,54.68,56.41,64.88,67.26,55.45,71.79,55.79,63.04,59.68,54.58,54.8,57.2,66.55,47.62,66.67,53.57,70.95,60.12,59.58,59.82,51.19,48.21,56.9,72.63,61.67
2021-06-21,59.52,47.5,67.45,65.53,44.17,64.29,57.14,51.9,50.95,63.59,62.5,55.32,41.71,53.57,55.2,74.4,66.12,56.65,62.26,79.76,42.26,54.62,56.41,64.88,67.26,55.44,66.43,55.79,63.04,59.67,53.39,54.8,57.2,66.55,47.62,63.1,53.57,70.95,60.12,59.58,59.82,51.19,48.21,56.9,72.63,61.67
2021-06-22,59.52,47.5,67.45,65.52,44.17,64.29,57.14,51.9,50.95,61.8,62.5,55.32,41.7,53.57,55.18,74.4,66.7,56.64,62.26,79.76,42.26,54.53,56.41,64.88,67.26,55.43,66.43,55.78,63.04,59.64,53.39,54.8,57.2,52.5,49.4,63.1,53.57,70.95,60.12,59.58,59.82,51.19,48.21,56.9,72.63,61.67
2021-06-23,59.52,47.5,67.45,65.51,44.17,64.29,54.17,51.9,50.95,61.7,62.5,55.32,39.92,53.57,55.17,74.4,66.69,56.63,62.26,79.76,42.26,54.43,56.41,64.88,63.69,55.42,66.43,55.78,63.04,59.58,53.39,54.8,57.2,52.5,49.4,63.1,53.57,70.95,60.12,59.58,59.82,51.19,48.21,56.9,72.63,61.67
2021-06-24,59.52,47.5,67.45,65.49,41.19,64.29,54.17,51.9,50.95,61.63,62.5,55.32,39.92,53.57,55.16,74.4,66.68,56.61,62.26,79.76,42.26,54.4,56.41,64.88,63.69,55.41,66.43,55.77,63.04,59.5,53.39,54.8,58.63,52.5,49.4,63.1,53.57,70.95,60.12,59.58,59.82,51.19,48.21,56.9,72.63,61.67
2021-06-25,59.52,47.5,66.62,65.48,41.19,64.29,54.17,51.9,47.38,61.63,62.5,55.12,39.91,53.57,55.15,74.4,66.67,56.61,62.26,79.76,42.26,54.29,56.41,64.88,63.69,55.41,71.79,55.77,63.04,59.5,53.39,54.8,58.63,52.5,49.4,63.1,53.57,70.95,60.12,59.58,59.82,51.19,48.21,56.9,72.63,61.67
2021-06-26,59.52,47.5,66.62,65.46,41.19,64.29,54.17,51.9,47.38,61.63,62.5,55.12,39.9,53.57,55.14,74.4,66.65,56.61,62.26,79.76,42.26,54.26,56.41,64.88,42.26,49.43,71.79,55.77,63.04,59.49,49.82,54.8,58.63,52.5,36.31,66.67,53.57,70.95,55.36,59.58,59.82,51.19,48.21,54.52,72.62,61.67
2021-06-27,59.52,47.5,66.62,65.44,41.19,64.29,54.17,51.9,47.38,61.63,62.5,55.12,39.9,53.57,55.13,74.4,66.64,56.58,62.26,79.76,42.26,54.24,56.41,64.88,42.26,49.43,71.79,55.76,62.97,59.49,49.82,54.68,58.63,52.5,36.31,66.67,53.57,70.95,55.36,59.58,65.77,51.19,48.21,54.52,72.62,61.67
2021-06-28,61.31,47.5,66.62,65.44,41.19,64.29,54.17,51.9,47.38,63.06,62.5,55.12,39.89,53.57,55.12,74.4,64.25,56.58,62.26,77.08,42.26,54.17,56.41,62.5,42.26,49.42,67.62,55.76,51.36,59.47,49.82,54.68,58.63,52.5,36.31,63.1,53.57,70.95,55.36,59.58,70.54,51.19,48.21,54.52,72.62,59.29
2021-06-29,61.31,47.5,66.62,65.42,41.19,64.29,54.17,51.9,47.38,63.06,57.74,55.12,39.88,53.57,55.11,74.4,64.24,44.05,62.26,77.08,42.26,54.08,56.41,62.5,42.26,49.41,67.62,55.75,51.36,59.43,49.82,54.68,58.63,52.5,36.31,63.1,53.57,68.57,49.05,59.58,61.61,51.19,50.0,54.52,72.62,59.29
2021-06-30,61.31,47.5,66.62,65.4,41.19,64.29,54.17,51.9,47.38,62.85,57.74,55.12,39.87,53.57,54.2,74.4,64.23,44.05,62.26,77.08,42.26,54.0,56.41,62.5,42.26,49.4,67.62,55.75,51.36,59.39,49.82,54.68,58.63,35.83,36.31,63.1,53.57,68.57,49.05,59.58,61.61,47.62,50.0,54.52,72.61,59.29
2021-07-01,61.31,47.5,64.45,63.36,41.19,64.29,54.17,51.9,46.77,62.85,57.74,56.55,39.87,51.19,54.19,74.4,64.22,44.05,62.26,61.91,42.26,49.18,56.41,60.71,42.26,49.39,67.62,54.92,51.36,59.33,49.82,51.11,58.63,35.83,32.74,63.1,53.57,68.57,48.9,59.58,61.61,47.62,50.0,54.52,44.17,59.29
2021-07-02,61.31,47.5,63.58,63.34,41.19,64.29,54.17,51.9,46.66,62.68,57.74,54.51,39.86,51.19,54.18,74.4,64.22,44.05,62.26,61.9,42.26,49.12,56.41,60.71,42.26,49.38,74.17,54.91,51.36,59.29,49.82,51.11,58.63,35.83,32.74,63.1,53.57,68.57,48.9,59.58,61.61,47.62,50.0,54.52,44.17,59.29
2021-07-03,61.31,47.5,63.58,63.31,41.19,64.29,54.17,51.9,46.6,62.65,57.74,54.51,39.85,51.19,54.17,74.4,64.21,44.05,62.26,61.89,42.26,49.1,56.41,60.71,42.26,49.38,74.17,54.91,51.36,59.28,48.04,51.11,58.63,35.83,32.74,66.67,53.57,68.57,48.9,57.8,61.61,47.62,50.0,54.52,44.17,59.29
2021-07-04,61.31,47.5,63.58,63.29,41.19,64.29,54.17,51.9,46.6,62.65,57.74,54.51,39.85,51.19,54.16,74.4,64.2,44.05,58.69,61.88,42.26,49.1,56.41,60.71,42.26,49.38,74.17,54.9,51.31,59.28,49.82,51.0,58.63,35.83,32.74,66.67,53.57,68.57,48.9,57.8,61.61,47.62,50.0,54.52,44.17,59.29
2021-07-05,61.31,47.5,63.58,63.29,41.19,64.29,54.17,51.9,46.57,62.54,57.74,54.51,39.84,51.19,54.15,74.4,64.19,44.05,58.33,61.87,42.26,49.06,56.41,57.14,42.26,49.37,68.81,54.9,51.31,59.26,49.82,51.0,58.63,35.83,32.74,63.1,53.57,61.43,48.9,57.8,61.61,47.62,50.0,54.52,44.17,54.52
2021-07-06,61.31,47.5,63.58,63.27,41.19,64.29,54.17,43.33,46.52,62.47,55.95,54.51,33.88,51.19,54.14,74.4,61.5,44.05,57.57,61.86,42.26,49.04,56.41,57.14,42.26,49.36,68.81,54.89,51.31,59.24,49.82,51.0,58.63,35.83,32.74,58.33,53.57,61.43,48.9,57.8,50.89,47.62,50.0,54.52,44.17,54.52
2021-07-07,61.31,47.5,63.58,63.24,41.19,64.29,54.17,43.33,46.48,62.39,55.95,54.51,33.87,51.19,54.13,74.4,61.5,44.05,57.55,61.85,42.26,48.99,56.41,57.14,42.26,49.35,68.81,54.89,51.31,59.2,49.82,51.0,58.63,35.83,32.74,58.33,53.57,61.43,48.9,57.8,50.89,47.62,50.0,54.52,44.17,54.52
2021-07-08,61.31,47.5,63.58,63.22,41.19,64.29,54.17,43.33,46.48,62.34,55.95,54.51,33.86,51.19,54.12,74.4,61.49,44.05,57.54,61.83,42.26,48.94,56.41,57.14,42.26,49.34,68.81,54.88,51.31,59.16,49.82,51.0,58.63,35.83,32.74,58.33,53.57,61.43,48.81,57.8,50.89,47.62,50.0,54.52,44.17,54.52
2021-07-09,61.31,47.5,62.85,63.2,41.19,64.29,54.17,43.33,46.4,62.31,55.09,54.27,33.86,51.19,52.91,74.4,61.48,44.05,57.53,61.82,42.26,48.89,56.41,57.14,42.26,49.33,67.62,54.88,51.31,59.13,49.82,51.0,58.63,35.83,32.74,58.33,53.57,61.43,48.81,57.8,50.89,47.62,50.0,54.52,44.17,54.52
2021-07-10,61.31,47.5,62.85,63.18,41.19,64.29,54.17,43.33,46.37,62.28,55.08,54.27,33.85,51.19,52.9,74.4,61.47,44.05,57.52,61.81,42.26,48.88,56.41,57.14,44.64,49.33,67.62,54.88,51.31,59.13,49.82,51.0,58.63,35.83,32.74,61.9,53.57,61.43,48.81,57.8,50.89,47.62,50.0,54.52,44.17,54.52
2021-07-11,61.31,47.5,62.85,63.16,41.19,64.29,54.17,43.33,46.37,62.28,55.07,54.27,33.85,51.19,52.9,74.4,61.47,44.05,57.51,61.79,42.26,48.88,56.41,57.14,44.64,49.32,67.62,54.87,51.27,59.13,51.25,50.93,58.63,35.83,32.74,61.9,53.57,61.43,48.81,57.8,50.89,47.62,50.0,54.52,44.17,54.52
2021-07-12,61.31,47.5,62.85,63.16,41.19,64.29,54.17,43.33,46.34,62.23,55.06,54.27,33.84,51.19,54.67,74.4,61.46,44.05,57.49,61.78,42.26,48.84,56.41,57.14,44.64,49.31,67.62,54.87,51.27,59.11,51.25,50.93,58.63,35.83,32.74,57.14,53.57,61.43,48.81,57.8,48.04,47.62,55.36,54.52,44.17,54.52
2021-07-13,61.31,47.5,62.85,63.14,41.19,64.29,54.17,43.33,46.32,62.2,55.04,54.27,33.84,51.19,54.66,74.4,67.27,44.05,57.47,61.77,42.26,48.81,56.41,57.14,44.64,49.31,67.62,54.86,51.27,52.56,51.25,50.93,58.63,35.83,32.74,57.14,53.57,61.43,48.81,57.8,48.03,47.62,55.36,54.52,44.17,54.52
2021-07-14,61.31,47.5,62.85,63.12,41.19,64.29,54.17,43.33,46.29,62.17,55.03,54.27,33.83,51.19,54.66,74.4,67.23,44.05,57.46,79.91,42.26,48.79,56.41,59.52,44.64,49.29,67.62,54.86,51.27,52.53,51.25,52.36,58.63,35.83,32.74,57.14,53.57,61.43,48.81,57.8,48.03,47.62,55.36,54.52,44.17,54.52
2021-07-15,61.31,47.5,62.85,63.11,41.19,64.29,54.17,43.33,46.29,62.16,55.01,54.27,33.82,51.19,54.64,74.4,67.2,44.05,57.45,79.89,42.26,48.76,56.41,59.52,44.64,49.29,67.62,54.85,51.27,52.5,51.25,42.84,58.63,35.83,32.74,57.14,53.57,61.43,48.74,57.8,48.02,47.62,55.36,54.52,44.17,54.52
2021-07-16,61.31,48.93,62.21,63.09,41.19,64.29,54.17,43.33,46.21,62.16,55.0,53.96,33.82,51.19,54.63,74.4,67.16,44.05,57.44,79.87,42.26,48.72,56.41,59.52,44.64,49.29,67.62,54.85,51.27,52.48,51.25,42.84,58.63,35.83,32.74,57.14,53.57,61.43,48.74,57.8,48.0,47.62,55.36,54.52,44.17,54.52
2021-07-17,61.31,48.93,62.21,63.08,41.19,64.29,54.17,43.33,46.2,62.12,54.99,53.96,33.82,51.19,53.88,74.4,67.12,44.05,57.43,79.86,42.26,48.71,56.41,59.52,44.64,49.27,67.62,54.85,51.27,52.47,52.44,42.84,58.63,35.83,32.74,60.71,53.57,61.43,48.74,57.8,48.0,47.62,55.36,54.52,44.17,54.52
2021-07-18,59.52,48.93,62.21,63.06,41.19,64.29,54.17,43.33,46.2,62.12,54.98,53.96,33.81,51.19,53.88,74.4,67.12,44.05,57.42,79.85,42.26,48.71,56.41,59.52,44.64,49.27,67.62,54.84,51.24,52.47,52.44,42.79,58.63,35.83,32.74,60.71,53.57,61.43,48.74,57.8,48.0,47.62,55.36,54.52,44.17,54.52
2021-07-19,59.52,48.93,62.21,63.06,41.19,64.29,54.17,43.33,46.2,62.08,54.97,53.96,33.81,51.19,53.86,74.4,67.08,44.05,57.41,79.84,42.26,48.68,56.41,59.52,44.64,49.27,67.62,54.84,50.62,52.46,52.44,42.79,51.79,35.83,32.74,51.79,53.57,61.43,48.74,57.8,48.51,47.62,55.36,54.52,44.17,54.52
2021-07-20,59.52,48.93,62.21,63.05,41.19,64.29,54.17,47.62,46.18,62.97,54.95,53.96,33.8,51.19,53.83,74.4,72.39,44.05,57.4,80.72,42.26,48.66,54.03,59.52,48.21,49.26,67.62,54.83,50.62,52.45,50.65,42.79,51.79,35.83,32.74,51.79,53.57,61.43,48.74,55.42,48.51,47.62,55.36,54.52,44.17,54.52
2021-07-21,59.52,48.93,62.21,63.05,40.0,64.29,54.17,47.62,46.17,62.95,54.94,53.96,33.79,51.19,51.09,74.4,72.36,44.05,57.4,80.7,42.26,48.63,54.03,59.52,48.21,49.25,67.62,54.83,50.62,52.43,50.65,42.79,51.79,38.69,32.74,51.79,53.57,61.43,48.74,55.42,48.51,47.62,55.36,55.95,44.17,54.52
2021-07-22,59.52,48.93,62.21,63.04,40.0,64.29,54.17,47.62,46.17,62.93,54.92,53.96,33.79,51.19,51.03,74.4,72.32,44.05,57.39,80.69,42.26,48.6,54.03,59.52,48.21,49.25,67.62,54.82,50.62,52.41,53.59,42.79,51.79,38.69,32.74,51.79,53.57,59.35,48.71,55.42,48.51,47.62,55.36,55.95,44.17,54.52
2021-07-23,59.52,43.21,61.63,63.04,40.0,64.29,54.17,47.62,43.78,62.93,57.89,53.64,33.78,51.19,50.97,74.4,72.29,44.05,57.38,79.78,42.26,48.58,54.03,59.52,48.21,49.24,67.62,54.82,50.62,52.39,53.59,42.79,51.79,38.69,32.74,51.79,53.57,59.35,48.71,55.42,48.51,47.62,55.36,55.95,44.17,54.52
2021-07-24,59.52,43.21,61.63,62.99,40.0,64.29,54.17,47.62,43.78,62.89,57.89,53.64,33.78,51.19,50.93,74.4,72.25,44.05,57.38,79.77,42.26,48.57,54.03,59.52,48.21,49.24,67.62,54.82,50.62,52.38,53.59,42.79,51.79,38.69,32.74,55.36,53.57,59.35,48.71,55.42,48.51,47.62,55.36,55.95,44.17,54.52
2021-07-25,59.52,43.21,61.63,62.97,40.0,64.29,54.17,47.62,43.77,62.88,57.88,53.64,33.78,51.19,50.92,74.4,72.25,44.05,57.37,79.76,42.26,48.57,54.03,59.52,48.21,49.24,67.62,54.81,50.57,52.38,55.0,42.72,51.79,38.69,45.83,55.36,53.57,59.35,48.71,55.42,48.51,47.62,55.36,55.95,44.17,54.52
2021-07-26,59.52,43.21,61.63,62.97,40.0,64.29,54.17,42.26,44.65,62.88,57.87,53.64,33.77,51.19,53.25,74.4,72.21,44.05,57.36,79.75,42.26,48.54,54.03,59.52,48.21,49.23,67.62,54.81,50.57,52.37,55.0,42.72,51.79,38.69,45.83,51.79,53.57,59.35,48.71,55.42,48.51,47.62,55.36,55.95,44.17,54.52
2021-07-27,59.52,43.21,61.63,62.95,40.0,64.29,54.17,42.26,44.65,66.42,57.86,53.64,35.55,51.19,53.2,74.4,72.17,44.05,57.35,79.74,42.26,48.52,54.03,59.52,48.21,45.66,67.62,54.8,50.57,52.36,54.99,42.72,51.79,38.69,45.83,51.79,53.57,59.35,48.71,55.42,48.51,47.62,55.36,55.95,44.17,54.52
2021-07-28,59.52,43.21,61.63,62.92,40.0,64.29,54.17,42.26,44.64,66.39,57.85,53.64,35.55,51.19,53.16,74.4,72.14,44.05,57.34,79.72,42.26,48.5,54.03,59.52,48.21,45.66,69.05,54.8,50.57,52.35,54.98,42.72,51.79,38.69,45.83,51.79,53.57,59.35,48.71,55.42,48.51,47.62,55.36,55.95,44.17,54.52
2021-07-29,59.52,44.64,61.63,62.9,40.0,64.29,54.17,42.26,44.64,66.35,57.84,53.64,35.54,51.19,53.11,74.4,72.11,44.05,57.33,79.71,42.26,48.47,54.03,59.52,48.21,45.65,69.05,54.79,50.57,52.32,54.98,42.72,51.79,38.69,45.83,51.79,53.57,59.35,48.71,55.42,48.51,47.62,55.36,55.95,44.17,54.52
2021-07-30,59.52,44.64,61.12,62.87,40.0,61.9,54.17,42.26,44.63,66.35,57.83,53.39,35.54,51.19,53.07,74.4,72.07,44.05,57.32,68.69,42.26,48.45,54.03,59.52,48.21,45.65,69.05,54.79,50.57,52.3,54.98,42.72,51.79,38.69,45.83,51.79,53.57,59.35,49.49,55.42,48.51,47.62,55.36,55.95,44.17,54.52
2021-07-31,59.52,44.64,61.12,62.85,40.0,61.9,54.17,42.26,44.62,66.35,57.82,56.96,35.54,50.3,53.04,74.4,72.04,44.05,57.32,68.69,42.26,48.43,54.03,59.52,51.79,45.65,69.05,54.79,50.57,52.3,54.98,42.72,51.79,38.69,45.83,55.36,53.57,59.35,49.49,55.42,48.51,47.62,48.21,55.95,44.17,54.52
2021-08-01,59.52,44.64,61.12,62.83,40.0,61.9,38.1,42.26,44.62,66.35,59.73,56.96,35.54,50.3,53.03,72.62,72.04,44.05,57.31,65.79,42.26,48.42,54.03,59.52,51.79,45.64,64.9,54.78,50.52,52.3,54.97,42.63,51.79,38.69,45.83,55.36,53.57,59.35,49.49,55.42,48.51,47.62,48.21,55.95,44.17,54.52
2021-08-02,59.52,44.64,61.12,62.83,40.0,61.9,38.1,42.26,44.57,66.24,59.71,56.96,35.53,50.3,53.0,72.62,72.02,44.05,57.31,65.75,42.26,48.38,54.03,59.52,51.79,45.64,64.9,54.78,50.52,52.29,54.96,42.63,51.79,38.69,45.83,51.79,53.57,59.35,49.49,55.42,59.23,47.62,48.21,55.95,44.17,52.14
2021-08-03,63.1,44.64,61.12,62.81,40.0,61.9,38.1,42.26,45.99,66.2,59.69,56.96,35.53,50.3,52.96,69.05,71.99,44.05,57.3,65.71,42.26,48.36,54.03,59.52,51.79,45.64,64.9,54.78,50.52,52.28,54.95,42.63,51.79,38.69,45.83,51.79,53.57,59.35,49.49,55.42,59.23,47.62,48.21,55.95,44.17,52.14
2021-08-04,63.1,44.64,61.12,62.79,40.0,61.9,38.1,51.19,45.99,66.17,59.66,56.96,35.52,50.3,52.93,69.05,71.97,44.05,57.29,65.68,42.26,48.33,54.03,59.52,51.79,45.64,64.9,54.77,50.52,52.26,54.95,42.63,51.79,38.69,45.83,51.79,53.57,59.35,49.49,55.42,59.23,47.62,48.21,55.95,44.17,52.14
2021-08-05,63.1,44.64,61.12,62.77,40.0,61.9,38.1,51.19,45.99,66.12,59.64,56.96,35.52,50.3,52.9,69.05,71.94,44.05,57.28,65.64,42.26,48.27,54.03,59.52,51.79,45.63,64.9,54.77,50.52,52.24,54.94,42.63,51.79,38.69,45.83,51.79,53.57,59.35,49.41,55.42,59.23,47.62,48.21,55.95,44.17,53.83
2021-08-06,63.1,44.64,60.68,62.77,40.0,61.9,38.1,51.19,45.98,66.12,59.62,56.69,35.51,50.3,52.85,69.05,71.92,44.05,57.27,67.17,42.26,48.21,54.03,57.14,51.79,45.63,64.55,54.76,50.52,54.0,54.94,42.63,51.79,38.69,45.83,51.79,53.57,59.35,49.41,55.42,59.23,47.62,48.21,55.95,44.17,53.82
2021-08-07,63.1,44.64,60.68,62.74,40.0,61.9,38.1,51.19,45.98,66.08,59.61,56.69,35.51,50.3,52.83,69.05,71.9,44.05,57.27,67.13,42.26,48.2,54.03,57.14,51.79,45.63,64.55,54.76,50.52,54.0,54.94,42.63,51.79,38.69,45.83,55.36,53.57,59.35,49.41,56.85,59.23,47.62,48.21,55.95,44.17,53.82
2021-08-08,63.1,44.64,60.68,62.73,40.0,61.9,38.1,51.19,45.98,66.08,59.6,56.69,35.51,50.3,52.82,69.05,71.89,44.05,57.26,67.11,42.26,48.19,54.03,57.14,51.79,45.63,64.55,54.76,50.48,54.0,54.93,42.53,51.79,38.69,45.83,55.36,53.57,59.35,49.41,56.85,59.23,47.62,48.21,55.95,44.17,53.82
2021-08-09,63.1,44.64,60.68,62.73,40.0,61.9,38.1,51.19,45.97,66.04,59.57,56.69,35.51,50.3,59.84,69.05,71.87,44.05,57.25,67.06,42.26,48.15,54.03,57.14,51.79,44.56,64.55,64.28,50.48,53.99,54.93,42.53,51.79,38.69,45.83,51.79,53.57,59.35,49.41,56.85,59.23,47.62,48.21,55.95,44.17,53.82
2021-08-10,63.1,44.64,60.68,62.72,40.0,61.9,38.1,51.19,45.97,66.0,59.55,56.69,35.5,50.3,59.72,69.05,71.85,44.05,57.24,67.03,42.26,48.1,54.03,57.14,51.79,44.55,64.55,64.27,50.48,53.98,54.92,42.53,51.79,38.69,45.83,51.79,50.0,59.35,49.41,56.85,56.85,47.62,48.21,55.95,44.17,53.82
2021-08-11,63.1,44.64,64.59,62.7,40.0,61.9,38.1,51.19,45.96,65.96,59.52,56.69,35.5,50.3,59.62,69.05,71.83,44.05,57.23,67.0,42.26,48.06,54.03,57.14,51.79,44.55,64.55,64.27,50.48,53.96,54.92,38.95,51.79,38.69,45.83,51.79,50.0,59.35,49.41,56.85,56.85,47.62,48.21,55.95,44.17,53.81
2021-08-12,63.1,44.64,64.59,62.69,40.0,61.9,38.1,51.19,45.96,65.93,59.5,56.69,35.49,50.3,59.51,69.05,71.82,44.05,57.22,66.97,42.26,48.0,54.03,57.14,51.79,44.54,64.55,64.27,50.48,53.94,54.46,38.95,51.79,38.69,45.83,51.79,50.0,59.94,49.41,56.85,56.85,47.62,48.21,55.95,40.49,53.81
2021-08-13,63.1,44.64,64.25,62.68,40.0,61.9,38.1,51.19,45.95,65.89,59.48,56.35,35.49,50.3,59.4,69.05,71.8,44.05,57.22,66.94,42.26,47.94,54.03,57.14,51.79,44.54,64.3,64.26,50.48,53.92,54.46,38.95,51.79,45.83,45.83,51.79,50.0,56.07,49.41,51.49,56.85,47.62,48.21,55.95,40.47,53.81
2021-08-14,63.1,44.64,64.25,62.66,40.0,61.9,38.1,51.19,45.95,65.89,59.47,56.35,35.49,50.3,59.32,69.05,71.79,44.05,57.21,66.93,42.26,47.93,54.03,57.14,54.17,44.53,64.3,64.26,50.48,53.92,54.46,38.95,51.79,57.14,45.83,55.36,50.0,56.07,49.41,51.49,56.85,47.62,48.21,55.95,40.44,53.81
2021-08-15,63.1,44.64,64.25,62.65,40.0,61.9,38.1,51.19,45.95,65.89,54.11,56.35,35.48,50.3,59.3,69.05,71.79,44.05,57.21,66.93,42.26,47.93,54.03,57.14,54.17,44.53,64.3,64.26,50.44,53.92,54.46,38.84,51.79,57.14,45.83,55.36,50.0,56.07,49.41,51.49,56.85,47.62,48.21,55.95,40.43,53.81
2021-08-16,63.1,44.64,64.25,62.65,42.86,61.9,38.1,51.19,45.94,65.85,52.3,56.35,35.48,50.3,59.17,69.05,71.77,44.05,57.2,66.91,42.26,47.87,54.03,57.14,54.17,44.53,64.3,64.25,42.63,53.9,54.46,38.84,51.79,57.14,45.83,53.57,43.45,56.07,49.41,51.49,56.85,47.62,48.21,55.95,40.41,53.8
2021-08-17,63.1,44.64,64.25,62.64,42.86,61.9,38.1,48.81,45.94,65.81,52.29,56.35,35.48,50.3,59.04,69.05,71.76,44.05,57.19,66.88,42.26,47.83,54.03,57.14,54.17,44.52,64.3,64.25,42.63,49.73,54.46,38.84,51.79,57.14,45.83,53.57,43.45,56.07,49.41,51.49,56.85,47.62,48.21,55.95,40.39,53.8
2021-08-18,63.1,44.64,64.25,62.63,42.86,61.9,38.1,48.81,45.93,65.79,51.08,56.35,35.47,50.3,58.91,69.05,71.74,44.05,57.18,66.86,42.26,47.76,54.03,57.14,54.17,44.51,64.3,64.24,42.63,49.71,54.46,38.84,51.79,57.14,45.83,53.57,43.45,56.07,49.41,51.49,56.85,47.62,48.21,55.95,40.36,53.8
2021-08-19,63.1,44.64,64.25,62.62,42.86,61.9,38.1,48.81,45.93,65.79,51.05,56.35,35.47,50.3,58.78,69.05,71.73,44.05,57.17,66.84,42.26,47.7,54.03,57.14,54.17,44.51,64.3,64.24,42.63,49.69,54.46,38.84,51.79,57.14,45.83,53.57,43.45,56.07,49.12,51.49,56.85,47.62,48.21,55.95,40.34,53.79
2021-08-20,63.1,44.64,63.99,62.61,42.86,61.9,38.1,48.81,45.92,65.74,51.03,56.14,35.47,50.3,58.64,67.26,71.72,43.08,57.17,66.82,42.26,47.65,54.03,57.14,54.17,44.5,64.13,64.23,42.63,49.68,54.46,38.84,51.79,57.14,45.83,53.57,43.45,56.07,49.12,51.49,56.85,47.62,47.02,55.95,40.32,53.79
2021-08-21,63.1,47.02,63.99,62.6,42.86,61.9,38.1,48.81,45.92,65.74,51.02,56.14,35.47,50.3,58.54,67.26,71.71,43.08,57.16,66.81,42.26,47.64,54.03,57.14,54.17,44.5,64.13,64.23,42.63,49.68,54.46,38.84,51.79,57.14,45.83,57.14,43.45,56.07,49.12,54.76,56.85,47.62,47.02,55.95,40.31,53.79
2021-08-22,63.1,47.02,63.99,62.59,42.86,61.9,38.1,48.81,45.92,65.74,51.02,56.14,35.46,50.3,58.51,67.26,71.71,43.08,57.16,66.79,42.26,47.64,54.03,57.14,54.17,44.5,64.13,64.23,42.57,49.68,54.46,38.7,51.79,57.14,45.83,57.14,43.45,56.07,49.12,54.76,56.85,47.62,47.02,55.95,40.3,53.79
2021-08-23,63.1,47.02,63.99,62.59,42.86,61.9,38.1,48.81,45.92,65.74,51.0,56.14,35.46,50.3,58.37,57.56,71.69,43.08,57.15,66.76,42.26,47.59,54.03,57.14,54.17,44.5,60.56,64.22,42.57,49.66,54.46,38.7,51.79,57.14,45.83,53.57,43.45,56.07,49.12,54.76,62.8,54.76,47.02,55.95,40.29,53.79
2021-08-24,63.1,47.02,63.99,62.58,42.86,61.9,38.1,48.81,45.91,65.74,50.98,56.14,35.46,50.3,58.22,57.52,71.09,43.08,57.14,66.74,42.26,49.93,54.03,57.14,54.17,44.49,60.56,64.22,42.57,49.65,54.46,38.7,51.79,57.14,45.83,53.57,43.45,56.07,49.12,54.76,62.8,54.76,47.02,55.95,40.27,53.79
2021-08-25,63.1,47.02,63.99,62.56,42.86,61.9,38.1,48.81,45.91,65.74,50.96,56.14,35.45,50.3,58.08,57.48,71.08,43.08,57.13,66.71,42.26,49.89,54.03,57.14,54.17,44.49,60.56,64.22,42.57,49.64,54.46,38.7,51.79,57.14,45.83,53.57,43.45,56.07,49.12,54.76,62.8,54.76,47.02,55.95,40.26,53.78
2021-08-26,63.1,47.02,63.99,62.54,42.86,61.9,38.1,48.81,45.9,65.61,50.95,56.14,39.03,50.3,57.95,57.45,71.07,43.08,57.13,66.68,42.26,49.84,54.03,57.14,54.17,44.48,60.56,64.21,42.57,49.62,54.46,38.7,51.79,57.14,45.83,53.57,43.45,56.07,48.91,54.76,62.8,54.76,47.02,55.95,40.24,53.77
2021-08-27,63.1,47.02,63.85,62.52,42.86,61.9,38.1,48.81,45.9,65.61,50.93,56.0,39.02,50.3,57.79,57.42,71.05,43.08,57.12,66.65,42.26,49.79,54.03,57.14,54.17,44.48,60.46,64.21,42.57,49.6,54.46,38.7,51.79,57.14,45.83,53.57,43.45,56.07,48.91,54.76,62.8,54.76,47.02,55.95,40.23,53.77
2021-08-28,63.1,47.02,63.85,63.86,42.86,61.9,38.1,48.81,45.9,65.61,50.93,56.0,39.02,50.3,57.7,56.93,71.04,43.08,57.12,66.62,42.26,49.79,54.03,57.14,54.17,44.47,60.46,64.2,42.57,49.6,54.46,38.7,51.79,57.14,45.83,57.14,43.45,56.07,48.91,54.76,62.8,54.76,47.02,55.95,40.22,53.77
2021-08-29,63.1,47.02,63.85,63.79,42.86,61.9,38.1,48.81,45.9,65.61,50.92,56.0,39.02,50.3,57.66,56.92,71.04,43.08,57.12,66.61,42.26,49.79,54.03,57.14,54.17,44.47,60.46,64.2,42.52,49.6,54.46,38.57,51.79,57.14,45.83,57.14,43.45,56.07,48.91,54.76,62.8,54.76,47.02,55.95,40.22,53.77
2021-08-30,63.1,47.02,63.85,63.79,42.86,61.9,38.1,48.81,45.89,65.55,54.49,56.0,39.01,50.3,57.53,56.9,71.03,43.08,58.24,68.36,42.26,49.75,54.03,57.14,54.17,44.47,60.46,64.2,42.52,49.59,54.46,38.57,51.79,57.14,45.83,53.57,43.45,56.07,48.91,54.76,62.8,54.76,47.02,55.95,40.21,53.76
2021-08-31,63.1,47.02,63.85,63.75,42.86,61.9,38.1,37.5,46.07,65.55,54.48,56.0,39.01,47.32,57.4,56.88,71.02,43.07,58.23,68.33,42.26,49.72,54.03,57.14,54.17,44.46,60.46,64.19,42.52,49.58,54.46,38.57,51.79,57.14,45.83,68.15,43.45,56.07,48.91,54.76,62.8,54.76,47.02,55.95,40.19,53.76
2021-09-01,63.1,47.02,63.85,64.46,42.86,59.23,35.12,37.5,46.06,65.53,54.47,50.05,39.01,47.32,58.36,56.85,71.02,43.07,59.44,70.52,39.88,49.69,54.03,57.14,54.17,44.46,60.46,64.19,42.52,49.57,54.46,38.57,51.79,57.14,45.83,68.15,45.83,53.69,48.91,54.76,62.8,54.76,47.02,55.95,40.18,53.75
2021-09-02,63.1,47.02,63.85,64.39,42.86,59.23,35.12,37.5,46.05,65.51,54.46,50.05,39.0,47.32,58.25,56.82,71.01,43.07,59.43,70.47,39.88,49.65,54.03,57.14,54.17,44.46,60.46,64.19,42.52,49.55,54.46,38.57,51.79,57.14,45.83,68.15,45.83,53.69,48.79,54.76,62.8,54.76,47.02,55.95,40.16,53.75
2021-09-03,63.1,47.02,63.74,64.32,42.86,59.23,35.12,37.5,46.05,65.48,54.45,49.96,39.0,47.32,58.13,56.8,71.0,43.07,59.42,70.42,39.88,49.62,54.03,57.14,54.17,44.45,63.82,64.18,42.52,49.54,54.46,38.57,51.79,57.14,45.83,68.15,45.83,53.69,48.79,54.76,62.8,54.76,47.02,55.95,40.14,53.74
2021-09-04,63.1,47.02,63.74,64.25,42.86,59.23,40.48,37.5,46.05,65.48,54.45,49.96,39.0,47.32,58.03,56.79,71.0,43.07,59.41,70.38,39.88,49.62,54.03,57.14,54.17,44.45,63.82,64.18,42.52,49.54,54.46,38.57,51.79,57.14,45.83,71.73,45.83,53.69,48.79,54.76,62.8,54.76,47.02,55.95,40.13,53.74
2021-09-05,63.1,47.02,63.74,64.19,42.86,59.23,40.48,37.5,46.05,65.48,54.45,49.96,38.99,47.32,58.01,56.78,71.0,43.07,59.4,70.36,39.88,49.62,54.03,57.14,54.17,44.45,63.82,64.18,42.47,49.54,54.46,38.47,51.79,57.14,45.83,71.73,45.83,53.69,48.79,54.76,62.8,54.76,47.02,55.95,40.12,53.74
2021-09-06,63.1,48.81,63.74,64.19,42.86,59.23,40.48,37.5,46.04,65.46,54.44,49.96,38.99,47.32,57.93,56.77,70.99,43.06,59.4,70.31,39.88,49.59,54.03,57.14,54.17,44.45,63.82,64.18,42.47,49.53,54.46,38.47,51.79,57.14,45.83,68.15,45.83,48.93,48.79,54.76,62.8,54.76,44.64,55.95,45.89,53.74
2021-09-07,63.1,48.81,63.74,64.11,42.86,59.23,50.0,37.5,46.04,65.46,54.43,49.96,38.99,47.32,57.85,56.75,70.98,44.85,59.39,70.26,39.88,49.56,54.03,57.14,56.55,44.44,63.82,64.18,42.47,49.52,54.46,38.47,51.79,57.14,45.83,68.15,45.83,48.93,48.79,54.76,62.8,54.76,44.64,55.95,45.78,53.73
2021-09-08,63.1,48.81,63.74,64.11,42.86,59.23,50.0,37.5,46.04,65.42,54.43,49.96,38.98,47.32,57.77,56.72,70.97,44.84,59.38,70.21,39.88,49.54,54.03,57.14,56.55,44.44,63.82,64.17,42.47,49.5,54.46,38.47,51.79,57.14,45.83,68.15,45.83,48.93,48.79,54.76,62.8,54.76,44.64,55.95,45.68,53.73
2021-09-09,63.1,48.81,59.81,63.97,42.86,59.23,50.0,37.5,46.04,65.41,54.42,49.96,38.98,47.32,57.69,56.69,70.96,44.84,59.37,70.15,39.88,49.51,54.03,57.14,56.55,44.44,63.82,64.17,42.47,49.48,54.46,38.47,51.79,57.14,45.83,68.15,45.83,48.93,48.73,54.76,62.8,54.76,44.64,55.95,45.59,53.72
2021-09-10,63.1,48.81,59.72,63.9,42.86,59.23,50.0,37.5,46.04,65.41,54.42,45.32,38.98,47.32,57.61,56.68,70.95,44.84,59.36,70.1,39.88,49.48,54.03,57.14,56.55,44.43,63.6,64.17,42.47,49.47,54.46,38.47,50.0,57.14,45.83,68.15,45.83,48.93,48.73,54.76,68.75,54.76,44.64,55.95,45.48,53.72
2021-09-11,63.1,48.81,59.72,63.9,42.86,59.23,50.0,37.5,46.04,65.38,54.41,44.64,38.97,47.32,57.53,53.09,70.94,44.84,59.35,70.06,39.88,49.48,54.03,57.14,56.55,44.43,63.6,64.16,42.47,49.46,54.46,38.47,50.0,57.14,45.83,71.73,45.83,48.93,48.73,54.76,68.75,54.76,44.64,55.95,45.41,53.71
2021-09-12,63.1,48.81,59.72,63.76,42.86,59.23,50.0,37.5,46.04,65.38,54.41,44.64,38.97,47.32,57.52,53.09,70.94,44.84,59.34,70.04,39.88,49.48,54.03,57.14,56.55,44.43,63.6,64.16,42.42,49.46,54.46,38.39,50.0,57.14,45.83,71.73,45.83,48.93,48.73,54.76,68.75,54.76,44.64,55.95,45.37,53.71
2021-09-13,63.1,48.81,59.72,63.76,42.86,59.23,50.0,37.5,46.04,65.36,54.41,44.64,38.97,47.32,58.36,53.07,77.29,43.04,59.33,69.98,39.88,55.73,54.03,57.14,56.55,44.43,61.82,64.75,47.18,49.45,54.46,38.39,50.0,50.0,45.83,68.15,45.83,48.93,48.73,54.76,68.75,54.76,44.64,59.52,45.27,53.71
2021-09-14,63.1,48.81,59.72,63.67,42.86,59.23,50.0,37.5,46.04,65.35,54.4,44.64,38.96,47.32,58.3,53.05,77.29,43.04,59.33,69.94,39.88,50.94,54.03,57.14,56.55,44.43,61.82,64.75,47.18,51.81,54.46,38.39,50.0,50.0,45.83,68.15,45.83,48.93,48.73,54.76,66.37,54.76,44.64,59.52,45.18,53.71
2021-09-15,63.1,48.81,60.07,63.58,42.86,59.23,50.0,37.5,46.04,65.34,54.4,44.64,38.96,47.32,58.23,53.02,77.28,43.04,59.32,69.89,39.88,50.92,54.03,57.14,56.55,44.42,61.82,64.74,47.18,53.07,50.89,38.39,50.0,54.76,45.83,68.15,57.14,48.93,48.73,54.76,66.37,54.76,44.64,59.52,45.1,53.7
2021-09-16,63.1,48.81,60.07,63.5,42.86,59.23,50.0,37.5,46.04,65.32,54.39,44.64,38.96,47.32,58.18,52.99,77.27,43.03,59.31,69.85,39.88,50.89,54.03,57.14,56.55,44.42,61.82,64.74,47.18,53.02,50.89,38.39,50.0,54.76,45.83,68.15,57.14,48.93,48.63,54.76,66.37,54.76,44.64,59.52,45.02,53.7
2021-09-17,63.1,48.81,59.97,63.5,42.86,59.23,50.0,37.5,46.04,65.32,54.39,44.64,38.95,47.32,58.11,52.97,77.26,43.03,59.3,69.81,39.88,50.86,54.03,57.14,56.55,42.7,61.64,64.74,47.18,52.99,50.89,38.39,50.0,54.76,45.83,68.15,57.14,48.93,48.63,52.98,66.37,54.76,44.64,59.52,44.93,60.84
2021-09-18,63.1,48.81,65.33,63.5,42.86,59.23,50.0,37.5,46.04,65.32,54.39,44.64,38.95,47.32,58.05,52.96,75.72,43.03,59.29,69.78,39.88,50.85,54.03,57.14,56.55,42.7,61.64,64.73,47.18,52.98,50.89,38.39,50.0,54.76,45.83,71.73,57.14,44.76,48.63,52.98,66.37,54.76,44.64,59.52,44.88,60.84
2021-09-19,63.1,48.81,65.33,63.27,42.86,59.23,50.0,37.5,49.62,65.32,54.38,44.64,38.95,47.32,58.04,52.95,75.72,43.03,59.29,69.75,39.88,50.85,54.03,57.14,56.55,42.69,61.64,64.73,47.14,52.97,50.89,38.33,50.0,54.76,45.83,71.73,57.14,44.76,48.63,52.98,66.37,54.76,44.64,59.52,44.84,60.84
2021-09-20,63.1,48.81,65.33,63.27,42.86,59.23,50.0,37.5,49.62,65.32,54.38,44.64,38.94,47.32,58.0,52.94,75.71,43.02,58.7,69.7,39.88,50.83,54.03,57.14,56.55,42.69,61.64,66.16,48.92,52.96,50.89,38.33,50.0,54.76,45.83,68.15,57.14,44.76,48.63,52.98,66.37,54.76,44.64,59.52,44.76,59.29
2021-09-21,63.1,48.81,65.33,63.18,42.86,59.23,50.0,37.5,49.62,66.19,54.38,44.64,38.94,47.32,57.96,52.59,75.71,43.01,58.69,69.66,39.88,50.8,49.26,57.14,56.55,42.69,61.64,66.16,48.92,54.73,50.89,38.33,50.0,54.76,45.83,68.15,57.14,44.76,48.63,52.98,66.37,54.76,44.64,59.52,44.69,59.29
2021-09-22,63.1,48.81,65.33,63.09,42.86,59.23,50.0,37.5,49.62,66.18,54.37,44.64,38.93,47.32,57.9,52.56,75.71,43.01,58.68,69.62,39.88,50.78,49.26,57.14,56.55,42.68,61.64,66.16,48.92,54.72,50.89,38.33,50.0,54.76,45.83,68.15,57.14,44.76,48.63,52.98,66.37,54.76,54.17,59.52,44.61,59.29
2021-09-23,63.1,48.81,67.5,63.0,42.86,59.23,50.0,37.5,49.62,66.17,54.37,44.64,38.93,47.32,57.86,52.54,75.7,43.0,58.68,69.58,39.88,50.75,49.26,57.14,56.55,42.67,61.64,66.16,48.92,54.69,50.89,38.33,50.0,54.76,45.83,68.15,57.14,44.76,48.63,52.98,66.37,54.76,54.17,59.52,44.54,58.45
2021-09-24,63.1,48.81,67.42,62.92,42.86,59.23,50.0,37.5,49.62,66.17,54.36,44.64,38.92,47.32,57.8,52.52,75.7,43.0,58.67,69.54,39.88,50.72,46.88,57.14,56.55,42.67,61.56,66.16,48.92,54.66,50.89,38.33,50.0,54.76,45.83,68.15,57.14,44.76,48.63,52.98,66.37,54.76,54.17,59.52,44.46,58.44
2021-09-25,63.1,48.81,67.42,62.83,42.86,59.23,50.0,37.5,49.62,66.17,54.36,44.64,38.92,47.32,57.75,52.51,75.69,43.0,58.67,69.51,39.88,50.72,46.88,57.14,56.36,42.67,61.56,66.16,48.92,54.66,50.89,38.33,50.0,54.76,45.83,71.73,57.14,44.76,48.63,35.71,66.37,54.76,54.17,59.52,44.41,58.44
2021-09-26,63.1,48.81,67.42,62.75,42.86,59.23,50.0,37.5,49.62,66.17,54.36,44.64,41.3,47.32,55.95,52.5,75.69,42.99,58.66,69.49,39.88,50.72,46.88,57.14,56.36,42.67,61.56,66.16,48.89,54.66,50.89,38.29,50.0,54.76,45.83,71.73,57.14,44.76,48.63,35.71,66.37,54.76,54.17,59.52,44.37,58.44
2021-09-27,63.1,48.81,67.42,62.74,42.86,59.23,50.0,37.5,49.62,66.1,54.36,44.64,41.3,47.32,55.92,52.49,75.69,42.98,58.66,69.45,39.88,50.69,54.03,57.14,56.36,42.67,61.56,66.15,48.89,54.64,50.89,38.29,50.0,54.76,45.83,64.58,57.14,44.76,43.87,35.71,66.37,54.76,54.17,59.52,42.86,58.44
2021-09-28,63.1,48.81,67.42,60.36,42.86,59.23,50.0,37.5,49.62,60.74,54.36,42.86,38.91,41.07,55.88,52.47,75.68,42.98,58.66,69.42,39.88,50.67,54.03,57.14,56.36,42.67,61.56,69.73,48.89,54.62,50.89,38.29,50.0,54.76,45.83,64.58,57.14,44.76,43.87,35.71,62.2,54.76,54.17,59.52,44.22,58.44
2021-09-29,63.1,46.43,62.07,60.17,42.86,59.23,50.0,37.5,49.62,60.71,54.35,42.86,41.29,41.07,55.84,52.45,75.68,42.98,58.66,69.39,39.88,50.64,54.03,57.14,56.36,42.66,61.56,69.73,48.89,54.61,50.89,26.99,50.0,54.76,45.83,64.58,57.14,44.76,43.87,35.71,62.2,54.76,54.17,59.52,44.22,58.44
2021-09-30,63.1,46.43,62.07,60.07,42.86,59.23,50.0,37.5,49.62,60.71,54.35,42.86,41.29,41.07,55.81,52.43,75.68,42.97,58.65,69.36,39.88,50.61,54.03,57.14,56.36,42.66,61.56,69.72,48.89,54.58,50.89,26.99,50.0,54.76,45.83,64.58,57.14,44.76,43.87,35.71,62.2,54.76,54.17,59.52,44.08,58.43
2021-10-01,60.71,46.43,62.0,67.17,42.86,49.56,50.0,37.5,49.62,60.71,54.34,42.86,41.28,41.07,55.77,51.78,75.67,42.97,58.65,69.34,39.88,50.58,54.03,57.14,56.34,42.65,60.82,69.72,48.89,54.56,53.87,26.99,49.21,54.76,44.64,64.58,57.14,47.04,46.25,35.71,62.2,54.76,54.17,59.52,44.0,58.43
2021-10-02,60.71,46.43,62.0,67.02,42.86,49.55,50.0,37.5,49.62,60.68,54.34,42.86,41.28,41.07,55.73,51.78,75.67,42.97,58.65,69.32,39.88,50.58,54.03,57.14,56.34,42.64,60.82,69.93,48.89,54.56,53.87,26.99,49.21,54.76,44.64,68.15,57.14,47.04,46.25,35.71,62.2,54.76,54.17,59.52,43.96,58.43
2021-10-03,60.71,46.43,62.0,66.89,42.86,49.55,50.0,37.5,49.62,60.68,54.34,42.86,41.28,41.07,54.84,51.78,75.67,42.97,58.65,69.31,39.88,50.58,54.03,57.14,56.34,42.64,60.82,69.92,48.86,54.56,53.87,26.95,49.21,54.76,44.64,68.15,57.14,47.04,46.25,35.71,62.2,54.76,54.17,59.52,43.92,58.43
2021-10-04,60.71,46.43,62.0,66.89,42.86,49.55,50.0,37.5,52.12,60.68,54.34,42.86,41.28,41.07,54.81,51.77,75.66,42.96,58.64,69.28,39.88,50.55,54.03,57.14,56.34,42.64,60.82,69.92,47.97,54.54,53.87,26.95,49.21,50.0,44.64,64.58,57.14,47.03,46.25,35.71,62.2,54.76,54.17,59.52,43.85,58.43
2021-10-05,60.71,46.43,62.0,66.75,42.86,49.55,58.93,37.5,52.12,60.65,56.12,42.86,41.28,41.07,54.78,51.75,75.66,42.96,58.64,69.26,39.88,50.53,54.03,57.14,56.34,42.64,60.82,69.91,47.97,54.52,53.87,26.95,49.21,50.0,44.64,64.58,57.14,47.03,46.25,35.71,62.2,45.24,51.79,59.52,43.79,58.42
2021-10-06,60.71,46.43,62.0,66.64,42.86,49.54,58.93,37.5,52.12,60.65,56.11,42.86,41.27,41.07,54.75,51.74,75.66,42.96,58.64,69.24,39.88,50.51,54.03,57.14,56.34,42.64,57.25,69.91,47.97,54.49,53.87,26.95,49.21,50.0,44.64,64.58,57.14,47.02,46.25,35.71,62.2,45.24,51.79,59.52,43.73,58.42
2021-10-07,60.71,46.43,62.0,66.64,42.86,49.54,58.93,37.5,52.12,60.64,56.11,42.86,41.27,41.07,54.72,51.72,75.66,42.96,58.64,69.22,39.88,50.48,54.03,57.14,56.34,42.64,57.25,69.9,47.97,54.44,53.87,26.95,49.2,50.0,44.64,64.58,57.14,47.01,46.25,35.71,62.2,45.24,51.79,59.52,43.68,58.42
2021-10-08,59.63,46.43,61.93,66.46,42.86,49.53,58.93,37.5,52.12,60.64,56.11,42.86,41.27,41.07,54.68,51.71,75.65,42.96,58.64,69.2,39.88,50.46,53.82,57.14,52.75,42.64,57.23,69.9,47.97,54.4,53.87,26.95,49.2,50.0,44.64,64.58,57.14,47.01,46.25,35.71,62.2,45.24,51.79,59.52,43.61,58.41
2021-10-09,59.63,46.43,61.93,66.38,42.86,49.52,58.93,39.29,52.12,60.64,56.11,42.86,41.27,41.07,54.66,51.71,75.65,42.96,58.63,68.28,39.88,50.45,53.82,57.14,52.75,42.64,57.23,69.89,47.97,54.39,52.08,26.95,49.2,50.0,44.64,68.15,57.14,47.01,46.25,35.71,62.2,45.24,51.79,59.52,43.58,58.41
2021-10-10,59.63,46.43,61.93,66.3,42.86,49.52,58.93,39.29,52.12,60.61,56.11,42.86,41.27,41.07,54.65,48.13,75.65,42.95,58.63,68.27,39.88,50.45,53.82,57.14,52.75,42.64,57.23,69.89,47.94,54.39,52.08,26.92,49.2,50.0,44.64,68.15,57.14,47.0,46.25,35.71,62.2,45.24,51.79,59.52,43.55,58.41
2021-10-11,59.63,46.43,61.93,66.3,42.86,49.52,58.93,39.29,52.03,60.6,56.1,42.86,41.27,41.07,54.63,48.13,75.65,42.95,58.63,68.25,45.94,50.43,53.82,57.14,52.75,42.64,57.23,69.88,47.94,54.37,52.08,26.92,51.58,50.0,44.64,64.58,57.14,47.0,46.25,35.71,62.2,45.24,51.79,59.52,43.49,58.41
2021-10-12,59.63,46.43,61.93,66.22,42.86,49.51,61.31,39.29,52.03,60.59,56.1,42.86,41.26,41.07,54.61,48.11,75.64,46.52,58.63,68.23,45.91,50.41,59.07,57.14,52.75,42.61,57.23,69.88,47.94,61.5,52.08,26.92,51.58,50.0,44.64,64.58,57.14,47.0,46.25,35.71,62.2,45.24,51.79,59.52,43.44,58.41
2021-10-13,59.63,46.43,61.93,66.22,42.86,49.51,61.31,39.29,52.02,60.59,56.1,42.86,41.26,41.07,54.58,48.1,75.64,46.52,58.63,68.2,45.88,50.4,59.07,57.14,52.75,42.61,57.23,69.87,47.94,61.48,52.08,26.92,51.58,50.0,44.64,64.29,57.14,46.99,46.25,35.71,62.2,45.24,51.79,59.52,43.39,58.4
2021-10-14,59.63,46.43,61.93,66.08,42.86,49.5,61.31,39.29,52.02,60.58,56.1,42.86,41.26,41.07,54.56,48.08,75.64,46.52,58.63,68.18,45.85,50.38,59.07,57.14,52.75,42.61,57.23,69.86,47.94,61.45,52.08,26.92,51.58,50.0,44.64,64.29,57.14,46.99,46.25,35.71,62.2,45.24,51.79,59.52,43.34,58.4
2021-10-15,59.63,46.43,61.86,66.01,42.86,49.5,61.31,39.29,52.02,60.58,56.09,42.86,41.26,41.07,54.53,48.07,75.64,46.52,58.63,65.6,45.81,50.36,59.07,57.14,52.73,42.6,57.22,69.85,47.94,61.43,52.08,26.92,51.58,50.0,44.64,64.29,57.14,46.98,46.25,35.71,63.39,45.24,51.79,59.52,43.28,54.57
2021-10-16,59.63,46.43,61.86,64.96,42.86,49.49,61.31,39.29,52.02,60.58,56.09,42.86,41.26,41.07,54.51,48.07,75.64,46.52,58.62,65.58,45.79,50.35,59.07,57.14,52.73,42.6,57.22,69.85,47.94,61.43,52.08,26.92,51.57,50.0,44.64,67.86,57.14,46.98,46.25,35.71,63.39,45.24,51.79,59.52,43.25,54.56
2021-10-17,59.63,46.43,61.86,64.85,42.86,49.49,61.31,39.29,52.02,60.58,56.09,42.86,41.26,41.07,54.5,48.07,75.64,46.51,58.62,65.56,45.78,50.35,59.07,57.14,52.73,42.6,57.22,69.84,47.91,61.43,52.08,26.9,51.57,51.19,44.64,67.86,57.14,46.98,42.68,35.71,63.39,45.24,51.79,59.52,43.22,54.55
2021-10-18,59.63,46.43,67.22,64.85,42.86,49.49,61.31,39.29,52.01,60.58,56.09,42.86,41.25,41.07,54.49,48.06,75.63,46.51,58.62,65.53,45.75,47.95,59.07,57.14,52.73,42.6,57.22,69.83,47.91,61.42,52.08,26.9,51.57,51.19,44.64,64.29,57.14,46.97,42.68,35.71,63.39,45.24,51.79,59.52,43.18,54.53
2021-10-19,59.63,46.43,67.22,67.17,42.86,49.48,61.31,39.29,50.23,60.55,56.09,42.86,43.63,41.07,54.47,48.05,75.63,46.51,58.62,63.43,45.72,47.94,58.96,57.14,52.73,42.59,57.22,69.83,44.34,61.41,52.08,26.9,51.57,51.19,44.64,64.29,57.14,46.96,42.68,35.71,63.39,45.24,51.79,59.52,43.14,54.51
2021-10-20,59.63,46.43,67.22,67.12,42.86,49.48,58.93,39.29,50.22,60.54,56.08,42.86,43.63,41.07,54.45,48.03,75.63,46.5,58.62,63.4,45.7,47.93,58.96,57.14,52.73,42.59,57.22,69.82,44.34,61.4,52.08,26.9,51.57,51.19,44.64,62.5,57.14,46.96,42.68,35.71,63.39,45.24,51.79,59.52,43.1,54.49
2021-10-21,59.63,46.43,67.22,67.07,42.86,49.48,58.43,39.29,50.22,60.54,56.08,42.86,43.63,41.07,54.43,48.02,75.63,46.5,58.62,63.38,54.07,47.91,58.96,57.14,52.73,42.59,57.22,69.8,44.34,61.39,52.08,26.9,51.57,51.19,44.64,62.5,57.14,46.96,42.68,35.71,63.39,45.24,51.79,59.52,43.07,55.02
2021-10-22,59.63,46.43,67.15,67.02,42.86,49.47,58.43,33.93,50.22,60.54,55.77,42.86,43.62,41.07,54.4,48.01,75.63,46.5,58.62,63.35,54.05,47.89,58.96,57.14,52.71,42.59,57.21,69.79,44.34,61.38,52.08,26.9,51.57,51.19,44.64,62.5,57.14,46.94,42.68,35.71,63.39,45.24,51.79,59.52,43.02,54.98
2021-10-23,59.63,46.43,67.15,66.98,42.86,49.46,58.43,33.93,50.21,60.54,55.77,42.86,43.62,41.07,54.38,48.01,75.63,46.5,58.61,64.22,54.04,47.89,58.96,57.14,52.71,42.58,57.21,69.77,44.34,61.37,52.08,26.9,51.57,51.19,44.64,67.86,57.14,46.94,42.68,35.71,63.39,45.24,51.79,59.52,43.0,54.96
2021-10-24,59.63,46.43,67.15,66.94,42.86,49.46,58.43,33.93,50.21,60.54,55.76,42.86,43.62,41.07,54.38,48.01,75.63,46.5,58.61,64.21,54.04,47.88,58.96,57.14,52.71,42.58,57.21,69.76,44.31,61.37,52.08,26.89,51.57,51.19,44.64,67.86,57.14,46.94,42.68,35.71,63.39,45.24,51.79,59.52,42.98,54.95
2021-10-25,59.63,46.43,67.15,66.94,42.86,49.46,58.42,33.93,50.21,60.52,55.76,42.86,43.62,41.07,54.36,48.0,75.63,46.5,58.61,65.38,54.02,47.87,58.96,57.14,52.71,42.58,57.21,74.08,44.31,61.37,52.08,26.89,51.56,51.19,44.64,62.5,57.14,46.94,42.68,35.71,63.39,45.24,51.79,59.52,40.56,54.92
2021-10-26,56.06,46.43,67.15,66.9,42.86,50.35,58.42,33.93,50.21,60.52,55.75,42.86,43.62,41.07,54.35,47.99,75.62,46.49,58.61,65.36,54.01,47.85,58.96,57.14,52.71,42.57,54.83,74.05,44.31,52.43,52.08,26.89,51.56,51.19,41.07,62.5,57.14,46.93,42.68,35.71,63.39,45.24,51.79,59.52,40.53,54.88
2021-10-27,56.06,46.43,67.15,66.86,42.86,50.34,58.41,33.93,50.21,60.51,55.74,42.86,43.61,41.07,54.33,47.97,75.62,46.49,58.61,65.34,53.99,47.84,58.96,57.14,52.71,42.57,54.83,74.01,44.31,52.43,52.08,26.89,51.56,51.19,41.07,62.5,57.14,46.92,42.68,35.71,63.39,45.24,51.79,59.52,40.5,54.84
2021-10-28,56.06,46.43,67.15,66.82,42.86,50.34,58.41,33.93,50.2,60.51,55.74,42.86,43.61,41.07,54.31,49.16,75.62,48.51,58.29,65.32,53.98,47.82,58.96,57.14,52.71,42.56,54.83,73.99,44.31,52.42,52.08,26.89,51.56,51.19,41.07,62.5,57.14,46.92,42.68,35.71,68.15,45.24,51.79,59.52,40.47,54.81
2021-10-29,56.06,46.43,67.1,66.77,42.86,50.33,58.4,33.93,50.2,60.51,55.73,42.86,43.61,41.07,54.29,49.15,75.62,48.51,58.29,65.3,53.96,47.81,58.96,57.14,52.69,42.56,54.82,73.96,44.31,51.22,52.08,26.89,51.56,51.19,41.07,62.5,57.14,46.92,42.68,35.71,68.15,47.02,51.79,59.52,40.46,54.77
2021-10-30,56.06,46.43,67.1,66.73,42.86,50.33,58.4,33.93,50.2,60.49,55.72,42.86,43.61,41.07,54.28,49.15,75.62,48.51,58.29,65.28,53.94,47.8,58.96,57.14,52.69,44.34,54.82,73.94,44.31,51.22,52.08,26.89,51.56,51.19,41.07,67.86,57.14,46.91,42.68,35.71,68.15,47.02,51.79,59.52,40.44,54.75
2021-10-31,56.04,46.43,67.1,66.7,42.86,50.33,58.4,33.93,50.19,60.49,55.72,42.86,43.61,41.07,54.27,49.15,75.62,48.51,58.29,65.28,53.94,47.8,58.96,57.14,52.69,44.34,54.82,73.93,44.28,51.22,52.08,26.87,51.56,51.19,41.07,67.86,57.14,46.9,42.68,35.71,68.15,47.02,51.79,59.52,40.43,54.74
2021-11-01,56.04,46.43,65.31,66.7,42.86,50.33,58.4,33.93,50.19,60.49,55.71,42.86,44.6,38.69,54.27,49.14,75.62,48.51,58.28,65.27,53.92,47.8,58.96,57.14,52.69,47.91,54.82,73.91,44.28,51.22,52.08,26.87,51.56,51.19,41.07,62.5,57.14,46.9,42.68,35.71,68.15,47.02,51.79,59.52,40.4,54.71
2021-11-02,56.04,46.43,65.31,66.66,42.86,50.32,58.39,28.57,50.19,60.48,55.7,42.86,44.6,38.69,54.25,49.13,75.62,45.8,58.28,65.25,53.9,47.8,58.96,57.14,52.69,47.91,54.82,73.9,44.28,51.21,52.08,26.87,51.56,51.19,41.07,62.5,57.14,49.27,42.68,35.71,67.86,47.02,51.79,59.52,40.37,54.67
2021-11-03,56.04,46.43,65.31,66.66,42.86,50.32,58.39,28.57,50.19,60.48,55.69,41.54,44.59,38.69,54.23,49.11,75.61,45.79,58.28,65.23,53.88,47.78,58.96,57.14,52.69,47.91,54.82,73.88,44.28,51.21,52.08,26.87,51.56,51.19,41.07,62.5,57.14,49.27,42.68,35.71,67.86,47.02,51.79,59.52,40.35,54.64
2021-11-04,56.04,46.43,65.31,66.66,42.86,50.31,58.39,28.57,50.18,60.47,55.68,41.54,44.59,38.69,54.22,49.1,75.61,45.79,58.28,65.21,53.86,47.76,58.96,57.14,52.69,47.91,54.82,73.86,44.28,51.2,52.08,26.87,51.56,51.19,41.07,62.5,57.14,49.26,42.68,35.71,67.86,47.02,51.79,59.52,40.32,54.6
2021-11-05,56.04,46.43,62.97,66.66,42.86,50.31,58.38,28.57,50.18,60.47,55.66,41.54,44.58,38.69,54.2,49.09,75.61,45.79,58.28,65.19,53.84,47.75,58.96,57.14,52.68,47.9,54.82,73.84,44.28,51.19,52.08,26.87,51.55,51.19,39.29,62.5,57.14,49.26,42.68,35.71,67.86,47.02,51.79,59.52,40.29,54.55
2021-11-06,56.04,46.43,62.97,66.66,42.86,50.31,58.38,28.57,50.17,60.47,55.66,41.54,44.58,38.69,54.18,49.08,75.61,45.79,58.28,65.17,53.82,47.74,58.96,57.14,52.68,47.9,54.82,73.83,44.28,58.44,52.08,26.87,51.55,51.19,39.29,74.4,57.14,49.26,42.68,35.71,67.86,47.02,51.79,59.52,40.27,54.54
2021-11-07,56.04,46.43,62.97,66.66,42.86,50.31,58.38,28.57,50.17,60.47,55.66,41.54,44.58,38.69,54.18,49.08,75.61,45.79,58.27,65.17,53.81,47.74,58.96,57.14,52.68,47.9,54.82,73.82,44.28,58.44,52.08,26.86,51.55,51.19,39.29,74.4,57.14,49.26,42.68,35.71,63.1,47.02,51.79,59.52,40.26,54.52
2021-11-08,56.04,46.43,57.61,66.59,42.86,50.3,58.38,28.57,50.17,60.45,55.65,41.54,44.57,38.69,54.16,49.08,75.61,45.78,58.27,65.15,53.79,47.73,58.96,57.14,52.68,47.9,54.82,70.23,44.28,58.43,52.08,26.86,51.55,51.19,39.29,69.05,57.14,49.25,42.68,35.71,50.0,47.02,51.79,59.52,40.24,54.47
2021-11-09,56.04,51.19,57.61,66.58,42.86,50.3,58.38,28.57,50.16,60.45,55.64,41.54,44.57,38.69,54.14,49.06,75.61,45.78,58.27,65.14,53.77,47.72,58.96,57.14,52.68,47.9,54.82,70.22,44.28,58.43,52.08,26.86,51.55,52.98,39.29,69.05,57.14,49.25,42.68,35.71,50.0,47.02,51.79,59.52,40.22,54.42
2021-11-10,51.83,51.19,57.61,66.58,42.86,50.29,58.37,28.57,48.37,60.45,55.63,41.54,48.24,38.69,54.12,50.23,75.6,45.78,58.27,65.12,53.74,47.71,58.96,57.14,52.68,47.9,54.82,70.2,47.24,58.43,52.08,26.86,51.55,52.98,39.29,69.05,57.14,49.25,42.68,35.71,50.0,47.02,51.79,59.52,40.2,55.19
2021-11-11,51.83,51.19,57.61,66.54,42.86,50.29,58.37,28.57,48.37,60.44,55.62,41.54,48.23,38.69,54.12,50.22,75.6,45.77,58.27,65.1,53.72,47.69,58.96,57.14,52.68,47.9,54.82,70.18,47.24,58.42,52.08,26.86,51.55,52.98,39.29,69.05,57.14,49.25,42.68,35.71,50.0,44.73,51.79,59.52,40.18,55.13
2021-11-12,51.83,51.19,57.51,66.5,42.86,50.29,58.36,28.57,48.36,60.44,55.6,48.65,48.22,38.69,54.09,50.21,75.6,45.77,58.27,65.09,53.7,47.67,58.96,57.14,52.66,47.89,54.81,70.15,47.24,58.42,52.08,26.86,51.55,52.98,39.29,69.05,57.14,49.25,42.68,35.71,50.0,44.73,51.79,59.52,40.15,55.06
2021-11-13,51.83,51.19,57.51,66.47,42.86,50.28,58.36,28.57,48.35,60.42,55.59,48.65,48.21,38.69,54.08,50.2,75.6,45.77,58.26,65.08,53.68,47.67,58.96,57.14,61.58,47.89,54.81,70.13,47.24,58.42,52.08,26.86,51.55,52.98,42.86,74.4,57.14,49.24,42.68,39.29,50.0,44.73,51.79,59.52,40.14,55.02
2021-11-14,51.83,51.19,57.51,66.45,42.86,50.28,58.36,28.57,48.35,60.42,55.59,48.65,48.21,38.69,54.08,50.2,75.6,45.77,58.26,65.07,52.6,47.67,58.96,57.14,61.58,47.89,54.81,70.1,47.24,58.42,52.08,26.84,51.55,52.98,42.86,74.4,57.14,49.24,42.68,39.29,50.0,44.73,51.79,59.52,40.13,55.0
2021-11-15,51.83,51.19,61.64,66.45,42.86,50.28,58.36,28.57,48.35,60.42,55.58,48.65,48.2,43.15,54.95,57.66,75.6,45.77,58.26,65.06,50.42,47.65,58.96,57.14,61.58,47.89,54.81,70.08,47.24,58.41,52.08,26.84,51.54,52.98,42.86,69.05,57.14,49.23,42.68,39.29,50.0,44.73,51.79,59.52,40.1,54.92
2021-11-16,53.61,51.19,61.64,66.42,42.86,50.28,58.35,28.57,48.34,60.41,51.99,48.65,48.19,43.15,54.93,57.65,75.59,45.76,58.26,65.05,50.38,47.64,58.96,57.14,61.58,47.89,54.81,70.05,47.24,54.84,52.08,26.84,51.54,52.98,42.86,69.05,57.14,49.23,46.25,39.29,50.0,44.73,50.6,59.52,40.08,54.84
2021-11-17,53.61,51.19,61.64,66.4,42.86,55.26,58.35,28.57,48.33,60.41,51.99,48.65,48.18,43.49,54.91,57.64,75.59,45.76,58.26,65.04,50.35,47.63,58.96,57.14,61.58,47.89,54.81,70.03,47.24,57.06,52.08,26.84,51.54,52.98,42.86,69.05,57.14,49.22,46.25,39.29,54.76,44.73,50.6,59.52,40.07,54.76
2021-11-18,53.61,51.19,61.64,66.37,42.86,55.25,58.34,28.57,48.33,60.41,51.97,48.65,48.17,43.49,54.89,57.62,75.59,45.76,58.25,65.03,50.34,47.61,58.96,57.14,61.58,47.88,54.81,70.0,47.24,60.62,52.08,26.84,51.54,52.98,42.86,69.05,57.14,52.08,46.25,39.29,54.76,44.73,50.6,59.52,40.04,54.67
2021-11-19,53.61,51.19,61.54,66.35,42.86,55.25,58.34,28.57,48.33,60.41,51.95,48.61,48.16,43.49,54.86,57.61,75.59,45.76,58.25,65.02,50.32,47.59,58.96,57.14,61.57,47.88,54.81,69.98,47.24,60.61,52.08,26.84,51.54,52.98,42.86,69.05,57.14,52.07,46.25,39.29,69.94,44.73,50.6,59.52,40.02,54.57
2021-11-20,53.61,51.19,61.54,66.33,42.86,55.24,58.34,28.57,48.32,60.41,51.94,48.61,48.15,43.49,54.85,57.61,75.59,45.76,58.25,65.02,50.3,47.59,58.96,57.14,61.57,47.88,54.81,69.96,53.0,60.61,52.08,26.84,51.54,52.98,42.86,74.4,57.14,52.07,46.25,39.29,69.94,44.73,50.6,59.52,40.01,54.53
2021-11-21,53.61,51.19,61.54,66.32,45.0,55.24,58.34,28.57,48.32,60.37,51.94,48.61,48.15,43.48,54.85,57.61,75.59,45.75,58.24,65.01,50.29,47.59,58.96,57.14,61.57,47.88,54.81,69.95,53.0,60.61,52.08,26.82,51.54,52.98,42.86,60.71,57.14,52.07,46.25,39.29,69.94,44.73,50.6,59.52,40.0,54.5
2021-11-22,53.61,51.19,61.54,66.32,45.0,55.24,58.33,28.57,48.32,60.37,51.92,48.61,48.14,43.48,54.83,57.6,75.58,45.75,58.24,65.01,50.25,47.58,58.96,57.14,61.57,47.88,54.81,69.94,53.0,54.64,52.08,26.82,51.54,52.98,42.86,55.36,57.14,52.07,46.25,39.29,69.94,44.73,50.6,59.52,39.99,54.41
2021-11-23,53.61,52.98,61.54,66.29,45.0,55.23,58.33,28.57,46.52,60.35,51.9,48.61,48.13,43.48,54.81,57.59,75.58,45.74,58.24,65.0,50.22,47.57,58.96,57.14,61.57,47.88,54.81,68.8,53.0,54.64,52.08,26.82,51.54,52.98,46.43,55.36,57.14,52.07,46.25,39.29,69.94,44.73,50.6,59.52,39.97,54.32
2021-11-24,53.61,52.98,61.54,66.27,45.0,55.23,58.32,28.57,46.52,60.35,51.88,48.61,48.12,43.48,54.79,57.58,75.58,45.73,58.24,64.99,50.18,47.56,58.96,57.14,61.57,47.88,54.81,68.78,53.0,54.63,52.08,26.82,51.54,52.98,46.43,55.36,57.14,52.06,46.25,39.29,69.94,44.73,50.6,59.52,39.96,54.23
2021-11-25,53.61,52.98,61.54,66.26,45.0,55.22,58.32,28.57,46.51,60.34,51.86,48.61,48.11,43.48,54.77,57.56,75.58,45.73,58.23,64.98,50.15,47.55,58.96,57.14,61.57,47.87,54.81,68.77,62.71,58.2,52.08,26.82,51.53,52.98,46.43,55.36,57.14,52.05,46.25,39.29,69.94,44.73,50.6,59.52,39.94,54.15
2021-11-26,53.61,52.98,61.42,66.24,45.0,55.22,58.32,28.57,50.08,60.34,54.0,50.35,48.1,43.48,54.74,57.56,75.57,45.73,58.23,64.98,50.11,47.53,58.96,57.14,61.55,47.87,54.8,68.76,62.71,58.19,52.08,26.82,51.53,52.98,46.43,55.36,57.14,52.05,46.25,39.29,69.94,44.73,50.6,59.52,39.92,54.06
2021-11-27,53.61,52.98,63.21,66.22,45.0,55.22,58.32,28.57,50.08,60.32,53.99,50.35,45.71,47.06,54.72,57.55,75.57,45.13,58.23,64.97,50.09,47.52,58.96,57.14,63.93,47.87,54.8,68.75,62.71,59.96,52.08,26.82,51.53,52.98,46.43,60.71,57.14,52.05,46.25,41.07,69.94,44.73,50.6,59.52,39.92,54.01
2021-11-28,53.61,52.98,63.21,66.21,45.0,55.21,58.31,28.57,50.07,60.32,53.99,50.35,45.71,47.05,54.71,57.55,75.57,45.12,58.23,64.97,50.08,47.52,58.96,57.14,63.93,47.86,54.8,68.74,62.71,59.96,51.14,26.79,51.53,54.76,48.21,60.71,57.14,52.04,46.25,41.07,69.94,44.73,50.6,59.52,39.91,53.99
2021-11-29,53.61,52.98,63.21,66.21,45.0,55.21,58.31,28.57,50.07,60.32,53.97,50.35,45.7,47.05,54.69,57.54,75.57,45.12,58.23,64.96,50.06,47.51,58.96,57.14,63.93,47.86,54.8,68.74,65.09,59.95,52.93,26.79,51.53,54.76,48.21,55.36,58.93,53.32,46.25,41.07,69.94,44.73,50.6,59.52,39.89,53.92
2021-11-30,55.4,52.98,63.21,66.19,42.86,55.21,58.31,28.57,50.07,60.92,53.96,50.35,45.69,49.43,54.66,57.53,75.56,45.11,58.22,64.95,50.03,47.49,58.96,57.14,63.93,50.57,54.8,68.73,65.09,56.37,52.93,26.79,51.53,54.76,48.21,55.36,63.1,53.31,46.25,41.07,69.94,44.73,50.6,59.52,39.87,53.85
2021-12-01,55.4,52.98,63.21,64.38,42.86,55.2,54.64,28.57,50.07,60.89,53.95,50.35,45.68,49.43,54.62,57.51,76.85,45.11,58.22,64.94,50.0,47.48,58.96,57.14,63.93,50.56,56.58,68.73,65.09,56.36,52.93,26.79,51.53,54.76,48.21,55.36,63.1,53.31,46.25,41.07,69.94,44.73,50.6,59.52,39.86,53.79
2021-12-02,55.4,52.98,63.21,64.36,42.86,55.2,54.63,28.57,50.07,60.89,53.94,50.35,45.66,49.43,54.59,57.5,76.85,45.1,58.22,64.94,49.98,47.46,58.96,57.14,63.93,50.56,56.58,68.72,65.09,56.35,52.93,26.79,51.53,54.76,48.21,55.36,63.1,53.3,46.25,41.07,69.94,44.73,47.02,59.52,39.85,53.73
2021-12-03,55.4,56.55,63.04,64.35,42.86,55.2,54.62,28.57,50.07,60.89,53.92,50.3,45.65,49.43,54.55,57.49,76.84,45.1,58.22,64.93,49.95,47.45,58.96,57.14,63.91,50.56,56.58,68.71,65.09,56.33,52.93,26.79,51.52,54.76,48.21,55.36,63.1,53.3,46.25,47.62,69.94,44.73,47.02,59.52,39.83,53.66
2021-12-04,55.4,56.55,63.04,64.33,42.86,55.19,54.61,28.57,50.07,60.85,53.92,50.3,45.64,49.43,57.56,57.48,76.83,45.1,58.22,64.92,49.94,47.44,58.96,57.14,66.28,50.56,56.58,68.7,65.09,56.33,52.93,26.79,51.52,54.76,48.21,60.71,63.1,53.3,46.25,47.62,65.77,44.73,47.02,59.52,39.82,55.94
2021-12-05,55.31,56.55,63.04,64.32,42.86,55.19,54.61,28.57,50.07,60.85,53.92,50.3,45.64,53.0,57.56,57.48,76.83,45.1,58.21,64.92,49.94,47.44,58.96,57.14,66.28,50.56,56.58,68.7,65.09,56.33,52.93,26.77,51.52,54.76,48.21,60.71,63.1,53.3,46.25,47.62,65.77,44.73,47.02,59.52,39.82,55.92
2021-12-06,55.31,56.55,63.04,64.32,42.86,55.19,54.6,28.57,50.07,60.85,53.91,50.3,45.63,53.0,57.53,57.47,76.82,45.09,58.21,64.91,49.92,47.43,58.96,57.14,66.28,50.56,56.58,72.26,65.09,56.32,52.93,26.77,51.52,54.76,48.21,55.36,63.1,53.29,46.25,47.62,64.58,44.73,47.02,59.52,39.8,55.88
2021-12-07,59.47,56.55,63.04,64.3,42.86,55.18,54.59,28.57,48.88,60.83,53.9,50.3,45.61,53.0,57.49,57.46,78.6,45.09,59.12,64.9,49.89,47.42,58.96,57.14,66.28,50.56,56.58,72.25,67.47,56.31,52.93,26.77,51.52,54.76,47.62,55.36,63.1,53.29,46.25,47.62,64.58,44.73,47.02,59.52,39.79,55.83
2021-12-08,59.47,56.55,63.04,64.29,42.86,55.18,54.58,28.57,48.88,60.81,53.89,50.3,45.6,53.0,57.46,57.44,78.59,45.09,59.12,64.9,49.87,47.4,58.96,57.14,66.28,50.55,56.58,72.25,67.47,56.3,52.93,26.77,51.52,54.76,47.62,55.36,63.1,53.28,46.25,47.62,64.58,44.73,47.02,59.52,39.78,55.78
2021-12-09,60.6,56.55,63.04,64.28,42.86,55.18,54.57,28.57,48.88,60.81,53.88,50.3,45.59,53.0,59.11,57.43,78.58,45.08,59.12,64.89,49.85,47.39,58.96,57.14,66.28,50.55,56.58,72.24,67.47,56.28,52.93,26.77,51.52,54.76,47.62,55.36,63.1,52.76,46.25,52.38,64.58,45.59,47.02,59.52,39.76,55.74
2021-12-10,60.6,56.55,62.86,64.27,42.86,55.17,54.56,28.57,48.88,60.81,53.86,50.24,45.57,53.0,59.07,57.42,78.57,45.08,59.12,64.88,49.84,47.38,58.96,57.14,66.28,50.55,56.57,72.24,67.47,56.27,52.93,26.77,51.52,54.76,47.62,55.36,63.1,52.76,46.25,52.38,64.58,45.59,47.02,59.52,39.75,55.7
2021-12-11,60.6,56.55,62.86,64.25,42.86,55.17,54.56,28.57,48.88,60.77,53.85,50.24,45.56,53.0,59.04,57.41,78.56,43.71,59.12,64.88,49.83,47.37,58.96,58.93,66.28,50.55,56.57,72.23,67.47,56.27,52.93,26.77,51.51,54.76,47.62,60.71,63.1,52.75,46.25,52.38,65.77,45.59,47.02,59.52,39.74,55.67
2021-12-12,60.58,56.55,62.86,64.24,42.86,55.17,54.56,28.57,48.88,60.77,53.85,50.24,45.56,52.99,59.03,57.41,78.56,43.7,59.12,64.87,49.82,47.37,58.96,58.93,66.28,50.55,56.57,67.86,67.47,56.26,53.52,26.74,51.51,54.76,47.62,60.71,63.1,52.75,46.25,52.38,65.77,45.58,47.02,59.52,39.74,55.66
2021-12-13,60.58,56.55,62.86,64.24,42.86,55.16,54.55,28.57,48.88,60.77,53.84,50.24,45.55,52.99,59.0,57.4,78.55,43.69,59.11,64.86,49.81,47.36,58.96,58.93,66.28,50.55,56.57,67.86,67.47,56.26,53.52,26.74,51.51,54.76,47.62,55.36,63.1,52.74,52.14,52.38,65.77,45.58,47.02,59.52,39.72,55.62
2021-12-14,60.58,56.55,62.86,64.23,42.86,55.16,54.54,28.57,42.93,60.74,50.25,50.24,45.53,52.99,58.96,57.38,78.54,43.68,59.11,64.86,49.79,47.35,58.96,58.93,66.28,50.55,56.57,67.86,65.09,56.25,53.52,26.74,51.51,54.76,47.62,55.36,63.1,52.74,52.14,52.38,65.77,45.58,44.05,59.52,39.71,55.59
2021-12-15,60.58,56.55,62.86,64.21,42.86,55.16,54.53,28.57,42.93,60.72,50.24,50.24,45.52,52.99,58.91,57.36,78.53,43.67,59.11,64.85,50.56,47.34,58.96,58.93,66.28,54.17,56.57,67.86,65.09,56.24,53.52,26.74,49.72,54.76,47.62,55.36,63.1,52.74,52.14,61.31,65.77,45.58,44.05,59.52,39.7,55.55
2021-12-16,60.58,56.55,62.86,64.2,42.86,55.15,54.53,28.57,42.93,60.72,50.23,50.24,45.51,52.99,58.87,57.34,78.52,43.65,59.11,64.84,50.55,47.33,58.96,58.93,66.28,54.17,56.57,67.86,65.09,56.23,53.51,26.74,49.72,54.76,47.62,55.36,63.1,52.74,52.14,61.31,65.77,45.58,44.05,59.52,39.69,51.94
2021-12-17,61.23,56.55,62.66,64.19,42.86,55.15,54.52,28.57,42.93,60.72,50.21,50.18,45.49,52.99,58.82,57.32,78.51,43.65,59.11,64.83,50.53,47.31,58.96,58.93,66.27,54.17,56.57,67.86,65.09,56.22,53.51,26.74,49.72,54.76,47.62,55.36,63.1,52.73,52.14,61.31,65.77,45.58,44.05,59.52,39.67,51.9
2021-12-18,61.23,56.55,62.66,64.18,42.86,55.15,54.51,28.57,42.93,60.72,50.21,50.18,45.49,52.99,58.79,57.31,78.5,41.86,59.1,64.82,50.52,47.31,58.96,58.93,66.27,54.17,56.57,67.86,65.09,56.22,53.51,26.74,49.71,54.76,47.62,60.71,63.1,52.73,52.14,61.31,65.77,45.58,44.05,59.52,39.66,51.89
2021-12-19,61.23,56.55,62.66,62.38,42.86,55.14,54.51,28.57,42.93,60.72,50.2,50.18,45.48,52.99,58.78,57.31,78.5,41.84,59.1,64.82,50.52,47.31,58.96,58.93,72.62,54.17,56.57,67.86,65.09,56.22,53.51,26.72,49.71,54.76,47.62,60.71,63.1,52.73,52.14,61.31,65.77,45.58,44.05,59.52,39.66,51.88
2021-12-20,61.23,56.55,62.66,62.38,42.86,55.14,54.5,28.57,42.93,60.67,50.19,50.18,45.47,49.42,58.75,57.29,78.49,41.83,59.1,64.81,50.51,47.3,58.96,58.93,72.62,56.55,56.57,67.86,65.09,56.21,53.51,26.72,49.71,54.76,47.62,55.36,67.86,52.72,52.14,61.31,65.77,45.58,44.05,63.1,39.65,51.84
2021-12-21,61.23,56.55,59.36,62.37,42.86,55.14,54.49,28.57,47.1,60.65,50.18,50.18,45.46,49.42,58.71,57.27,78.49,41.83,59.1,64.8,50.49,47.29,58.96,58.93,72.62,56.55,56.57,65.48,65.09,56.2,53.51,26.72,49.71,58.33,47.62,55.36,67.86,52.72,51.33,61.31,65.77,45.58,44.05,63.1,39.64,51.81
2021-12-22,63.02,56.55,59.36,62.36,42.86,55.13,54.49,28.57,47.1,60.65,50.17,50.18,45.45,49.42,58.67,57.26,78.47,41.82,59.1,64.79,50.47,47.28,58.96,58.93,72.62,56.55,56.57,65.48,65.09,61.55,53.51,26.72,50.06,58.33,47.62,55.36,67.86,52.42,52.52,58.24,65.77,47.37,44.05,63.1,39.62,51.78
2021-12-23,63.02,56.55,59.36,62.35,42.86,55.13,54.48,28.57,47.1,60.57,50.16,50.18,45.44,49.42,58.64,57.24,78.47,41.82,59.1,67.48,50.46,47.27,58.96,58.93,72.62,56.55,56.57,65.48,65.09,61.54,53.51,43.32,50.06,58.33,47.62,55.36,67.86,52.41,52.52,58.23,65.77,47.37,44.05,63.1,39.61,51.75
2021-12-24,63.02,52.98,57.79,62.34,42.86,53.34,54.48,28.57,47.1,60.57,50.16,50.13,45.44,49.42,58.63,57.24,78.46,41.82,59.1,67.47,50.46,47.27,58.96,58.93,72.62,56.55,60.13,65.48,65.09,61.54,55.3,43.32,50.06,58.33,47.62,55.36,67.86,52.41,52.52,58.23,65.77,47.37,44.05,63.1,39.6,51.72
2021-12-25,63.02,52.98,57.79,62.33,42.86,53.34,54.48,28.57,47.1,60.57,50.16,50.13,45.44,49.42,58.63,57.24,78.46,41.82,59.1,68.37,50.46,47.27,58.96,58.93,72.62,56.55,66.07,65.48,65.09,61.54,55.3,43.32,50.06,58.33,47.62,60.71,67.86,52.4,52.52,58.23,65.77,47.37,44.05,63.1,39.59,51.71
2021-12-26,62.92,52.98,57.79,62.33,42.86,53.34,54.48,28.57,47.1,60.57,50.16,50.13,45.44,49.42,58.62,57.24,78.46,41.82,59.1,68.37,50.46,47.27,58.96,58.93,72.62,56.55,62.5,65.48,65.09,61.54,55.3,43.3,51.85,58.33,47.62,60.71,67.86,52.4,52.52,58.23,65.77,47.37,44.05,63.1,39.59,51.7
2021-12-27,62.92,52.98,59.22,62.32,42.86,53.34,54.47,28.57,47.09,60.57,50.15,50.13,45.43,49.42,58.59,57.23,78.44,41.8,59.1,68.36,50.44,47.26,59.07,58.93,72.62,56.55,62.5,65.48,65.09,61.53,55.3,43.3,51.85,58.33,47.62,55.36,67.86,52.4,52.52,58.23,65.77,47.37,44.05,63.1,39.57,51.69
2021-12-28,62.92,52.98,59.22,62.31,42.86,53.34,54.47,28.57,47.09,60.57,50.14,50.13,45.42,51.2,58.56,57.22,79.32,41.8,59.1,68.35,50.43,47.25,59.07,58.93,72.62,56.55,58.93,65.48,65.09,61.53,55.3,43.3,51.84,58.33,47.62,55.36,67.86,52.39,52.52,58.23,65.77,47.37,44.05,63.1,39.56,51.65
2021-12-29,62.92,52.98,59.22,62.3,42.86,53.34,54.46,28.57,47.08,60.57,50.13,50.13,45.41,51.2,58.53,57.21,79.31,41.79,59.09,68.34,50.41,47.24,59.07,58.93,72.62,56.55,58.93,65.48,65.09,61.52,55.3,43.3,51.84,58.33,47.62,55.36,67.86,52.39,52.52,58.23,65.77,47.37,44.05,63.1,39.55,51.62
2021-12-30,62.92,52.98,59.22,62.28,42.86,53.34,54.45,28.57,47.08,60.57,50.13,50.13,45.4,47.63,58.5,57.2,79.3,41.78,59.09,68.33,50.4,47.23,59.07,58.93,72.62,51.79,58.93,65.48,59.44,61.52,55.3,43.3,51.84,58.33,47.62,55.36,67.86,52.38,52.52,58.23,65.77,47.37,44.05,63.1,39.54,51.59
2021-12-31,62.92,52.98,57.7,62.27,42.86,53.34,54.45,28.57,47.08,60.57,50.13,50.03,45.4,47.63,58.49,57.2,79.3,41.78,59.09,68.33,50.4,47.23,59.07,58.93,72.62,49.4,62.5,65.48,59.44,61.52,55.3,43.3,51.84,58.33,47.62,55.36,67.86,52.38,52.52,58.23,65.77,47.37,44.05,63.1,39.52,51.57
2022-01-01,62.92,52.98,67.67,63.89,42.86,53.34,54.45,28.57,45.35,64.52,49.86,51.86,50.75,47.63,58.49,57.2,79.3,42.5,59.09,68.33,50.4,42.47,64.68,58.93,76.19,49.4,58.93,65.48,59.44,61.52,52.22,46.28,50.58,58.33,47.62,60.71,64.29,52.38,51.5,58.23,65.77,47.37,44.05,63.69,39.52,51.57
2022-01-02,62.92,52.98,67.67,63.89,42.86,53.34,54.45,28.57,45.01,64.52,49.86,51.86,50.75,47.63,58.48,57.2,79.29,42.5,59.09,68.32,50.4,42.47,64.68,58.93,76.19,51.79,58.93,65.48,55.98,61.52,52.2,46.27,50.58,58.33,47.62,60.71,64.29,52.38,51.5,58.23,65.77,47.36,44.05,63.69,39.51,51.57
2022-01-03,62.92,52.98,67.67,63.89,42.86,53.34,54.45,28.57,45.01,64.52,49.85,51.86,50.75,47.63,61.42,57.19,79.28,42.49,59.09,68.31,50.39,42.46,64.68,58.93,76.19,51.79,58.93,65.48,55.98,61.51,52.2,46.27,50.57,58.33,47.62,55.36,64.29,52.38,51.5,58.23,65.77,47.36,44.05,63.69,39.5,51.56
2022-01-04,62.92,52.98,67.67,63.89,50.6,53.33,54.44,28.57,46.19,64.52,49.84,51.86,50.74,47.63,61.39,57.17,79.27,42.48,59.09,68.3,50.38,42.44,64.68,58.93,76.19,51.79,58.93,65.48,55.98,61.51,52.2,46.27,49.38,58.33,47.62,60.12,64.29,52.37,56.86,58.23,65.77,47.36,44.05,63.69,39.5,51.53
2022-01-05,62.92,52.98,67.67,63.88,50.6,53.33,54.43,28.57,46.18,64.52,49.83,51.86,50.73,47.63,61.37,57.16,79.27,42.46,59.09,68.29,50.37,42.43,64.68,58.93,76.19,51.79,58.93,65.48,55.98,59.71,52.2,46.27,49.38,58.33,47.62,60.12,64.29,52.37,56.86,58.23,65.77,47.36,44.05,63.69,39.48,51.5
2022-01-06,53.39,52.98,67.67,63.86,50.6,53.33,54.43,28.57,46.18,64.52,49.82,51.86,50.72,47.63,61.34,57.14,79.26,42.44,59.09,68.28,50.36,42.41,64.68,58.93,76.19,51.79,58.93,65.48,55.98,59.7,52.2,46.27,49.37,58.33,47.62,60.12,64.29,52.37,56.86,58.23,65.77,47.36,44.05,63.69,39.46,51.48
2022-01-07,53.39,52.98,67.52,63.85,50.6,53.32,54.42,28.57,46.17,64.52,49.8,51.72,50.71,47.63,61.31,57.12,79.26,42.44,59.08,68.27,50.35,42.38,64.68,58.93,76.19,51.79,58.93,65.48,55.98,59.7,52.2,46.27,49.37,58.33,47.62,60.12,64.29,52.37,56.86,58.23,58.63,47.36,44.05,63.69,39.45,51.48
2022-01-08,53.39,52.98,67.52,63.84,50.6,53.32,54.42,28.57,46.17,64.38,49.8,51.72,50.71,47.63,61.29,57.11,79.25,42.44,59.08,68.25,50.34,42.38,64.68,58.93,76.19,51.79,58.93,65.48,55.98,59.7,52.2,46.27,49.37,58.33,44.47,60.12,64.29,52.36,56.86,58.23,58.63,47.36,44.05,63.69,39.44,51.48
2022-01-09,53.39,52.98,67.52,63.83,50.6,53.32,54.41,30.95,46.17,64.38,49.8,51.72,50.71,47.63,61.29,57.11,79.25,42.39,55.51,68.24,50.34,42.37,64.68,58.93,76.19,51.79,58.93,65.48,55.94,59.7,52.2,46.25,49.36,58.33,44.47,65.48,64.29,52.36,56.86,58.23,58.63,47.36,44.05,63.69,39.43,51.47
2022-01-10,53.39,52.98,67.52,63.83,50.6,53.32,52.03,30.95,45.2,61.99,49.79,51.72,50.7,47.63,61.27,57.1,79.24,42.37,55.51,68.23,50.33,42.36,64.68,58.93,73.81,49.4,56.55,65.48,54.75,59.69,52.19,46.25,49.36,58.33,44.47,60.12,59.52,52.36,56.86,58.23,58.63,47.36,44.05,63.69,39.42,51.45
2022-01-11,53.39,52.98,67.52,63.82,50.6,53.32,52.02,30.95,45.19,61.99,49.78,51.72,50.7,47.63,61.24,57.08,79.23,42.35,55.51,68.21,50.32,42.35,64.68,58.93,73.81,49.4,56.55,65.48,54.75,59.68,52.19,46.25,49.36,58.33,46.25,60.12,59.52,49.81,56.86,58.22,58.63,47.36,44.05,63.69,36.54,51.43
2022-01-12,53.39,52.98,67.52,63.81,50.6,53.31,52.02,30.95,45.18,61.96,49.77,51.72,50.69,47.63,61.22,57.06,79.22,44.12,55.51,68.2,50.31,42.33,64.68,58.93,73.81,49.4,56.55,65.48,54.75,59.68,52.19,46.98,49.36,58.33,46.25,60.12,59.52,49.8,56.86,58.22,58.63,47.36,44.05,63.69,36.52,51.4
2022-01-13,53.39,52.98,67.52,63.8,48.81,53.31,52.01,30.95,45.17,61.96,49.76,51.72,50.68,47.63,61.2,57.04,79.21,44.11,55.51,68.18,50.31,42.32,64.68,58.93,73.81,49.4,56.55,65.48,54.75,59.67,52.19,46.98,49.35,58.33,46.25,60.12,59.52,49.8,56.86,58.22,58.63,47.36,44.05,63.69,36.51,51.39
2022-01-14,53.39,52.98,67.38,63.8,48.81,53.31,52.01,30.95,45.17,61.96,49.76,51.63,50.68,47.63,61.17,57.02,79.21,44.11,55.51,68.17,50.3,42.31,64.68,58.93,73.81,49.4,56.55,65.48,54.75,59.66,52.19,46.98,49.35,58.33,46.25,60.12,59.52,49.8,56.86,55.84,60.42,47.36,44.05,63.69,36.5,51.37
2022-01-15,53.39,52.98,67.38,63.79,48.81,53.31,52.01,30.95,45.16,61.95,49.76,51.63,50.67,47.63,61.16,57.01,79.2,44.11,55.51,68.16,50.3,42.31,64.68,58.93,65.04,49.4,54.17,65.48,54.75,59.65,52.19,46.98,49.35,58.33,46.25,63.69,59.52,49.8,56.86,55.84,60.42,47.36,44.05,63.69,38.87,51.36
2022-01-16,53.19,52.98,67.38,63.78,48.81,53.31,52.0,30.95,45.16,61.95,49.76,51.63,50.67,47.63,61.15,57.01,79.2,44.09,55.51,68.15,48.51,42.31,64.68,58.93,63.84,49.4,54.17,65.48,54.72,59.65,52.18,46.93,49.34,58.33,46.25,69.05,59.52,49.8,56.86,55.84,60.42,47.35,44.05,63.69,38.87,51.35
2022-01-17,53.19,52.98,67.38,63.78,48.81,53.31,52.0,30.95,45.16,61.95,49.75,51.63,50.67,47.63,61.14,56.99,79.2,44.08,55.5,68.14,48.5,42.3,64.68,58.89,63.84,49.4,54.17,65.48,54.72,57.62,52.18,46.93,49.34,55.95,46.25,63.69,59.52,49.8,56.86,55.84,60.42,47.35,44.05,63.69,38.86,51.34
2022-01-18,53.19,49.4,67.38,63.77,48.81,50.92,52.0,30.95,44.33,61.95,49.74,51.63,50.66,47.63,61.12,56.98,79.19,44.07,55.5,68.12,48.49,42.29,64.68,58.87,63.84,49.4,54.17,65.48,55.61,57.62,52.18,46.93,49.34,55.95,46.25,63.69,59.52,49.8,56.86,55.84,60.42,47.35,44.05,63.69,38.15,50.35
2022-01-19,53.19,49.4,67.38,63.76,48.81,50.91,51.99,30.95,44.33,61.95,49.74,51.63,50.66,47.63,61.11,56.96,79.18,44.06,55.5,68.11,48.49,42.28,64.68,58.86,63.84,49.4,54.17,65.48,55.61,57.62,52.18,46.93,49.34,55.95,46.25,63.69,59.52,49.8,56.86,55.84,60.42,47.35,44.05,63.69,38.15,50.34
2022-01-20,53.19,49.4,67.38,63.76,48.81,50.91,51.99,30.95,44.32,61.91,49.73,51.63,50.65,47.63,61.09,56.95,79.18,44.06,55.5,68.1,48.48,42.27,64.68,58.84,63.84,49.4,54.17,65.48,55.61,57.61,52.18,46.93,48.06,55.95,46.25,63.69,59.52,49.8,56.86,55.84,60.42,47.35,44.05,63.69,38.14,50.33
2022-01-21,53.19,49.4,67.29,63.75,48.81,50.91,51.99,30.95,44.32,61.91,49.73,51.59,50.65,47.63,61.08,56.93,79.17,44.06,55.5,68.08,48.48,42.26,64.68,58.83,63.83,49.4,54.17,65.48,55.61,57.6,52.18,46.93,48.05,55.95,46.25,63.69,59.52,49.79,56.86,55.84,60.42,47.35,44.05,63.69,38.14,50.31
2022-01-22,53.19,49.4,67.29,63.75,48.81,50.91,51.99,30.95,44.32,61.9,49.73,51.59,50.64,47.63,61.06,56.92,79.17,44.06,41.07,67.7,48.47,42.26,64.68,58.82,63.83,49.4,54.17,65.48,55.61,57.6,52.18,43.91,48.05,55.95,46.25,63.69,59.52,49.79,56.86,55.84,60.42,47.35,44.05,60.12,38.13,50.31
2022-01-23,53.19,49.4,67.29,63.74,48.81,50.91,51.99,30.95,44.32,61.9,49.73,51.59,50.64,47.63,61.06,56.92,79.17,44.04,35.53,67.69,48.47,42.26,64.68,58.82,63.83,49.4,54.17,65.48,55.59,57.6,52.17,43.86,48.04,55.95,46.25,69.05,59.52,49.79,56.86,55.84,60.42,47.35,44.05,60.12,38.13,50.3
2022-01-24,53.19,49.4,64.21,63.74,48.81,50.91,51.98,30.95,44.32,61.88,49.72,51.59,50.64,47.63,59.22,57.03,79.16,44.04,35.52,67.67,48.47,42.25,64.68,58.8,63.83,49.4,54.17,65.48,54.27,57.6,52.17,43.86,48.04,55.95,46.25,63.69,59.52,55.45,56.86,55.84,60.42,47.35,44.05,60.12,38.13,54.07
2022-01-25,53.19,49.4,64.21,63.73,48.81,50.91,54.36,30.95,40.74,61.88,49.72,51.59,50.63,50.33,59.2,57.02,79.16,41.65,35.52,67.65,48.46,42.24,64.68,58.78,63.83,47.62,54.17,65.48,54.27,57.6,52.17,43.86,48.04,55.95,46.25,64.88,59.52,55.45,56.86,55.83,60.42,47.35,48.81,60.12,38.12,54.06
2022-01-26,53.19,49.4,64.21,63.73,48.81,50.91,54.36,30.95,40.74,60.07,49.71,51.59,50.63,50.33,59.18,57.02,79.15,41.65,35.52,67.63,48.46,42.23,64.68,58.76,63.83,47.62,54.17,65.48,54.27,57.59,52.17,43.86,48.03,55.95,46.25,64.88,59.52,55.45,56.86,55.36,60.42,47.35,48.81,60.12,38.12,54.04
2022-01-27,53.19,49.4,64.21,63.72,48.81,50.9,54.35,30.95,40.74,60.06,49.71,51.59,50.63,50.33,59.17,57.02,79.15,41.64,35.52,67.61,48.45,42.22,64.68,58.74,63.83,50.0,54.17,65.48,54.27,57.59,52.17,43.86,47.19,55.95,46.25,64.88,59.52,55.45,56.86,55.36,60.42,47.35,48.81,60.12,38.11,54.02
2022-01-28,53.19,49.4,67.94,63.71,48.81,50.9,54.34,30.95,40.74,60.06,49.7,51.56,50.62,50.32,59.14,57.02,79.14,41.64,35.51,67.6,48.45,42.21,64.68,58.73,63.83,50.0,54.17,65.48,54.27,57.58,52.17,43.86,47.18,55.95,46.25,64.88,59.52,55.45,56.86,55.36,60.42,47.35,48.81,60.12,38.1,54.01
2022-01-29,49.62,49.4,67.94,63.71,48.81,50.89,54.34,30.95,40.74,60.06,49.69,51.56,50.62,50.32,59.12,57.02,79.13,41.64,35.51,67.57,48.44,42.21,64.68,58.72,62.62,50.0,54.17,65.48,54.27,57.58,52.17,43.86,47.18,55.95,44.46,64.88,59.52,55.45,56.86,55.36,60.42,47.35,48.81,60.12,38.1,54.0
2022-01-30,49.62,49.4,67.94,63.71,48.81,50.89,54.34,30.95,44.3,60.06,49.69,51.56,50.62,50.32,59.11,57.02,79.13,41.61,35.5,67.56,48.44,42.21,64.68,58.71,62.62,50.0,54.17,65.48,54.26,57.58,52.17,43.83,47.18,55.95,44.46,70.24,59.52,55.45,56.86,55.36,60.42,47.34,48.81,60.12,38.1,54.0
2022-01-31,49.62,49.4,66.65,63.71,48.81,50.89,54.34,30.95,44.3,60.03,49.58,51.56,50.62,50.32,59.1,57.02,79.13,41.6,35.5,67.54,48.44,42.2,64.68,58.7,62.62,50.0,54.17,65.48,54.26,57.58,52.17,43.83,47.18,55.95,44.46,64.88,59.52,55.45,56.86,55.36,60.42,47.34,48.81,60.12,38.09,53.99
2022-02-01,49.62,49.4,66.65,63.7,42.86,50.89,53.28,30.95,44.3,60.03,49.58,30.72,50.61,43.94,59.08,57.01,79.12,41.6,35.49,67.51,48.44,42.19,64.68,58.68,62.62,52.38,54.17,61.9,54.26,57.57,52.16,43.83,47.18,48.81,44.46,64.88,59.52,55.45,56.86,42.26,60.42,47.34,48.81,60.12,38.08,53.97
2022-02-02,49.62,49.4,66.65,63.7,42.86,50.88,53.27,30.95,44.3,59.92,49.58,30.72,50.61,43.93,57.28,57.01,79.12,41.59,35.49,67.49,48.43,42.19,64.68,58.67,62.62,52.38,54.17,61.9,54.26,57.57,52.16,43.83,47.17,48.81,44.46,64.88,59.52,55.44,56.86,42.26,60.42,47.34,48.81,60.12,38.08,53.96
2022-02-03,49.62,49.4,66.65,63.69,42.86,50.88,53.27,30.95,44.29,59.92,49.57,30.72,50.6,43.93,57.26,57.01,79.11,41.58,35.48,67.47,48.43,42.18,64.68,58.65,62.62,52.38,54.17,61.9,54.26,57.56,52.16,43.83,47.17,48.81,44.46,64.88,59.52,55.44,56.86,42.26,60.42,47.34,48.81,60.12,38.07,53.94
2022-02-04,49.62,49.4,66.63,63.69,42.86,50.87,53.26,30.95,44.29,59.92,49.57,30.72,50.6,43.87,57.24,57.01,79.1,41.58,35.48,67.45,48.42,42.17,64.68,58.63,62.61,52.38,54.17,61.9,54.26,57.56,52.16,43.83,47.17,48.81,44.46,64.88,59.52,55.44,56.86,42.26,60.42,47.34,48.81,60.12,38.06,53.93
2022-02-05,49.62,49.4,66.63,63.68,42.86,50.85,53.26,30.95,44.29,59.92,49.57,30.72,50.6,43.87,57.22,57.01,79.1,41.58,35.47,67.42,48.42,36.89,64.68,58.62,62.61,52.38,54.17,61.9,52.95,57.56,52.16,43.83,47.17,48.81,44.46,70.24,59.52,53.06,56.86,42.26,60.42,47.34,48.81,60.12,38.06,53.92
2022-02-06,49.61,49.4,66.63,63.68,42.86,50.84,53.26,30.95,44.29,59.89,49.57,30.72,50.6,43.87,57.22,57.01,79.1,41.56,36.22,67.4,48.42,36.89,64.68,58.61,62.61,52.38,54.17,61.9,52.94,57.56,52.16,43.81,47.17,48.81,44.46,70.24,59.52,53.06,56.86,42.26,60.42,47.34,48.81,60.12,38.06,53.91
2022-02-07,49.61,49.4,66.63,63.68,42.86,50.84,53.25,30.95,44.29,59.89,49.57,30.72,50.6,43.86,57.2,57.01,75.52,41.55,36.22,67.38,48.42,36.89,64.68,58.26,62.61,52.38,54.17,61.9,52.94,57.55,52.16,43.81,47.16,48.81,44.46,64.88,59.52,53.06,56.86,42.26,44.34,47.34,48.81,60.12,38.05,53.9
2022-02-08,49.61,49.4,66.63,63.67,42.86,50.84,53.25,30.95,44.29,59.87,49.56,30.72,50.59,47.89,57.19,57.01,75.52,41.55,36.21,67.36,48.41,36.89,58.51,58.25,62.61,52.38,54.17,61.9,52.94,57.55,52.16,43.81,47.16,48.81,44.46,64.88,59.52,53.06,56.86,42.26,44.32,47.34,48.81,60.12,38.04,53.88
2022-02-09,49.61,49.4,66.63,63.67,42.86,50.82,53.24,30.95,44.28,59.86,49.56,30.72,50.59,47.89,57.17,57.01,75.51,41.54,36.21,67.34,48.41,36.89,58.51,58.25,62.61,52.38,54.17,61.9,52.94,57.55,52.16,25.45,47.16,48.81,44.46,64.88,59.52,53.06,56.86,42.26,44.31,47.34,48.81,60.12,40.24,53.87
2022-02-10,49.61,49.4,66.63,63.66,42.86,50.81,53.24,30.95,44.28,59.86,48.72,30.72,50.59,47.89,57.15,57.0,75.51,41.54,36.2,67.32,48.4,36.89,58.51,58.24,62.61,52.38,54.17,61.9,52.94,57.54,48.58,25.45,47.16,48.81,44.46,64.88,59.52,53.06,56.86,42.26,44.31,47.34,48.81,60.12,40.23,53.85
2022-02-11,49.61,49.4,66.61,63.65,42.86,50.81,53.23,30.95,44.28,59.86,48.72,30.71,50.59,47.88,57.14,57.0,75.5,41.54,35.44,63.57,48.4,36.88,58.51,58.23,62.61,52.38,54.17,61.9,52.94,57.54,48.58,25.45,46.66,48.81,40.89,64.88,59.52,53.06,56.86,42.26,44.31,47.34,48.81,60.12,40.23,53.83
2022-02-12,49.61,49.4,63.35,63.65,42.86,50.78,53.23,30.95,44.28,59.86,48.72,30.71,50.59,47.88,57.12,57.0,75.49,41.54,35.43,63.54,48.4,36.88,58.51,58.22,62.61,51.4,50.37,61.9,52.94,57.54,48.58,25.45,46.66,48.81,39.1,70.24,59.52,53.06,56.86,23.21,44.3,47.34,48.81,60.12,40.22,53.82
2022-02-13,49.6,49.4,63.35,63.64,42.86,50.78,53.23,30.95,44.28,59.84,48.72,30.71,50.58,47.88,57.12,57.0,75.49,41.54,35.42,63.53,48.4,36.88,58.51,58.21,62.61,51.4,50.37,61.9,52.93,57.54,48.58,25.45,46.66,48.81,39.1,70.24,59.52,53.05,56.86,23.21,44.29,47.34,48.81,60.12,40.22,53.82
2022-02-14,49.6,49.4,63.35,63.64,42.86,50.77,53.22,30.95,44.28,59.83,48.72,30.71,50.58,39.88,57.11,57.0,75.49,41.51,35.42,63.51,48.39,36.88,58.51,58.21,62.61,51.4,50.37,61.9,52.93,57.54,48.58,25.45,46.66,48.81,39.1,64.88,59.52,53.05,56.86,23.21,44.28,47.34,48.81,60.12,40.22,53.8
2022-02-15,46.63,49.4,63.35,63.64,46.43,50.77,53.22,30.95,40.71,59.83,48.72,30.71,50.58,39.88,57.09,57.0,75.48,41.5,35.42,63.49,48.39,36.88,58.51,58.2,55.46,51.4,50.37,61.9,52.93,57.53,48.58,25.45,42.2,45.24,39.1,64.88,59.52,48.28,53.29,23.21,44.27,47.34,48.81,60.12,40.21,53.79
2022-02-16,46.63,49.4,63.35,63.63,46.43,50.75,53.22,30.95,40.7,59.82,48.72,30.71,50.58,39.88,47.88,57.0,75.48,41.5,35.42,63.47,48.39,36.88,58.51,58.2,55.46,51.4,50.37,61.9,52.93,57.53,48.53,25.45,42.2,45.24,39.1,64.88,59.52,48.28,53.29,23.21,44.26,47.34,48.81,60.12,40.21,53.77
2022-02-17,46.63,49.4,63.35,63.62,46.43,50.75,53.21,30.95,40.7,59.82,48.72,30.71,50.57,39.88,47.87,57.0,75.48,41.49,35.42,63.46,48.39,36.88,58.51,58.2,55.46,51.4,40.85,61.9,52.93,57.53,48.52,25.45,42.19,45.24,39.1,64.88,36.31,48.28,53.29,23.21,44.25,47.34,48.81,35.71,40.2,53.76
2022-02-18,46.63,49.4,63.34,63.62,46.43,50.75,53.21,30.95,40.7,59.82,48.71,30.71,50.57,39.88,47.85,57.0,75.47,41.49,35.41,63.44,47.85,36.88,58.51,58.19,52.06,51.39,40.85,61.9,52.93,57.53,48.52,25.45,42.19,45.24,39.1,64.88,36.31,48.28,53.29,23.21,44.25,47.34,48.81,35.71,40.2,53.74
2022-02-19,46.63,49.4,63.34,63.62,46.43,50.73,53.21,30.95,40.7,59.8,48.71,30.71,50.57,39.88,47.84,57.0,75.47,41.49,35.41,63.42,47.85,36.88,58.51,58.18,52.06,51.39,40.85,61.9,52.93,54.98,48.52,25.45,42.19,45.24,39.1,70.24,36.31,48.28,53.29,23.21,44.25,47.34,48.81,35.71,40.2,53.73
2022-02-20,46.62,49.4,63.34,63.62,46.43,50.73,53.21,30.95,44.27,59.8,48.71,30.71,50.57,39.88,47.84,57.0,75.47,41.47,35.4,63.41,47.85,36.88,58.51,58.18,52.06,51.39,40.85,61.9,52.92,46.65,48.52,25.44,42.19,45.24,39.1,70.24,36.31,48.28,53.29,23.21,44.25,47.33,48.81,35.71,40.2,53.73
2022-02-21,46.62,49.4,63.34,63.62,46.43,50.72,53.21,30.95,44.27,59.8,48.71,30.71,50.57,39.88,47.83,57.0,75.46,41.47,35.4,63.39,47.85,38.67,58.51,58.18,52.06,47.03,40.85,61.9,52.92,27.63,48.52,25.44,42.19,45.24,39.1,64.88,36.31,48.28,53.29,23.21,44.25,47.33,48.81,35.71,40.19,53.73
2022-02-22,46.62,47.62,62.87,63.62,46.43,50.72,53.2,30.95,44.27,59.8,48.71,30.71,50.56,39.88,47.82,56.99,75.46,41.46,35.4,63.38,47.84,38.67,58.51,58.17,52.06,47.02,40.85,61.9,52.92,27.63,48.51,25.44,42.19,45.24,39.09,64.88,36.31,48.27,53.29,23.21,44.25,47.33,48.81,35.71,40.19,53.73
2022-02-23,46.62,47.62,62.87,63.62,46.43,50.71,53.2,30.95,44.27,59.8,48.71,30.71,50.56,39.88,47.8,56.99,64.75,41.46,35.4,63.36,47.84,38.1,58.51,58.17,52.06,47.02,40.85,61.9,50.54,27.63,48.51,25.44,42.19,45.24,39.09,64.88,36.31,48.27,53.29,23.21,44.25,47.33,48.81,35.71,40.19,51.26
2022-02-24,46.62,47.62,62.87,63.62,45.24,50.71,53.2,30.95,44.26,59.8,48.71,30.71,50.56,39.88,47.8,56.99,61.17,41.45,35.4,63.35,47.84,38.1,58.51,58.17,52.06,47.02,40.85,61.9,50.54,27.63,48.5,25.44,42.19,45.24,39.09,64.88,36.31,48.27,53.29,23.21,47.82,47.33,48.81,35.71,40.18,44.12
2022-02-25,46.62,47.62,62.86,63.62,45.24,50.7,53.19,30.95,44.26,59.8,48.71,30.71,50.56,39.88,47.78,56.99,61.16,41.45,35.4,63.34,47.84,38.1,58.51,58.17,49.37,47.02,40.83,61.9,50.54,27.62,48.5,25.44,42.19,45.24,21.43,64.88,36.31,48.27,53.29,23.21,47.82,47.33,48.81,35.71,40.18,44.12
2022-02-26,46.62,47.62,62.86,63.62,45.24,50.7,53.19,27.38,44.26,59.8,48.71,30.71,50.56,39.88,47.77,56.99,61.16,41.45,35.39,63.32,47.84,38.1,58.51,58.16,49.37,47.02,40.83,61.9,50.54,27.62,48.5,25.44,42.19,45.24,21.43,70.24,36.31,48.27,53.29,23.21,47.82,47.33,48.81,35.71,40.18,44.12
2022-02-27,46.62,47.62,62.86,63.62,45.24,50.7,53.19,27.38,44.26,59.8,48.71,30.71,50.56,39.88,47.77,56.99,61.16,41.44,35.39,63.31,47.84,38.1,58.51,58.16,49.37,47.02,40.83,61.9,50.54,27.62,48.5,25.44,42.19,45.24,21.43,70.24,36.31,48.27,53.29,23.21,47.82,47.33,48.81,35.71,40.18,44.12
2022-02-28,46.62,47.62,62.86,63.62,45.24,50.69,53.19,27.38,44.26,59.8,48.71,30.71,50.55,38.69,47.77,56.99,61.15,41.44,33.01,62.97,47.84,38.1,58.51,58.16,49.37,47.02,40.83,61.9,50.54,27.62,48.49,25.44,38.39,45.24,21.43,64.88,36.31,48.27,53.29,23.21,47.82,47.33,48.81,35.71,40.17,44.12
2022-03-01,46.62,50.0,62.86,63.62,45.24,50.69,53.19,27.38,41.49,59.8,48.71,30.36,50.55,38.69,47.76,56.99,61.15,41.44,33.01,60.29,42.49,38.1,58.51,58.16,49.37,35.91,40.83,61.9,50.54,27.62,48.49,25.44,38.39,44.64,21.43,64.88,36.9,48.27,49.72,23.21,47.82,47.33,48.81,35.71,40.17,44.12
2022-03-02,46.62,50.0,62.86,63.62,45.24,50.69,53.19,27.38,41.49,59.8,48.71,30.36,50.55,38.69,47.75,56.99,61.15,41.44,33.01,60.28,42.49,38.1,58.51,58.15,49.37,35.91,40.83,61.9,50.54,27.62,48.49,25.44,38.39,44.64,21.43,64.88,36.9,48.26,49.72,23.21,47.82,47.33,48.81,35.71,26.19,44.12
2022-03-03,46.62,45.24,62.86,63.62,45.24,50.69,53.19,27.38,41.49,59.8,48.71,30.36,50.55,38.69,47.75,55.64,61.15,41.43,33.0,60.28,42.49,38.1,58.51,58.15,49.37,35.91,40.83,61.9,50.54,27.62,48.48,25.44,38.39,44.64,21.43,64.88,36.9,48.26,49.72,23.21,44.23,47.33,48.81,35.71,26.19,44.12
2022-03-04,46.62,45.24,62.86,63.62,45.24,50.69,53.19,27.38,41.49,59.8,48.7,30.36,50.54,38.69,47.74,55.64,61.15,41.43,33.0,60.27,42.49,38.1,58.51,58.15,49.37,35.91,40.83,61.9,50.54,27.62,48.48,25.44,38.39,42.26,21.43,64.88,36.9,48.26,49.72,23.21,44.22,47.33,48.81,35.71,26.19,44.12
2022-03-05,46.62,45.24,54.81,63.62,45.24,50.68,53.19,27.38,41.49,59.8,48.7,30.36,50.54,38.69,47.73,55.64,61.15,41.43,33.0,60.26,42.49,38.1,58.51,58.15,49.37,35.91,40.83,61.9,50.54,27.62,48.48,25.44,38.39,42.26,21.43,64.88,36.9,48.26,49.72,23.21,44.22,47.33,48.81,35.71,26.19,44.12
2022-03-06,46.62,45.24,54.81,59.52,45.24,50.68,53.19,27.38,41.48,59.8,48.7,30.36,50.54,38.69,47.73,55.64,61.15,41.43,32.99,60.26,42.49,38.1,58.51,58.15,49.37,35.91,40.83,61.9,50.54,27.62,48.48,25.43,38.39,42.26,21.43,64.88,36.9,48.26,49.72,23.21,44.22,47.03,48.81,35.71,26.19,44.12
2022-03-07,46.62,45.24,54.81,59.52,45.24,48.9,53.19,27.38,41.48,59.8,48.7,30.36,54.71,38.69,47.73,55.64,61.15,22.62,31.2,60.26,42.49,38.1,58.51,58.14,49.37,35.91,40.83,61.9,50.54,27.62,46.7,25.43,38.39,42.26,21.43,64.88,36.9,48.26,49.72,23.21,44.22,47.03,48.81,35.71,26.19,44.12
2022-03-08,46.62,45.24,54.81,59.52,45.24,40.48,53.19,27.38,41.48,59.8,48.7,30.36,54.71,38.69,47.73,55.64,61.14,22.62,31.2,60.25,42.49,38.1,58.51,58.14,49.37,35.91,39.04,61.9,50.54,27.62,46.7,25.43,38.39,42.26,21.43,64.88,36.9,48.26,49.72,23.21,44.22,47.03,48.81,35.71,27.98,44.12
2022-03-09,46.62,45.24,54.81,59.52,45.24,40.48,53.19,27.38,41.48,59.8,48.7,30.36,54.71,38.69,47.72,55.64,61.14,22.62,29.42,60.25,42.49,38.1,58.51,58.14,49.37,35.91,39.04,36.31,50.54,27.62,46.7,25.43,38.39,42.26,21.43,64.88,36.9,48.26,49.72,23.21,44.21,47.03,48.81,35.71,27.98,44.12
2022-03-10,41.27,45.24,54.81,59.51,45.24,40.48,53.19,27.38,41.48,59.8,48.7,23.21,54.71,38.69,47.72,55.64,61.14,22.62,29.42,60.24,42.49,38.1,58.51,58.14,49.37,35.91,39.04,36.31,50.54,27.62,46.6,25.43,38.39,42.26,21.43,64.88,36.9,48.26,49.72,23.21,44.21,47.03,48.81,35.71,27.98,44.12
2022-03-11,41.27,45.24,54.8,59.5,45.24,40.48,53.19,27.38,41.48,59.8,48.7,23.21,54.71,38.69,47.72,55.64,61.14,22.62,29.42,60.24,42.48,38.1,41.91,58.14,49.37,35.9,39.03,36.31,50.54,27.62,46.6,25.43,38.39,42.26,21.43,64.88,36.9,48.26,49.72,23.21,44.21,47.03,48.81,35.71,27.98,44.12
2022-03-12,41.27,45.24,54.8,59.5,45.24,40.48,53.19,27.38,41.48,59.8,48.7,23.21,54.71,38.69,47.71,55.64,61.14,22.62,29.42,60.24,42.48,38.1,41.91,58.13,49.37,35.9,39.03,36.31,50.54,27.62,46.6,25.43,38.39,42.26,21.43,64.88,36.9,48.26,49.72,23.21,44.21,47.03,48.81,35.71,27.98,44.12
2022-03-13,41.27,45.24,54.8,59.49,45.24,40.48,53.19,27.38,41.48,59.8,48.7,23.21,54.7,38.69,47.71,55.64,61.14,22.62,29.41,60.24,42.48,38.1,41.91,58.13,49.37,35.9,39.03,36.31,50.54,27.62,46.6,25.43,38.39,42.26,21.43,64.88,36.9,48.26,49.72,23.21,44.21,47.03,48.81,35.71,27.98,44.12
2022-03-14,41.27,45.24,54.8,59.49,45.24,40.48,53.19,27.38,41.48,59.8,48.7,23.21,54.7,38.69,40.68,55.64,61.14,22.62,29.41,60.23,42.48,38.1,41.91,57.9,39.84,35.9,39.03,36.31,37.87,27.62,46.6,25.43,38.39,42.26,21.43,61.31,36.9,48.26,49.72,23.21,44.21,47.03,48.81,35.71,27.98,44.12
2022-03-15,41.27,45.24,54.8,59.49,45.24,40.48,53.19,25.0,41.48,59.8,48.7,23.21,45.28,38.69,40.68,55.63,61.13,22.62,29.41,60.23,42.48,38.1,41.91,57.9,39.84,35.9,39.03,36.31,37.87,27.62,46.6,25.43,38.39,42.26,21.43,61.31,36.9,48.26,45.39,23.21,44.2,47.03,48.81,35.71,27.98,44.12
2022-03-16,41.27,45.24,54.8,59.48,45.24,40.48,53.19,25.0,41.48,59.8,48.7,23.21,50.64,38.69,40.68,55.63,61.13,22.62,29.41,60.23,42.48,38.1,41.91,57.9,39.84,35.9,39.03,32.74,37.87,27.62,46.58,25.43,38.39,42.26,21.43,61.31,36.9,33.33,45.39,23.21,44.2,47.03,48.81,35.71,27.98,44.12
2022-03-17,41.27,45.24,54.8,59.48,45.24,40.48,42.84,25.0,41.48,59.8,48.7,23.21,50.64,38.69,40.68,55.63,61.13,22.62,29.41,60.22,42.48,38.1,41.91,57.9,39.84,35.9,39.03,32.74,37.87,27.62,46.58,25.43,38.39,42.26,21.43,61.31,36.9,33.33,45.39,23.21,44.2,43.46,48.81,35.71,27.98,47.69
2022-03-18,41.27,45.24,54.8,59.47,45.24,40.48,42.84,25.0,41.48,59.8,48.7,23.21,50.64,38.69,40.67,55.63,61.13,22.62,29.41,60.22,42.48,38.1,41.91,57.9,39.84,35.9,39.03,32.74,37.87,27.62,46.58,25.43,36.61,42.26,21.43,61.31,36.9,33.33,45.39,23.21,44.2,43.46,48.81,35.71,27.98,47.69
2022-03-19,41.27,45.24,54.8,59.46,45.24,40.48,42.84,25.0,41.48,59.8,48.7,23.21,50.64,40.48,40.67,55.63,61.13,22.62,29.41,60.22,42.48,38.1,41.91,57.9,39.84,35.9,39.03,32.74,37.87,27.62,46.58,25.43,36.61,42.26,21.43,61.31,36.9,33.33,45.39,23.21,44.2,43.46,48.81,35.71,27.98,47.69
2022-03-20,41.27,45.24,54.8,59.46,45.24,40.48,42.84,25.0,41.48,59.8,48.7,23.21,50.64,40.48,40.67,55.63,58.75,22.62,29.41,60.22,42.48,38.1,41.91,57.9,39.84,35.9,39.03,32.74,37.87,27.62,46.58,25.43,36.61,42.26,21.43,61.31,36.9,33.33,45.39,23.21,44.2,43.45,48.81,35.71,27.98,47.69
2022-03-21,41.27,45.24,58.33,59.46,45.24,40.48,42.84,25.0,41.47,59.8,48.7,23.21,50.64,40.48,40.67,55.63,58.75,22.62,29.41,60.22,42.48,38.1,41.91,57.9,39.84,35.9,39.03,32.74,37.87,27.62,46.58,25.43,36.61,41.07,21.43,61.31,36.9,33.33,45.39,23.21,44.2,43.45,48.81,35.71,27.98,47.69
2022-03-22,37.69,45.24,58.33,59.46,43.45,40.48,42.84,25.0,37.9,59.8,48.7,23.21,43.5,40.48,38.29,55.63,58.75,22.62,29.41,60.21,42.48,38.1,41.91,57.89,39.84,35.9,39.03,32.74,37.87,27.62,46.58,25.43,36.61,41.07,21.43,61.31,36.9,33.33,45.39,23.21,44.19,43.45,48.81,35.71,27.98,47.69
2022-03-23,37.69,45.24,58.33,59.46,43.45,40.48,42.84,25.0,37.9,59.8,48.7,23.21,43.5,40.48,38.29,55.63,58.75,22.62,29.4,60.21,42.48,38.1,41.91,57.89,38.63,35.9,39.03,32.74,37.87,27.62,46.56,25.43,36.61,41.07,21.43,61.31,36.9,33.33,45.39,23.21,44.19,43.45,48.81,35.71,27.98,47.69
2022-03-24,37.69,45.24,58.33,59.45,43.45,40.48,42.84,25.0,37.9,59.8,48.7,23.21,43.5,40.48,38.29,55.63,58.75,22.62,29.4,60.21,42.48,38.1,41.91,57.89,38.63,35.9,39.03,32.74,37.87,27.62,46.56,25.43,36.61,41.07,21.43,61.31,36.9,33.33,45.39,23.21,44.18,43.45,48.81,35.71,27.98,47.69
2022-03-25,37.69,45.24,58.33,59.45,43.45,40.48,42.84,25.0,37.9,59.8,48.7,23.21,43.5,40.48,38.29,55.63,58.75,22.62,29.4,60.21,42.48,38.1,41.91,57.89,38.63,35.9,39.03,32.74,37.87,27.62,46.56,25.43,36.61,41.07,21.43,61.31,36.9,33.33,45.39,23.21,44.18,43.45,48.81,35.71,27.98,47.69
2022-03-26,37.69,45.24,58.33,59.45,43.45,40.48,42.84,25.0,37.9,59.8,38.12,23.21,43.5,40.48,38.29,55.63,58.74,22.62,29.4,60.21,42.48,38.1,41.91,57.89,38.63,35.9,39.03,32.74,37.87,27.62,46.56,25.43,36.61,41.07,21.43,61.31,36.9,33.33,45.39,23.21,44.17,43.45,48.81,35.71,27.98,21.94
2022-03-27,37.69,45.24,58.33,59.45,43.45,40.48,42.84,25.0,37.9,59.8,38.12,23.21,43.5,40.48,38.29,55.63,58.74,22.62,29.4,60.2,42.48,38.1,41.91,57.89,38.63,35.9,39.03,32.74,37.87,27.62,46.56,25.43,36.61,41.07,21.43,61.31,36.9,33.33,45.39,23.21,44.17,43.45,48.81,35.71,27.98,21.94
2022-03-28,37.69,45.24,58.33,59.45,44.62,40.48,42.84,25.0,37.9,58.02,38.12,23.21,43.5,40.48,38.29,55.63,58.74,22.62,29.4,60.2,42.48,38.1,41.91,57.89,38.63,27.38,39.03,32.74,37.87,27.62,46.56,25.43,36.61,27.98,19.05,61.31,36.9,33.33,45.39,23.21,44.17,43.45,48.81,35.71,27.98,21.94
2022-03-29,34.72,45.24,58.33,59.44,44.62,40.48,41.18,25.0,37.9,58.02,38.12,21.43,43.5,40.48,38.29,55.63,58.74,22.62,29.4,60.2,42.48,38.1,41.91,57.89,38.63,27.38,39.03,32.74,37.87,27.62,46.56,25.43,36.61,27.98,19.05,61.31,36.9,33.33,45.39,23.21,44.17,41.07,48.81,35.71,27.98,21.94
2022-03-30,34.72,45.24,58.33,59.44,44.62,40.48,41.18,25.0,37.9,58.02,38.12,21.43,43.5,40.48,38.29,55.63,58.74,22.62,29.4,60.2,42.48,38.1,41.91,57.89,38.63,27.38,39.03,32.74,37.87,27.62,46.55,25.43,36.61,27.98,19.05,61.31,36.9,33.33,45.39,23.21,44.17,41.07,48.81,35.71,27.98,21.94
2022-03-31,34.72,45.24,58.33,59.43,44.62,40.48,41.18,25.0,37.9,58.02,38.12,21.43,43.5,40.48,38.29,55.63,58.74,22.62,29.4,60.2,30.95,38.1,41.91,57.89,38.63,27.38,39.03,32.74,37.87,27.62,46.55,25.43,36.61,27.98,19.05,61.31,34.52,33.33,45.39,23.21,44.17,41.07,48.81,35.71,27.98,21.94
2022-04-01,31.55,42.86,58.33,59.43,44.62,38.69,41.18,25.0,37.9,58.02,38.12,21.43,43.5,40.48,38.29,55.63,58.74,22.62,27.01,55.59,29.17,38.1,41.91,57.89,38.62,22.62,39.03,32.74,37.87,27.62,46.55,19.05,36.61,27.98,19.05,61.31,25.6,33.33,45.39,23.21,44.17,23.81,48.81,23.81,27.98,21.94
2022-04-02,31.55,42.86,58.33,59.43,44.62,38.69,41.18,25.0,37.9,58.02,38.12,21.43,43.5,40.48,38.29,55.63,58.74,22.62,27.01,55.58,29.17,38.1,41.91,57.88,38.62,22.62,39.03,32.74,37.87,27.62,46.55,19.05,36.61,27.98,19.05,61.31,25.6,33.33,45.39,23.21,44.17,23.81,48.81,23.81,27.98,21.94
2022-04-03,31.55,42.86,58.33,59.42,44.62,38.69,41.18,25.0,37.9,58.02,38.12,21.43,43.5,40.48,38.29,41.5,58.74,22.62,27.01,55.58,29.17,38.1,41.91,57.88,38.62,22.62,39.03,32.74,37.87,27.62,46.55,19.05,36.61,27.98,19.05,61.31,25.6,33.33,45.39,23.21,44.17,23.81,48.81,23.81,27.98,21.94
2022-04-04,31.55,42.86,58.33,59.42,44.62,38.69,38.69,25.0,37.9,58.02,38.12,21.43,43.5,40.48,38.29,41.5,58.74,22.62,27.01,55.58,29.17,36.31,41.91,57.88,38.62,22.62,39.03,32.74,37.87,27.62,46.55,19.05,36.61,27.98,19.05,61.31,25.6,33.33,45.39,23.21,44.16,23.81,48.81,23.81,27.98,21.94
2022-04-05,31.55,42.86,58.33,59.42,43.45,38.69,30.36,25.0,37.9,58.02,38.12,21.43,43.5,40.48,38.29,41.5,58.74,22.62,27.01,55.58,29.17,36.31,41.91,57.88,38.62,22.62,39.03,32.74,37.87,27.62,46.55,19.05,36.61,27.98,19.05,61.31,25.6,33.33,44.86,23.21,44.16,23.81,48.81,23.81,27.98,21.94
2022-04-06,31.55,42.86,58.33,59.41,43.45,38.69,30.36,25.0,37.9,58.02,38.12,21.43,43.5,40.48,38.29,41.5,58.74,22.62,27.01,55.58,29.17,36.31,41.91,57.88,39.84,22.62,39.03,32.74,35.12,27.62,46.54,19.05,36.61,27.98,19.05,38.1,25.6,33.33,44.86,23.21,44.16,23.81,48.81,23.81,27.98,21.94
2022-04-07,31.55,42.86,58.33,59.41,43.45,38.69,30.36,25.0,37.9,58.02,38.12,21.43,43.5,40.48,38.29,41.5,58.74,22.62,27.01,55.58,29.17,36.31,41.91,57.88,39.84,22.62,39.03,32.74,35.12,27.62,45.99,19.05,36.61,27.98,19.05,38.1,25.6,33.33,44.86,23.21,44.16,23.81,48.81,23.81,27.98,21.94
2022-04-08,31.55,42.86,58.33,59.41,43.45,38.69,30.36,25.0,37.9,58.02,38.12,21.43,43.5,40.48,38.29,41.5,58.74,22.62,27.01,55.58,29.17,36.31,41.91,57.88,39.84,22.62,39.03,32.74,35.12,27.62,45.99,19.05,36.61,27.98,19.05,38.1,25.6,33.33,44.86,23.21,44.16,23.81,48.81,23.81,27.98,21.94
2022-04-09,31.55,42.86,58.33,59.41,43.45,38.69,30.36,25.0,29.96,58.02,35.71,21.43,43.5,40.48,38.29,41.5,58.73,22.62,27.01,55.58,29.17,36.31,41.91,57.88,39.84,22.62,39.03,32.74,35.12,27.62,45.99,19.05,36.61,27.98,19.05,38.1,25.6,33.33,44.86,23.21,44.16,23.81,48.81,23.81,27.98,21.94
2022-04-10,31.55,42.86,58.33,59.4,43.45,38.69,30.36,25.0,29.96,58.02,35.71,21.43,43.5,40.48,38.29,41.5,58.73,22.62,27.01,55.58,29.17,36.31,41.91,50.74,39.84,22.62,39.03,32.74,35.12,27.62,45.99,19.05,36.61,27.98,19.05,38.1,25.6,33.33,44.86,23.21,44.16,23.81,48.81,23.81,27.98,21.94
2022-04-11,31.55,42.86,58.33,59.4,43.45,38.69,30.36,25.0,29.96,58.02,35.71,21.43,41.71,40.48,38.29,41.5,58.73,22.62,27.01,55.58,29.17,36.31,41.91,50.74,39.84,22.62,39.03,32.74,35.12,27.62,45.99,19.05,36.61,27.98,19.05,38.1,25.6,33.33,44.86,23.21,44.15,23.81,48.81,23.81,27.98,21.94
2022-04-12,32.74,42.86,58.33,59.4,43.45,38.69,30.36,25.0,29.96,58.02,35.71,21.43,41.71,40.48,38.29,41.5,58.73,26.19,27.01,55.58,29.17,38.69,41.91,50.73,39.84,22.62,39.03,32.74,35.12,27.62,45.99,19.05,36.61,27.98,19.05,38.1,25.6,33.33,44.86,23.21,44.15,23.81,48.81,23.81,27.98,21.94
2022-04-13,32.74,42.86,58.33,59.4,43.45,38.69,30.36,25.0,29.96,58.02,35.71,21.43,41.71,40.48,38.29,41.5,58.73,26.19,27.01,55.58,29.17,38.69,41.91,46.57,39.84,22.62,39.03,32.74,35.12,27.62,45.99,19.05,36.61,27.98,19.05,38.1,25.6,33.33,44.86,23.21,44.15,23.81,48.81,23.81,27.98,21.94
2022-04-14,32.74,42.86,58.33,59.4,43.45,38.69,30.36,25.0,29.96,58.02,35.71,21.43,36.35,40.48,38.29,41.5,58.73,26.19,27.01,55.58,29.17,38.69,41.91,46.56,39.84,22.62,39.03,32.74,35.12,25.83,45.99,19.05,36.61,27.98,19.05,38.1,25.6,33.33,44.86,23.21,44.15,23.81,48.81,23.81,27.98,21.94
2022-04-15,32.74,42.86,58.33,59.4,43.45,38.69,30.36,25.0,29.96,58.02,35.71,21.43,36.35,40.48,38.29,41.5,58.73,26.19,27.01,55.57,29.17,38.69,41.91,46.56,39.84,22.62,39.03,32.74,35.12,25.83,45.99,19.05,36.61,27.98,19.05,38.1,25.6,33.33,44.86,23.21,44.14,23.81,48.81,23.81,27.98,21.94
2022-04-16,32.74,42.86,56.55,59.4,43.45,38.69,30.36,25.0,29.96,58.02,35.71,21.43,36.35,40.48,38.29,41.5,58.73,26.19,27.01,55.57,29.17,38.69,41.91,46.56,39.84,22.62,39.03,32.74,35.12,25.83,45.99,19.05,36.61,27.98,19.05,38.1,25.6,26.79,44.86,23.21,44.14,23.81,48.81,23.81,27.98,21.94
2022-04-17,32.74,42.86,56.55,59.39,43.45,38.69,30.36,25.0,29.96,58.02,35.71,21.43,36.35,40.48,38.29,41.5,58.73,26.19,27.01,55.57,29.17,38.69,41.91,46.56,39.84,22.62,39.03,32.74,35.12,25.83,45.99,19.05,36.61,27.98,19.05,38.1,25.6,26.79,44.86,23.21,44.14,23.81,48.81,23.81,27.98,21.94
2022-04-18,32.74,42.86,56.55,59.39,43.45,38.69,30.36,25.0,29.96,58.02,35.71,21.43,36.35,40.48,38.29,41.5,58.73,26.19,27.01,55.57,29.17,38.69,41.91,46.56,39.84,22.62,39.03,32.74,35.12,25.83,45.99,19.05,28.27,27.98,19.05,38.1,25.6,26.79,44.86,23.21,44.14,23.81,48.81,23.81,27.98,21.94
2022-04-19,32.74,42.86,56.55,59.39,43.45,38.69,30.36,25.0,29.96,58.02,35.71,21.43,36.35,40.48,38.29,41.5,58.73,26.19,27.0,55.57,29.17,38.69,41.91,46.56,37.46,22.62,39.03,30.36,35.12,25.83,45.99,19.05,27.08,27.98,19.05,38.1,25.6,26.79,44.86,23.21,44.14,23.81,48.81,21.43,27.98,21.94
2022-04-20,32.74,42.86,56.55,59.39,43.45,38.69,30.36,25.0,29.96,58.02,35.71,21.43,36.35,40.48,38.29,41.5,57.54,26.19,27.0,55.57,29.17,38.69,41.91,46.56,37.46,22.62,27.38,30.36,35.12,25.83,39.17,19.05,27.08,27.98,19.05,38.1,25.6,26.79,44.86,23.21,44.14,23.81,48.81,21.43,27.98,21.94
2022-04-21,32.74,42.86,56.55,59.39,43.45,38.69,30.36,25.0,29.96,58.02,35.71,21.43,36.35,40.48,38.29,41.5,57.54,26.19,27.0,55.57,26.79,38.69,41.91,46.56,37.46,22.62,27.38,30.36,29.76,25.83,39.17,19.05,27.08,27.98,19.05,38.1,25.6,26.79,44.86,23.21,44.14,23.81,48.81,21.43,27.98,21.94
2022-04-22,32.74,42.86,56.55,59.39,43.45,38.69,30.36,25.0,29.96,58.02,35.71,21.43,36.35,40.48,38.29,41.5,57.54,26.19,27.0,55.57,26.79,38.69,41.91,46.56,37.45,22.62,27.38,30.36,29.76,25.83,39.17,19.05,27.08,27.98,19.05,38.1,25.6,26.79,44.86,23.21,44.14,23.81,48.81,21.43,27.98,21.94
2022-04-23,32.74,42.86,56.55,59.39,43.45,38.69,30.36,25.0,29.96,58.02,35.71,21.43,36.35,40.48,38.29,41.5,57.54,26.19,27.0,55.57,26.79,38.69,41.91,46.56,37.45,22.62,27.38,30.36,29.76,25.83,39.17,19.05,27.08,27.98,19.05,38.1,25.6,26.79,44.86,23.21,44.14,23.81,48.81,21.43,27.98,21.94
2022-04-24,32.74,42.86,56.55,59.39,43.45,38.69,30.36,25.0,29.96,58.02,35.71,21.43,36.35,40.48,38.29,41.5,57.54,26.19,27.0,55.57,26.79,38.69,41.91,46.56,37.45,22.62,27.38,30.36,29.76,25.83,39.17,19.05,27.08,27.98,19.05,38.1,25.6,26.79,44.86,23.21,44.14,23.81,48.81,21.43,27.98,21.94
2022-04-25,32.74,42.86,56.55,59.39,43.45,38.69,30.36,25.0,29.96,58.02,35.71,21.43,36.35,40.48,38.29,41.5,57.54,26.19,27.0,55.57,26.79,36.9,41.91,46.56,37.45,22.62,27.38,30.36,29.76,25.83,39.17,19.05,27.08,27.98,19.05,38.1,25.6,26.79,44.86,23.21,44.14,23.81,48.81,21.43,27.98,21.94
2022-04-26,32.74,42.86,56.55,59.39,43.45,38.69,30.36,25.0,24.0,58.02,35.71,21.43,36.35,40.48,38.29,41.5,57.54,26.19,27.0,55.57,26.79,36.9,41.91,46.56,37.45,22.62,27.38,30.36,29.76,25.83,39.17,19.05,27.08,27.98,19.05,38.1,25.6,26.79,44.86,23.21,44.12,23.81,30.36,21.43,25.6,21.94
2022-04-27,32.74,42.86,56.55,59.39,43.45,38.69,30.36,25.0,24.0,58.02,35.71,21.43,36.35,40.48,38.29,41.5,57.54,26.19,27.0,55.57,26.79,36.9,41.91,46.56,37.45,22.62,27.38,30.36,29.76,25.83,39.17,19.05,27.08,27.98,19.05,43.45,25.6,26.79,44.86,23.21,44.12,23.81,30.36,21.43,25.6,21.94
2022-04-28,32.74,42.86,56.55,59.39,43.45,38.69,30.36,25.0,24.0,58.02,35.71,21.43,36.35,40.48,38.29,41.5,57.54,26.19,27.0,55.57,26.79,36.9,41.91,46.56,37.45,22.62,27.38,30.36,29.76,25.83,39.17,19.05,27.08,27.98,19.05,43.45,25.6,26.79,44.86,23.21,44.12,23.81,30.36,21.43,25.6,21.94
2022-04-29,32.74,42.86,56.55,59.38,43.45,38.69,30.36,25.0,24.0,58.02,35.71,21.43,36.35,40.48,38.29,41.5,57.54,26.19,27.0,55.57,26.79,36.9,41.91,46.56,37.45,22.62,27.38,30.36,29.76,25.83,39.17,19.05,27.08,27.98,19.05,43.45,25.6,26.79,44.86,23.21,44.12,23.81,30.36,21.43,25.6,21.94
2022-04-30,32.74,42.86,56.55,59.38,43.45,38.69,30.36,25.0,24.0,58.02,35.71,21.43,36.35,40.48,38.29,41.5,57.54,26.19,27.0,55.57,26.79,36.9,41.91,46.56,37.45,22.62,27.38,30.36,29.76,25.83,39.17,19.05,27.08,27.98,19.05,43.45,25.6,26.79,44.86,23.21,44.12,23.81,30.36,21.43,25.6,21.94
2022-05-01,32.74,32.14,56.55,55.81,43.45,38.69,28.57,25.0,21.43,58.02,35.71,21.43,36.35,40.48,38.29,41.5,38.73,26.19,27.0,46.62,26.79,20.83,41.91,46.56,37.45,22.62,27.38,30.36,29.76,25.83,39.17,19.05,27.08,27.98,19.05,43.45,25.6,26.79,44.86,23.21,44.12,20.24,30.36,21.43,25.6,21.94
2022-05-02,32.74,32.14,56.55,55.81,43.45,38.69,28.57,25.0,21.43,58.02,35.71,21.43,32.78,40.48,38.29,41.5,38.73,26.19,27.0,46.62,26.79,20.83,41.91,32.74,37.45,22.62,27.38,30.36,29.76,25.83,39.17,19.05,27.08,27.98,19.05,43.45,25.6,26.79,44.86,23.21,44.12,20.24,30.36,21.43,25.6,21.94
2022-05-03,32.74,32.14,56.55,55.81,43.45,38.69,28.57,25.0,21.43,58.02,35.71,21.43,32.78,40.48,38.29,41.5,38.73,26.19,27.0,46.62,26.79,20.83,41.91,32.74,37.45,22.62,27.38,30.36,29.76,25.83,39.17,19.05,27.08,27.98,19.05,43.45,25.6,26.79,44.86,23.21,33.04,20.24,28.57,21.43,25.6,21.94
2022-05-04,32.74,32.14,56.55,55.81,43.45,38.69,28.57,25.0,21.43,58.02,35.71,21.43,32.78,40.48,38.29,41.5,38.73,26.19,27.0,46.62,26.79,20.83,41.91,32.74,37.45,22.62,27.38,30.36,29.76,25.83,39.17,19.05,27.08,27.98,19.05,43.45,25.6,26.79,44.86,23.21,33.04,20.24,28.57,21.43,25.6,21.94
2022-05-05,32.74,32.14,56.55,55.81,43.45,38.69,28.57,25.0,21.43,58.02,35.71,21.43,32.78,40.48,38.29,41.5,38.73,26.19,27.0,46.62,26.79,20.83,41.91,32.74,37.45,22.62,27.38,30.36,29.76,25.83,39.17,19.05,27.08,27.98,19.05,43.45,25.6,26.79,44.86,23.21,33.04,20.24,28.57,21.43,25.6,21.94
2022-05-06,32.74,32.14,56.55,55.81,43.45,38.69,28.57,25.0,21.43,58.02,35.71,21.43,32.78,40.48,38.29,41.5,38.73,26.19,27.0,46.62,26.79,20.83,41.91,32.74,37.45,22.62,27.38,30.36,29.76,25.83,39.17,19.05,27.08,27.98,19.05,43.45,25.6,26.79,44.86,23.21,33.04,20.24,28.57,21.43,25.6,21.94
2022-05-07,32.74,32.14,56.55,55.8,43.45,38.69,28.57,25.0,21.43,58.02,35.71,21.43,32.78,40.48,38.29,41.5,38.73,26.19,27.0,46.62,26.79,20.83,41.91,32.74,37.45,22.62,27.38,30.36,29.76,25.83,39.17,19.05,27.08,27.98,19.05,43.45,25.6,26.79,34.64,23.21,33.04,20.24,28.57,21.43,25.6,21.94
2022-05-08,32.74,32.14,56.55,55.8,43.45,38.69,28.57,25.0,21.43,58.02,35.71,21.43,32.78,40.48,38.29,41.5,38.73,26.19,27.0,46.62,26.79,20.83,41.91,32.74,37.45,22.62,27.38,30.36,29.76,25.83,39.17,19.05,27.08,27.98,19.05,43.45,25.6,26.79,34.64,23.21,33.04,20.24,28.57,21.43,25.6,21.94
2022-05-09,32.74,32.14,56.55,55.8,43.45,38.69,28.57,25.0,21.43,58.02,35.71,21.43,32.78,40.48,38.29,41.5,38.73,26.19,27.0,46.62,26.79,20.83,41.91,29.17,37.45,22.62,27.38,30.36,29.76,25.83,39.17,19.05,27.08,27.98,19.05,43.45,25.6,26.79,34.64,23.21,33.04,20.24,28.57,21.43,25.6,21.94
2022-05-10,32.74,32.14,56.55,55.8,43.45,38.69,28.57,25.0,21.43,58.02,35.71,21.43,32.78,40.48,38.29,41.5,38.73,26.19,27.0,46.62,25.0,18.45,41.91,29.17,37.45,22.62,27.38,30.36,27.38,25.83,39.17,19.05,27.08,27.98,19.05,43.45,25.6,26.79,34.64,23.21,33.04,20.24,28.57,21.43,25.6,21.94
2022-05-11,32.74,32.14,56.55,55.8,43.45,38.69,28.57,25.0,21.43,58.02,35.71,21.43,32.78,40.48,38.29,41.5,38.73,26.19,26.99,46.62,25.0,18.45,41.91,29.17,37.45,22.62,27.38,30.36,27.38,25.83,39.17,19.05,27.08,27.98,19.05,43.45,25.6,26.79,34.64,23.21,33.04,20.24,28.57,21.43,25.6,21.94
2022-05-12,32.74,32.14,56.55,55.8,43.45,38.69,28.57,25.0,21.43,58.02,35.71,21.43,32.78,40.48,38.29,41.5,38.73,26.19,26.99,46.62,25.0,18.45,41.91,29.17,37.45,22.62,27.38,30.36,27.38,25.83,39.17,19.05,27.08,27.98,19.05,43.45,25.6,26.79,34.64,23.21,33.04,20.24,28.57,21.43,25.6,21.94
2022-05-13,32.74,32.14,56.55,55.8,43.45,38.69,28.57,25.0,21.43,58.02,35.71,21.43,32.78,40.48,38.29,41.5,38.73,26.19,26.99,46.62,25.0,18.45,41.91,29.17,37.45,22.62,27.38,30.36,27.38,25.83,39.17,19.05,27.08,27.98,19.05,43.45,25.6,26.79,34.64,23.21,33.04,20.24,28.57,21.43,25.6,21.94
2022-05-14,32.74,32.14,56.55,55.8,43.45,38.69,28.57,25.0,21.43,58.01,35.71,21.43,32.78,40.48,38.29,41.5,38.73,26.19,26.99,46.62,25.0,18.45,41.91,29.17,37.45,22.62,27.38,30.36,27.38,23.81,39.17,19.05,27.08,27.98,19.05,43.45,25.6,26.79,34.64,23.21,33.04,20.24,28.57,21.43,25.6,21.94
2022-05-15,32.74,32.14,56.55,55.8,43.45,38.69,28.57,25.0,21.43,38.0,35.71,21.43,32.78,40.48,38.29,41.5,38.73,26.19,26.99,46.62,25.0,18.45,41.91,29.17,37.45,22.62,27.38,30.36,27.38,23.81,39.17,19.05,27.08,27.98,19.05,43.45,25.6,26.79,34.64,23.21,33.04,20.24,28.57,21.43,25.6,21.94
2022-05-16,32.74,32.14,54.76,55.8,43.45,38.69,28.57,25.0,21.43,36.21,35.71,21.43,32.78,40.48,38.29,41.5,38.73,26.19,26.99,46.62,25.0,18.45,41.91,29.17,37.45,22.62,27.38,30.36,27.38,23.81,39.17,19.05,27.08,27.98,19.05,43.45,25.6,26.79,34.64,23.21,33.04,20.24,28.57,21.43,25.6,21.94
2022-05-17,32.74,32.14,54.76,55.8,43.45,38.69,28.57,25.0,21.43,36.21,35.71,21.43,32.78,40.48,38.29,41.5,38.73,26.19,26.99,46.62,25.0,18.45,41.91,29.17,37.45,22.62,29.17,30.36,27.38,23.81,39.17,19.05,27.08,27.98,19.05,43.45,25.6,26.79,34.64,23.21,33.04,20.24,28.57,21.43,25.6,20.83
2022-05-18,32.74,27.38,54.76,55.79,43.45,38.69,28.57,25.0,21.43,36.21,35.71,21.43,32.78,40.48,38.29,41.5,38.73,26.19,26.99,46.62,25.0,18.45,41.91,29.17,37.45,22.62,29.17,30.36,27.38,23.81,39.17,19.05,27.08,27.98,19.05,43.45,25.6,26.79,34.64,23.21,33.04,20.24,28.57,21.43,25.6,20.83
2022-05-19,32.74,27.38,54.76,55.79,43.45,38.69,28.57,25.0,21.43,36.21,35.71,21.43,32.78,40.48,38.29,41.5,38.73,26.19,26.99,46.62,25.0,18.45,41.91,29.17,37.45,22.62,29.17,30.36,27.38,23.81,39.17,19.05,27.08,27.98,19.05,29.76,25.6,26.79,34.64,23.21,33.04,20.24,28.57,21.43,25.6,20.83
2022-05-20,32.74,27.38,54.76,55.79,38.69,38.69,28.57,25.0,21.43,36.21,35.71,21.43,32.78,40.48,38.29,41.5,38.73,26.19,26.99,46.62,25.0,18.45,41.91,29.17,37.45,22.62,29.17,30.36,27.38,23.81,39.17,19.05,27.08,27.98,19.05,29.76,25.6,26.79,34.64,23.21,33.04,20.24,28.57,21.43,25.6,20.83
2022-05-21,32.74,27.38,54.76,55.79,38.69,38.69,25.0,25.0,21.43,36.21,35.71,21.43,32.78,40.48,38.29,41.5,38.73,26.19,26.99,46.62,25.0,18.45,41.91,29.17,37.45,22.62,29.17,30.36,27.38,23.81,39.17,19.05,27.08,27.98,19.05,29.76,25.6,26.79,34.64,23.21,33.04,20.24,28.57,21.43,25.6,20.83
2022-05-22,32.74,27.38,54.76,55.79,38.69,38.69,25.0,25.0,21.43,36.21,35.71,21.43,32.78,40.48,38.29,41.5,38.73,26.19,26.99,46.62,25.0,18.45,41.91,29.17,37.45,22.62,29.17,30.36,27.38,23.81,39.17,19.05,27.08,27.98,19.05,29.76,25.6,26.79,34.64,23.21,33.04,20.24,28.57,21.43,25.6,20.83
2022-05-23,32.74,27.38,54.76,55.79,38.69,36.9,25.0,25.0,21.43,36.21,35.71,21.43,32.78,40.48,38.28,41.5,38.73,26.19,26.99,46.62,25.0,18.45,41.91,29.17,33.88,22.62,29.17,30.36,27.38,23.81,39.17,19.05,27.08,27.98,19.05,29.76,25.6,26.79,34.64,23.21,33.04,20.24,28.57,21.43,25.6,20.83
2022-05-24,25.6,27.38,54.76,55.79,38.69,36.9,25.0,25.0,30.06,36.21,35.71,21.43,32.78,40.48,38.28,41.5,38.73,26.19,26.99,46.62,25.0,18.45,41.91,29.17,33.88,22.62,29.17,30.36,27.38,23.81,39.17,19.05,27.08,27.98,19.05,29.76,25.6,26.79,34.64,23.21,33.04,20.24,28.57,21.43,25.6,20.83
2022-05-25,25.6,27.38,54.76,55.79,38.69,36.9,25.0,23.21,30.06,36.21,35.71,21.43,32.78,40.48,38.28,41.5,38.73,26.19,20.83,46.62,25.0,18.45,41.91,29.17,33.88,22.62,29.17,30.36,27.38,23.81,39.17,19.05,27.08,27.98,19.05,29.76,25.6,26.79,34.64,23.21,33.04,20.24,28.57,21.43,25.6,20.83
2022-05-26,25.6,27.38,54.76,55.79,36.9,36.9,25.0,23.21,30.06,36.21,35.71,21.43,32.78,40.48,38.28,41.5,38.73,26.19,20.83,46.62,25.0,18.45,41.91,29.17,33.88,22.62,29.17,30.36,27.38,23.81,39.17,19.05,27.08,27.98,19.05,29.76,25.6,26.79,34.64,23.21,33.04,20.24,28.57,21.43,25.6,20.83
2022-05-27,25.6,27.38,54.76,55.79,36.9,36.9,25.0,23.21,30.06,36.21,35.71,21.43,32.78,40.48,38.28,41.5,38.73,26.19,20.83,46.62,25.0,18.45,41.91,29.17,33.88,22.62,29.17,30.36,27.38,23.81,39.17,19.05,27.08,27.98,19.05,29.76,25.6,26.79,34.64,23.21,33.04,20.24,28.57,21.43,25.6,20.83
2022-05-28,25.6,27.38,54.76,55.79,36.9,36.9,25.0,23.21,30.06,36.21,35.71,21.43,32.78,40.48,38.28,41.5,38.73,26.19,20.83,46.62,25.0,18.45,41.91,29.17,33.88,22.62,29.17,30.36,27.38,23.81,39.17,19.05,27.08,27.98,19.05,29.76,25.6,26.79,34.64,23.21,33.04,20.24,28.57,21.43,25.6,20.83
2022-05-29,25.6,27.38,54.76,55.79,36.9,36.9,25.0,23.21,30.06,36.21,35.71,21.43,32.78,40.48,38.28,41.5,38.73,26.19,20.83,46.62,25.0,18.45,41.91,29.17,33.88,22.62,29.17,30.36,27.38,23.81,39.17,19.05,27.08,27.98,19.05,29.76,25.6,26.79,34.64,23.21,33.04,20.24,28.57,21.43,25.6,20.83
2022-05-30,25.6,27.38,54.76,55.79,36.9,36.9,25.0,23.21,30.06,36.21,35.71,21.43,32.78,40.48,38.28,41.5,38.73,26.19,20.83,46.62,25.0,18.45,41.91,29.17,33.88,22.62,29.17,30.36,27.38,23.81,39.17,19.05,27.08,27.98,19.05,29.76,25.6,26.79,34.64,23.21,33.04,20.24,28.57,21.43,25.6,20.83
2022-05-31,25.6,27.38,54.76,55.79,36.9,36.9,25.0,23.21,30.06,36.21,33.93,21.43,32.78,40.48,38.28,39.12,38.1,26.19,20.83,46.62,25.0,18.45,41.91,29.17,33.88,22.62,29.17,30.36,27.38,23.81,39.17,19.05,27.08,27.98,19.05,29.76,25.6,26.79,34.64,23.21,33.04,20.24,28.57,21.43,25.6,20.83
2022-06-01,25.6,27.38,54.76,55.78,36.9,36.9,25.0,23.21,30.06,32.14,33.93,21.43,32.78,40.48,38.28,39.12,35.71,26.19,20.83,44.5,25.0,18.45,41.91,29.17,33.88,22.62,29.17,30.36,27.38,23.81,39.17,19.05,27.08,27.98,19.05,29.76,25.6,26.79,34.64,23.21,33.04,18.45,28.57,21.43,23.81,20.83
2022-06-02,25.6,27.38,54.76,55.78,36.9,36.9,25.0,23.21,30.06,32.14,33.93,21.43,32.78,40.48,38.28,39.12,35.71,26.19,20.83,44.5,25.0,18.45,41.91,29.17,33.88,22.62,29.17,30.36,27.38,23.81,39.17,19.05,27.08,27.98,19.05,29.76,25.6,26.79,34.64,23.21,33.04,18.45,28.57,21.43,23.81,20.83
2022-06-03,25.6,27.38,54.76,55.78,36.9,36.9,25.0,23.21,30.06,32.14,33.93,21.43,32.78,40.48,38.28,39.12,35.71,26.19,20.83,44.5,25.0,18.45,41.91,29.17,33.88,22.62,29.17,30.36,27.38,23.81,39.17,19.05,27.08,27.98,19.05,29.76,25.6,26.79,34.64,23.21,33.04,18.45,28.57,21.43,23.81,20.83
2022-06-04,25.6,27.38,54.76,55.78,36.9,36.9,25.0,23.21,30.06,32.14,33.93,21.43,32.78,40.48,38.28,39.12,35.71,26.19,20.83,44.5,25.0,18.45,41.91,29.17,33.88,22.62,29.17,30.36,27.38,23.81,39.17,19.05,27.08,27.98,19.05,29.76,25.6,26.79,34.64,23.21,33.04,18.45,28.57,21.43,23.81,20.83
2022-06-05,25.6,27.38,54.76,55.78,36.9,36.9,25.0,23.21,30.06,32.14,33.93,21.43,32.78,40.48,38.28,39.12,35.71,26.19,20.83,44.5,25.0,18.45,41.91,29.17,33.88,22.62,29.17,30.36,27.38,23.81,39.17,19.05,27.08,27.98,19.05,29.76,25.6,26.79,34.64,23.21,33.04,18.45,28.57,21.43,23.81,20.83
2022-06-06,25.6,27.38,54.76,55.78,36.9,36.9,25.0,23.21,30.06,32.14,33.93,21.43,32.78,40.48,38.28,39.12,35.71,26.19,20.83,44.5,25.0,18.45,41.91,29.17,33.88,22.62,29.17,30.36,27.38,23.81,39.17,19.05,27.08,27.98,19.05,29.76,25.6,26.79,32.96,23.21,33.04,18.45,28.57,21.43,23.81,20.83
2022-06-07,25.6,27.38,54.76,55.78,36.9,36.9,25.0,23.21,30.06,32.14,33.93,21.43,32.78,40.48,38.28,39.12,35.71,26.19,20.83,44.5,25.0,18.45,41.91,29.17,33.88,22.62,29.17,30.36,27.38,23.81,39.17,19.05,27.08,27.98,19.05,29.76,25.6,26.79,32.96,23.21,33.04,18.45,28.57,21.43,23.81,20.83
2022-06-08,25.6,27.38,54.76,55.78,36.9,36.9,25.0,21.43,30.06,32.14,33.93,21.43,32.78,40.48,38.28,39.12,35.71,26.19,20.83,44.5,25.0,18.45,41.91,29.17,33.88,22.62,29.17,30.36,27.38,23.81,39.17,19.05,27.08,27.98,19.05,27.98,25.6,26.79,32.96,23.21,33.04,18.45,28.57,21.43,23.81,20.83
2022-06-09,25.6,27.38,54.76,55.78,36.9,36.9,25.0,21.43,30.06,32.14,33.93,21.43,32.78,40.48,38.28,39.12,35.71,26.19,20.83,44.5,25.0,18.45,41.91,29.17,33.88,22.62,29.17,30.36,27.38,23.81,39.17,19.05,27.08,27.98,19.05,27.98,25.6,26.79,32.96,23.21,33.04,18.45,28.57,21.43,23.81,20.83
2022-06-10,25.6,27.38,54.76,55.78,36.9,36.9,25.0,21.43,30.06,32.14,33.93,21.43,32.78,40.48,38.28,39.12,35.71,26.19,20.83,44.5,25.0,18.45,41.91,29.17,33.88,22.62,29.17,30.36,27.38,23.81,39.17,19.05,27.08,27.98,19.05,27.98,25.6,26.79,32.96,23.21,33.04,18.45,28.57,21.43,23.81,20.83
2022-06-11,25.6,27.38,54.76,55.78,36.9,36.9,25.0,21.43,30.06,32.14,33.93,21.43,28.02,40.48,38.28,39.12,35.71,26.19,20.83,44.5,25.0,18.45,41.91,29.17,33.88,22.62,29.17,30.36,27.38,23.81,39.17,19.05,27.08,27.98,19.05,27.98,25.6,26.79,32.96,23.21,33.04,18.45,28.57,21.43,23.81,20.83
2022-06-12,25.6,27.38,54.76,55.78,36.9,36.9,25.0,21.43,30.06,32.14,33.93,21.43,28.02,40.48,38.28,39.12,35.71,26.19,20.83,44.5,25.0,18.45,41.91,29.17,33.88,22.62,29.17,30.36,27.38,23.81,39.17,19.05,27.08,27.98,19.05,27.98,25.6,26.79,32.96,23.21,33.04,18.45,28.57,21.43,23.81,20.83
2022-06-13,25.6,27.38,54.76,55.78,36.9,36.9,25.0,21.43,30.06,32.14,33.93,21.43,28.02,40.48,38.28,39.12,35.71,26.19,20.83,44.5,25.0,18.45,41.91,29.17,33.88,22.62,29.17,30.36,27.38,23.81,39.17,19.05,27.08,27.98,19.05,27.98,25.6,26.79,32.96,23.21,33.04,18.45,28.57,21.43,23.81,20.83
2022-06-14,25.6,27.38,54.76,55.78,36.9,36.9,25.0,21.43,30.95,32.14,33.93,21.43,28.02,40.48,38.28,39.12,35.71,26.19,20.83,44.5,25.0,18.45,41.91,29.17,33.88,22.62,29.17,30.36,27.38,23.81,39.17,19.05,27.08,27.98,19.05,27.98,25.6,26.79,32.96,23.21,33.04,18.45,28.57,21.43,23.81,20.83
2022-06-15,25.6,27.38,54.76,55.78,36.9,36.9,25.0,21.43,30.95,32.14,33.93,21.43,28.02,40.48,38.28,39.12,35.71,26.19,20.83,44.5,25.0,18.45,41.91,29.17,33.88,22.62,29.17,30.36,27.38,23.81,39.17,19.05,27.08,26.19,19.05,27.98,25.6,26.79,32.96,23.21,33.04,18.45,28.57,21.43,23.81,20.83
2022-06-16,25.6,27.38,54.76,55.78,36.9,36.9,25.0,21.43,30.95,32.14,33.93,21.43,25.6,40.48,38.28,39.12,35.71,26.19,20.83,44.5,25.0,18.45,41.91,29.17,33.88,22.62,29.17,30.36,27.38,23.81,39.17,19.05,27.08,26.19,19.05,27.98,25.6,26.79,32.96,23.21,33.04,18.45,28.57,21.43,23.81,20.83
2022-06-17,25.6,27.38,54.76,55.78,36.9,36.9,25.0,21.43,30.95,32.14,33.93,21.43,25.6,40.48,38.28,39.12,35.71,26.19,20.83,44.5,25.0,18.45,41.91,29.17,33.88,22.62,29.17,30.36,27.38,23.81,39.17,19.05,27.08,26.19,19.05,27.98,25.6,26.79,32.96,23.21,33.04,18.45,28.57,21.43,23.81,20.83
2022-06-18,25.6,27.38,54.76,55.78,36.9,36.9,25.0,21.43,30.95,32.14,33.93,21.43,25.6,40.48,38.28,39.12,35.71,26.19,20.83,44.5,25.0,18.45,41.91,29.17,33.88,22.62,29.17,30.36,27.38,23.81,39.17,19.05,27.08,26.19,19.05,27.98,25.6,26.79,32.96,23.21,33.04,18.45,28.57,21.43,23.81,20.83
2022-06-19,25.6,27.38,54.76,55.78,36.9,36.9,25.0,21.43,30.95,32.14,33.93,21.43,25.6,40.48,38.28,39.12,35.71,26.19,20.83,44.5,25.0,18.45,41.91,29.17,33.88,22.62,29.17,30.36,27.38,23.81,39.17,19.05,27.08,26.19,19.05,27.98,25.6,26.79,32.96,23.21,33.04,18.45,28.57,21.43,23.81,20.83
2022-06-20,26.19,27.38,54.76,55.78,36.9,36.9,25.0,21.43,30.95,32.14,33.93,21.43,25.6,40.48,38.28,39.12,35.71,26.19,20.83,44.5,25.0,18.45,41.91,29.17,33.88,22.62,29.17,30.36,28.57,26.19,39.17,19.05,27.08,26.19,19.05,27.98,25.6,26.79,32.96,23.21,33.04,18.45,28.57,21.43,23.81,20.83
2022-06-21,26.19,27.38,54.76,50.3,36.9,36.9,25.0,21.43,30.95,32.14,33.93,21.43,25.6,40.48,38.28,39.12,35.71,26.19,20.83,44.5,25.0,18.45,41.91,29.17,33.88,22.62,29.17,23.21,28.57,26.19,39.17,19.05,27.08,26.19,19.05,27.98,25.6,26.79,32.96,23.21,33.04,18.45,28.57,21.43,23.81,20.83
2022-06-22,26.19,27.38,54.76,50.3,36.9,36.9,25.0,21.43,30.95,32.14,33.93,21.43,25.6,40.48,38.28,39.12,35.71,26.19,20.83,44.5,25.0,18.45,41.91,29.17,33.88,22.62,29.17,23.21,28.57,26.19,39.17,19.05,27.08,26.19,19.05,27.98,25.6,26.79,32.96,23.21,33.04,18.45,28.57,21.43,23.81,20.83
2022-06-23,26.19,27.38,54.76,50.3,36.9,36.9,25.0,21.43,30.95,32.14,33.93,21.43,25.6,40.48,38.28,39.12,35.71,26.19,20.83,44.5,25.0,18.45,41.91,29.17,33.88,22.62,29.17,23.21,28.57,26.19,39.17,19.05,27.08,26.19,19.05,27.98,25.6,26.79,32.96,23.21,33.04,18.45,28.57,21.43,23.81,20.83
2022-06-24,26.19,27.38,54.76,50.3,36.9,36.9,25.0,21.43,30.95,32.14,33.93,21.43,25.6,40.48,38.28,39.12,35.71,26.19,20.83,44.5,25.0,18.45,41.91,29.17,33.88,22.62,29.17,23.21,28.57,26.19,39.17,19.05,27.08,26.19,19.05,27.98,25.6,26.79,32.96,23.21,33.04,18.45,28.57,21.43,23.81,20.83
2022-06-25,26.19,27.38,54.76,50.3,36.9,36.9,25.0,21.43,30.95,32.14,33.93,21.43,25.6,40.48,38.28,39.12,35.71,26.19,20.83,44.5,25.0,18.45,41.91,29.17,33.88,22.62,29.17,23.21,28.57,26.19,39.17,19.05,27.08,26.19,19.05,27.98,25.6,26.79,32.96,23.21,33.04,18.45,28.57,21.43,23.81,20.83
2022-06-26,26.19,27.38,54.76,50.3,36.9,36.9,25.0,21.43,30.95,32.14,33.93,21.43,25.6,40.48,38.28,39.12,35.71,26.19,20.83,44.5,25.0,18.45,41.91,29.17,33.88,22.62,29.17,23.21,28.57,26.19,39.17,19.05,27.08,26.19,19.05,27.98,25.6,26.79,32.96,23.21,33.04,18.45,28.57,21.43,23.81,20.83
2022-06-27,26.19,27.38,54.76,50.3,36.9,36.9,25.0,21.43,30.95,32.14,33.93,21.43,25.6,40.48,38.28,39.12,35.71,26.19,20.83,44.5,25.0,18.45,41.91,29.17,33.88,22.62,29.17,23.21,28.57,26.19,39.17,19.05,27.08,26.19,19.05,27.98,25.6,26.79,32.96,23.21,33.04,18.45,28.57,21.43,23.81,20.83
2022-06-28,26.19,27.38,54.76,50.3,36.9,36.9,25.0,21.43,30.95,32.14,33.93,21.43,25.6,40.48,38.28,39.12,35.71,22.62,20.83,44.5,25.0,18.45,41.91,29.17,33.88,22.62,29.17,23.21,28.57,26.19,39.17,19.05,27.08,26.19,19.05,27.98,25.6,26.79,32.96,23.21,32.74,18.45,28.57,21.43,23.81,20.83
2022-06-29,26.19,27.38,54.76,50.3,36.9,36.9,25.0,21.43,27.38,32.14,33.93,21.43,25.6,40.48,38.28,39.12,35.71,22.62,20.83,44.5,25.0,18.45,41.91,29.17,33.88,22.62,29.17,23.21,28.57,26.19,39.17,19.05,27.08,26.19,19.05,27.98,25.6,26.79,32.96,23.21,32.74,18.45,28.57,21.43,23.81,20.83
2022-06-30,26.19,27.38,54.76,50.3,36.9,36.9,25.0,21.43,27.38,32.14,33.93,21.43,25.6,35.12,38.28,39.12,35.71,22.62,20.83,44.5,25.0,18.45,41.91,29.17,33.88,22.62,29.17,23.21,28.57,26.19,39.17,19.05,27.08,26.19,19.05,27.98,25.6,26.79,32.96,23.21,32.74,18.45,28.57,21.43,23.81,20.83
2022-07-01,26.19,27.38,54.76,50.3,36.9,36.9,25.0,21.43,27.38,32.14,33.93,21.43,25.6,35.12,38.28,39.12,35.71,22.62,20.83,44.5,25.0,18.45,41.91,29.17,33.88,22.62,29.17,23.21,28.57,26.19,39.17,19.05,23.51,26.19,19.05,27.98,25.6,26.79,32.96,23.21,32.74,18.45,28.57,21.43,23.81,20.83
2022-07-02,26.19,27.38,54.76,50.3,36.9,36.9,25.0,21.43,27.38,32.14,33.93,21.43,25.6,35.12,38.28,39.12,35.71,22.62,29.17,44.5,25.0,18.45,41.91,29.17,33.88,22.62,29.17,23.21,28.57,26.19,39.17,19.05,23.51,26.19,19.05,27.98,25.6,26.79,32.96,23.21,32.74,18.45,28.57,21.43,23.81,20.83
2022-07-03,26.19,27.38,54.76,50.3,36.9,36.9,28.57,21.43,27.38,32.14,33.93,21.43,25.6,35.12,38.28,39.12,35.71,22.62,29.17,44.5,25.0,18.45,41.91,29.17,33.88,22.62,29.17,23.21,28.57,26.19,39.17,19.05,23.51,26.19,19.05,27.98,25.6,26.79,32.96,23.21,32.74,18.45,28.57,21.43,23.81,20.83
2022-07-04,26.19,27.38,54.76,50.3,36.9,36.9,28.57,21.43,27.38,32.14,33.93,21.43,25.6,35.12,38.28,39.12,35.71,22.62,29.17,44.5,25.0,18.45,37.29,29.17,33.88,22.62,29.17,23.21,28.57,26.19,39.17,19.05,23.51,26.19,19.05,27.98,25.6,26.79,32.96,23.21,32.74,18.45,28.57,21.43,23.81,20.83
2022-07-05,26.19,27.38,54.76,50.3,36.9,36.9,28.57,21.43,27.38,32.14,33.93,21.43,25.6,35.12,38.28,39.12,35.71,22.62,29.17,44.5,25.0,18.45,37.29,29.17,33.88,22.62,29.17,23.21,28.57,26.19,39.17,19.05,23.51,26.19,19.05,27.98,25.6,26.79,32.96,23.21,32.74,18.45,28.57,21.43,23.81,20.83
2022-07-06,26.19,27.38,54.76,50.3,36.9,36.9,28.57,21.43,27.38,32.14,33.93,21.43,25.6,35.12,38.28,39.12,35.71,22.62,29.17,44.5,25.0,18.45,37.29,29.17,33.88,22.62,29.17,23.21,28.57,26.19,39.16,19.05,23.51,26.19,19.05,27.98,25.6,26.79,32.96,23.21,32.74,18.45,28.57,21.43,23.81,20.83
2022-07-07,26.19,27.38,54.76,50.3,36.9,36.9,28.57,21.43,27.38,32.14,33.93,21.43,25.6,35.12,38.28,39.12,35.71,22.62,29.17,44.5,25.0,18.45,37.29,29.17,33.88,22.62,29.17,23.21,28.57,26.19,39.16,19.05,23.51,26.19,19.05,27.98,25.6,26.79,32.96,23.21,32.74,18.45,28.57,21.43,23.81,20.83
2022-07-08,26.19,27.38,54.76,50.3,36.9,36.9,28.57,21.43,27.38,32.14,33.93,21.43,25.6,35.12,38.28,39.12,35.71,22.62,29.17,44.5,25.0,18.45,37.29,29.17,33.88,22.62,29.17,23.21,28.57,26.19,39.16,19.05,23.51,26.19,19.05,27.98,25.6,26.79,32.96,23.21,32.74,18.45,28.57,21.43,23.81,20.83
2022-07-09,26.19,27.38,54.76,50.3,36.9,36.9,28.57,21.43,27.38,32.14,33.93,21.43,25.6,35.12,38.28,39.12,35.71,22.62,29.17,44.5,25.0,18.45,37.29,29.17,33.88,22.62,29.17,23.21,28.57,26.19,39.16,19.05,23.51,26.19,19.05,27.98,25.6,26.79,32.96,23.21,32.74,18.45,28.57,21.43,23.81,20.83
2022-07-10,26.19,20.24,54.76,50.3,36.9,36.9,28.57,21.43,27.38,32.14,33.93,21.43,25.6,35.12,38.28,39.12,35.71,22.62,29.17,44.5,25.0,18.45,37.29,29.17,33.88,22.62,29.17,23.21,28.57,26.19,39.16,19.05,23.51,26.19,19.05,27.98,25.6,26.79,32.96,23.21,32.74,18.45,28.57,21.43,23.81,20.83
2022-07-11,26.19,20.24,54.76,50.3,36.9,36.9,28.57,21.43,27.38,32.14,33.93,21.43,25.6,35.12,38.28,36.9,35.71,22.62,29.17,44.5,25.0,18.45,37.29,29.17,33.88,22.62,29.17,23.21,28.57,26.19,39.16,19.05,23.51,26.19,19.05,27.98,25.6,26.79,32.96,23.21,32.74,18.45,28.57,21.43,23.81,20.83
2022-07-12,26.19,20.24,54.76,50.3,36.9,36.9,28.57,21.43,27.38,32.14,33.93,21.43,25.6,35.12,38.28,36.9,35.71,22.62,29.17,44.5,25.0,18.45,37.29,29.17,33.88,22.62,29.17,23.21,28.57,26.19,39.16,19.05,23.51,26.19,19.05,27.98,25.6,26.79,32.96,23.21,32.74,18.45,28.57,21.43,23.81,20.83
2022-07-13,26.19,20.24,54.76,50.3,36.9,36.9,28.57,21.43,27.38,32.14,33.93,21.43,25.6,35.12,38.28,36.9,35.71,22.62,29.17,44.5,25.0,18.45,37.29,29.17,33.88,22.62,29.17,23.21,28.57,26.19,36.61,19.05,23.51,26.19,19.05,27.98,25.6,26.79,32.96,23.21,38.1,18.45,28.57,21.43,23.81,20.83
2022-07-14,26.19,20.24,54.76,50.3,36.9,36.9,28.57,21.43,27.38,32.14,33.93,21.43,25.6,35.12,38.28,36.9,35.71,22.62,29.17,44.5,25.0,18.45,37.29,29.17,33.88,22.62,29.17,23.21,28.57,26.19,36.61,19.05,23.51,26.19,19.05,27.98,25.6,26.79,32.96,23.21,38.1,18.45,28.57,21.43,23.81,20.83
2022-07-15,26.19,20.24,54.76,50.3,36.9,36.9,28.57,21.43,27.38,32.14,33.93,21.43,25.6,35.12,38.28,36.9,35.71,22.62,29.17,44.5,25.0,18.45,37.29,29.17,33.88,22.62,29.17,23.21,28.57,26.19,36.61,19.05,23.51,26.19,19.05,27.98,25.6,26.79,32.96,23.21,38.1,18.45,28.57,21.43,23.81,20.83
2022-07-16,26.19,20.24,54.76,50.3,36.9,36.9,28.57,21.43,27.38,32.14,33.93,21.43,25.6,35.12,38.28,36.9,35.71,22.62,29.17,44.5,25.0,18.45,37.29,29.17,33.88,22.62,29.17,23.21,28.57,26.19,36.61,19.05,23.51,26.19,19.05,27.98,25.6,26.79,32.96,23.21,38.1,18.45,28.57,21.43,23.81,20.83
2022-07-17,26.19,20.24,54.76,50.3,36.9,36.9,28.57,21.43,27.38,32.14,33.93,21.43,25.6,35.12,38.28,36.9,35.71,22.62,29.17,44.5,25.0,18.45,37.29,29.17,33.88,22.62,29.17,23.21,28.57,26.19,36.61,19.05,23.51,26.19,19.05,27.98,25.6,26.79,32.96,23.21,38.1,18.45,28.57,21.43,23.81,20.83
2022-07-18,26.19,20.24,54.76,50.3,36.9,36.9,28.57,21.43,27.38,32.14,33.93,21.43,25.6,35.12,38.28,36.9,35.71,22.62,29.17,44.5,25.0,18.45,37.29,29.17,33.88,22.62,29.17,23.21,28.57,26.19,36.61,19.05,23.51,26.19,19.05,27.98,25.6,26.79,32.96,23.21,38.1,18.45,28.57,21.43,23.81,20.83
2022-07-19,26.19,20.24,54.76,50.3,36.9,36.9,28.57,21.43,27.38,32.14,33.93,21.43,25.6,35.12,38.28,36.9,27.38,22.62,29.17,44.5,25.0,18.45,37.29,29.17,33.88,22.62,29.17,23.21,28.57,26.19,36.61,19.05,23.51,26.19,19.05,27.98,25.6,26.79,32.96,23.21,38.1,18.45,28.57,21.43,23.81,20.83
2022-07-20,26.19,20.24,54.76,50.29,36.9,36.9,28.57,21.43,27.38,32.14,33.93,21.43,25.6,35.12,38.28,36.9,27.38,22.62,29.17,44.5,25.0,18.45,37.29,29.17,33.88,22.62,29.17,23.21,28.57,26.19,36.61,19.05,23.51,26.19,19.05,27.98,25.6,26.79,32.96,23.21,38.1,18.45,28.57,21.43,23.81,20.83
2022-07-21,26.19,20.24,54.76,50.29,36.9,36.9,28.57,21.43,27.38,32.14,33.93,21.43,25.6,35.12,38.28,36.9,27.38,22.62,29.17,44.5,25.0,18.45,37.29,29.17,33.88,22.62,29.17,23.21,28.57,26.19,36.61,19.05,23.51,26.19,19.05,27.98,25.6,26.79,32.96,23.21,38.1,18.45,28.57,21.43,23.81,20.83
2022-07-22,26.19,20.24,54.76,50.29,36.9,36.9,28.57,21.43,27.38,32.14,33.93,21.43,25.6,35.12,38.28,36.9,27.38,22.62,29.17,44.5,25.0,18.45,37.29,29.17,33.88,22.62,29.17,23.21,28.57,26.19,36.61,19.05,23.51,26.19,19.05,27.98,25.6,26.79,32.96,23.21,38.1,18.45,28.57,21.43,23.81,20.83
2022-07-23,26.19,20.24,54.76,50.29,36.9,36.9,28.57,21.43,27.38,32.14,33.93,21.43,25.6,35.12,38.28,36.9,27.38,22.62,29.17,44.5,25.0,18.45,37.29,29.17,33.88,22.62,29.17,23.21,28.57,26.19,36.61,19.05,23.51,26.19,19.05,27.98,25.6,26.79,32.96,23.21,38.1,18.45,28.57,21.43,23.81,20.83
2022-07-24,26.19,20.24,54.76,50.29,36.9,36.9,28.57,21.43,27.38,32.14,33.93,21.43,25.6,35.12,38.28,36.9,27.38,22.62,29.17,44.5,25.0,18.45,37.29,29.17,33.88,22.62,29.17,23.21,28.57,26.19,36.61,19.05,23.51,26.19,19.05,27.98,25.6,26.79,32.96,23.21,38.1,18.45,28.57,21.43,23.81,20.83
2022-07-25,26.19,20.24,54.76,50.29,36.9,36.9,28.57,21.43,27.38,32.14,33.93,21.43,25.6,35.12,38.28,36.9,27.38,22.62,29.17,44.5,22.62,18.45,37.29,27.38,33.88,22.62,29.17,23.21,28.57,26.19,36.61,19.05,23.51,26.19,19.05,27.98,25.6,26.79,32.96,23.21,38.1,18.45,28.57,21.43,23.81,20.83
2022-07-26,26.19,20.24,54.76,50.29,36.9,36.9,31.25,21.43,27.38,32.14,33.93,21.43,25.6,35.12,38.28,36.9,27.38,22.62,29.17,44.5,22.62,18.45,37.29,27.38,33.88,22.62,29.17,23.21,28.57,26.19,36.61,19.05,21.13,26.19,19.05,27.98,25.6,26.79,32.96,23.21,38.1,18.45,28.57,21.43,23.81,20.83
2022-07-27,26.19,20.24,54.76,50.29,36.9,36.9,31.25,21.43,27.38,32.14,33.93,21.43,25.6,35.12,38.28,36.9,27.38,22.62,29.17,44.5,22.62,18.45,37.29,27.38,33.88,22.62,29.17,23.21,28.57,26.19,36.61,19.05,21.13,26.19,19.05,27.98,25.6,26.79,32.96,23.21,38.1,18.45,28.57,21.43,23.81,20.83
2022-07-28,26.19,20.24,54.76,50.29,36.9,36.9,31.25,21.43,27.38,32.14,33.93,21.43,25.6,35.12,38.28,36.9,27.38,22.62,29.17,44.5,22.62,18.45,37.29,27.38,33.88,22.62,29.17,23.21,28.57,26.19,36.61,19.05,21.13,26.19,19.05,27.98,25.6,26.79,32.96,23.21,38.1,18.45,28.57,21.43,23.81,20.83
2022-07-29,26.19,20.24,54.76,50.29,36.9,36.9,31.25,21.43,27.38,32.14,33.93,21.43,25.6,35.12,38.28,36.9,27.38,22.62,29.17,44.5,22.62,18.45,37.29,27.38,33.88,22.62,29.17,23.21,28.57,26.19,36.61,19.05,21.13,26.19,19.05,27.98,25.6,26.79,32.96,23.21,38.1,18.45,28.57,21.43,23.81,20.83
2022-07-30,26.19,20.24,54.76,50.29,36.9,36.9,31.25,21.43,27.38,32.14,33.93,21.43,25.6,35.12,38.28,36.9,27.38,22.62,29.17,44.5,22.62,18.45,37.29,27.38,33.88,22.62,29.17,23.21,28.57,26.19,36.61,19.05,21.13,26.19,19.05,27.98,25.6,26.79,32.96,23.21,38.1,18.45,28.57,21.43,23.81,20.83
2022-07-31,29.76,20.24,54.76,50.29,36.9,36.9,31.25,21.43,27.38,32.14,33.93,21.43,25.6,35.12,38.28,36.9,27.38,22.62,29.17,44.5,22.62,18.45,37.29,27.38,33.88,22.62,29.17,23.21,28.57,26.19,36.61,19.05,21.13,26.19,19.05,27.98,25.6,26.79,32.96,23.21,38.1,18.45,28.57,21.43,23.81,20.83
2022-08-01,29.76,20.24,54.76,50.29,36.9,36.9,31.25,21.43,27.38,32.14,33.93,21.43,25.6,35.12,29.17,36.9,27.38,22.62,29.17,44.5,22.62,18.45,37.29,27.38,33.88,22.62,29.17,23.21,28.57,26.19,36.61,19.05,21.13,26.19,19.05,24.4,25.6,26.79,32.96,23.21,38.1,14.29,28.57,21.43,23.81,20.83
2022-08-02,29.76,20.24,54.76,50.29,36.9,36.9,31.25,15.48,27.38,32.14,33.93,21.43,25.6,35.12,29.17,36.9,27.38,22.62,29.17,44.5,22.62,18.45,37.29,27.38,33.88,22.62,29.17,23.21,28.57,26.19,36.61,19.05,21.13,26.19,19.05,24.4,25.6,26.79,32.96,23.21,38.99,14.29,28.57,21.43,23.81,20.83
2022-08-03,29.76,20.24,54.76,50.29,36.9,36.9,31.25,15.48,27.38,32.14,23.21,21.43,25.6,35.12,29.17,36.9,27.38,22.62,29.17,44.5,22.62,18.45,37.29,27.38,33.88,22.62,29.17,23.21,28.57,26.19,36.61,19.05,21.13,26.19,19.05,24.4,25.6,26.79,32.96,23.21,38.99,14.29,28.57,21.43,23.81,20.83
2022-08-04,29.76,20.24,54.76,50.29,36.9,36.9,31.25,15.48,27.38,32.14,23.21,21.43,25.6,35.12,29.17,36.9,27.38,22.62,29.17,44.5,22.62,18.45,37.29,27.38,33.88,22.62,29.17,23.21,28.57,26.19,36.61,19.05,21.13,22.62,19.05,24.4,25.6,26.79,32.96,23.21,38.99,14.29,28.57,21.43,23.81,20.83
2022-08-05,29.76,20.24,54.76,50.29,36.9,36.9,31.25,15.48,27.38,32.14,23.21,21.43,25.6,35.12,29.17,36.9,27.38,22.62,29.17,44.5,22.62,18.45,37.29,27.38,33.88,22.62,29.17,23.21,28.57,26.19,36.61,19.05,21.13,22.62,19.05,24.4,25.6,26.79,32.96,23.21,38.99,14.29,28.57,21.43,23.81,20.83
2022-08-06,29.76,20.24,54.76,50.29,36.9,36.9,31.25,15.48,27.38,32.14,23.21,21.43,25.6,35.12,29.17,36.9,27.38,22.62,29.17,44.5,22.62,18.45,37.29,27.38,33.88,22.62,29.17,23.21,28.57,26.19,36.61,19.05,21.13,22.62,19.05,24.4,25.6,26.79,32.96,23.21,38.99,14.29,28.57,21.43,23.81,20.83
2022-08-07,29.76,20.24,54.76,50.29,36.9,36.9,31.25,15.48,27.38,32.14,23.21,21.43,25.6,35.12,29.17,36.9,27.38,22.62,29.17,44.5,22.62,18.45,37.29,27.38,33.88,22.62,29.17,23.21,28.57,26.19,36.61,19.05,21.13,22.62,19.05,24.4,25.6,26.79,32.96,23.21,38.99,14.29,28.57,21.43,23.81,20.83
2022-08-08,29.76,20.24,54.76,50.29,36.9,36.9,31.25,15.48,27.38,32.14,23.21,21.43,25.6,35.12,29.17,36.9,27.38,22.62,29.17,44.5,22.62,18.45,37.29,27.38,33.88,22.62,29.17,23.21,28.57,26.19,36.61,19.05,21.13,22.62,19.05,24.4,25.6,26.79,32.96,23.21,38.99,14.29,28.57,21.43,23.81,20.83
2022-08-09,29.76,20.24,54.76,50.29,36.9,36.9,21.43,15.48,27.38,32.14,23.21,21.43,25.6,35.12,29.17,36.9,27.38,22.62,29.17,44.5,22.62,18.45,37.29,27.38,33.88,22.62,29.17,23.21,28.57,26.19,36.61,19.05,21.13,22.62,19.05,24.4,25.6,26.79,32.96,23.21,38.99,14.29,25.0,21.43,23.81,20.83
2022-08-10,29.76,20.24,54.76,50.29,36.9,36.9,21.43,15.48,27.38,32.14,23.21,21.43,25.6,35.12,29.17,36.9,27.38,22.62,29.17,44.5,22.62,18.45,37.29,27.38,33.88,22.62,29.17,23.21,28.57,26.19,36.61,19.05,21.13,22.62,19.05,24.4,25.6,26.79,32.96,23.21,38.99,14.29,25.0,21.43,23.81,20.83
2022-08-11,29.76,20.24,54.76,50.29,36.9,36.9,21.43,15.48,27.38,32.14,23.21,21.43,25.6,35.12,29.17,36.9,27.38,22.62,29.17,44.5,22.62,18.45,37.29,27.38,33.88,22.62,29.17,23.21,28.57,26.19,36.61,19.05,21.13,22.62,19.05,24.4,25.6,26.79,32.96,23.21,38.99,14.29,25.0,21.43,23.81,20.83
2022-08-12,29.76,20.24,54.76,50.29,36.9,36.9,21.43,15.48,27.38,32.14,23.21,21.43,25.6,35.12,29.17,36.9,27.38,22.62,29.17,44.5,22.62,18.45,37.29,27.38,33.88,22.62,29.17,23.21,28.57,26.19,36.61,19.05,21.13,22.62,19.05,24.4,25.6,26.79,31.17,23.21,38.99,14.29,25.0,21.43,23.81,20.83
2022-08-13,29.76,20.24,54.76,50.28,36.9,36.9,21.43,15.48,27.38,32.14,23.21,21.43,25.6,35.12,29.17,36.9,27.38,22.62,29.17,44.5,22.62,18.45,37.29,27.38,33.88,22.62,29.17,23.21,28.57,26.19,36.61,19.05,21.13,22.62,19.05,24.4,25.6,26.79,31.17,23.21,38.99,14.29,25.0,21.43,23.81,20.83
2022-08-14,29.76,20.24,54.76,44.33,36.9,36.9,21.43,15.48,27.38,32.14,23.21,21.43,25.6,35.12,29.17,36.9,27.38,22.62,29.17,44.5,22.62,18.45,37.29,27.38,33.88,22.62,29.17,23.21,28.57,26.19,36.61,19.05,21.13,22.62,19.05,24.4,25.6,26.79,31.17,23.21,38.99,14.29,25.0,21.43,23.81,20.83
2022-08-15,29.76,20.24,54.76,44.33,36.9,36.9,21.43,15.48,27.38,32.14,23.21,21.43,25.6,35.12,29.17,36.9,27.38,22.62,29.17,44.5,22.62,18.45,37.29,27.38,33.88,22.62,29.17,23.21,28.57,26.19,36.61,19.05,21.13,22.62,19.05,24.4,25.6,26.79,31.17,23.21,38.99,14.29,25.0,21.43,23.81,20.83
2022-08-16,29.76,20.24,54.76,44.33,36.9,36.9,21.43,15.48,27.38,32.14,23.21,21.43,25.6,35.12,29.17,36.9,27.38,22.62,29.17,44.5,22.62,18.45,37.29,27.38,33.88,22.62,29.17,23.21,28.57,26.19,36.61,19.05,21.13,22.62,19.05,24.4,25.6,26.79,31.17,23.21,38.99,14.29,25.0,17.86,23.81,20.83
2022-08-17,29.76,20.24,54.76,44.33,33.04,36.9,21.43,15.48,27.38,32.14,23.21,21.43,25.6,35.12,29.17,36.9,27.38,22.62,29.17,44.5,22.62,18.45,37.29,27.38,33.88,22.62,29.17,23.21,28.57,26.19,36.61,19.05,21.13,22.62,19.05,24.4,25.6,26.79,31.17,23.21,38.99,14.29,25.0,17.86,23.81,20.83
2022-08-18,29.76,20.24,54.76,44.33,33.04,36.9,21.43,15.48,27.38,32.14,23.21,21.43,25.6,35.12,29.17,36.9,27.38,22.62,29.17,44.5,22.62,18.45,37.29,27.38,33.88,19.05,29.17,23.21,28.57,26.19,36.61,19.05,17.56,22.62,19.05,24.4,25.6,26.79,31.17,23.21,38.99,14.29,25.0,17.86,23.81,20.83
2022-08-19,29.76,20.24,54.76,44.33,33.04,36.9,21.43,15.48,27.38,32.14,23.21,21.43,25.6,35.12,29.17,36.9,27.38,22.62,29.17,44.5,22.62,18.45,37.29,27.38,33.88,19.05,29.17,23.21,28.57,26.19,36.61,19.05,17.56,22.62,19.05,24.4,25.6,26.79,31.17,23.21,38.99,14.29,25.0,17.86,23.81,20.83
2022-08-20,29.76,20.24,54.76,44.33,33.04,36.9,21.43,15.48,27.38,32.14,23.21,21.43,25.6,35.12,29.17,36.9,27.38,22.62,29.17,44.5,22.62,18.45,37.29,27.38,33.88,19.05,29.17,23.21,28.57,26.19,36.61,19.05,17.56,22.62,19.05,24.4,25.6,26.79,31.17,23.21,38.99,14.29,25.0,17.86,23.81,20.83
2022-08-21,29.76,20.24,54.76,44.33,33.04,36.9,21.43,15.48,27.38,32.14,23.21,21.43,25.6,35.12,29.17,36.9,27.38,22.62,29.17,44.5,22.62,18.45,37.29,27.38,33.88,19.05,29.17,23.21,28.57,26.19,36.61,19.05,17.56,22.62,19.05,24.4,25.6,26.79,31.17,23.21,38.99,14.29,25.0,17.86,23.81,20.83
2022-08-22,29.76,20.24,54.76,44.33,33.04,36.9,21.43,15.48,27.38,32.14,23.21,21.43,25.6,35.12,29.17,36.9,27.38,22.62,29.17,44.5,22.62,18.45,37.29,27.38,33.88,19.05,29.17,23.21,28.57,26.19,36.61,19.05,17.56,22.62,19.05,24.4,25.6,26.79,31.17,23.21,38.99,14.29,25.0,17.86,23.81,20.83
2022-08-23,29.76,20.24,54.76,44.33,36.9,36.9,21.43,15.48,27.38,32.14,23.21,21.43,25.6,35.12,25.6,36.9,27.38,22.62,29.17,44.5,22.62,18.45,37.29,27.38,33.88,19.05,29.17,23.21,28.57,26.19,30.36,19.05,17.56,22.62,19.05,24.4,25.6,26.79,31.17,23.21,38.99,14.29,25.0,17.86,23.81,20.83
2022-08-24,29.76,20.24,54.76,44.33,36.9,36.9,21.43,15.48,27.38,32.14,23.21,21.43,25.6,35.12,25.6,36.9,27.38,22.62,29.17,44.5,22.62,18.45,37.29,27.38,33.88,19.05,29.17,23.21,28.57,26.19,30.36,19.05,17.56,22.62,19.05,24.4,25.6,26.79,31.17,23.21,38.99,14.29,25.0,17.86,23.81,20.83
2022-08-25,29.76,20.24,54.76,44.33,36.9,36.9,21.43,15.48,27.38,32.14,23.21,21.43,25.6,35.12,25.6,36.9,27.38,22.62,29.17,44.5,22.62,18.45,37.29,27.38,33.88,19.05,29.17,21.43,28.57,26.19,30.36,19.05,17.56,22.62,19.05,24.4,25.6,26.79,31.17,23.21,38.99,14.29,25.0,17.86,23.81,20.83
2022-08-26,29.76,20.24,54.76,44.33,36.9,36.9,21.43,15.48,27.38,32.14,23.21,21.43,25.6,35.12,25.6,36.9,27.38,22.62,29.17,44.5,22.62,18.45,37.29,27.38,33.88,19.05,29.17,21.43,28.57,26.19,30.36,19.05,17.56,22.62,19.05,24.4,25.6,26.79,31.17,23.21,38.99,14.29,25.0,17.86,23.81,20.83
2022-08-27,29.76,20.24,54.76,44.33,36.9,36.9,21.43,15.48,27.38,32.14,23.21,21.43,25.6,35.12,25.6,36.9,27.38,22.62,29.17,44.5,22.62,18.45,37.29,27.38,33.88,19.05,29.17,21.43,28.57,26.19,30.36,19.05,17.56,22.62,19.05,24.4,25.6,26.79,31.17,23.21,38.99,14.29,25.0,17.86,23.81,20.83
2022-08-28,29.76,20.24,54.76,44.33,36.9,36.9,21.43,15.48,27.38,32.14,23.21,21.43,25.6,35.12,25.6,36.9,27.38,22.62,29.17,44.5,22.62,18.45,37.29,27.38,33.88,19.05,29.17,21.43,28.57,26.19,30.36,19.05,17.56,22.62,19.05,24.4,25.6,26.79,31.17,23.21,38.99,14.29,25.0,17.86,23.81,20.83
2022-08-29,29.76,20.24,54.76,44.33,36.9,36.9,21.43,15.48,27.38,32.14,23.21,21.43,25.6,35.12,25.6,36.9,27.38,22.62,29.17,44.5,20.24,18.45,37.29,27.38,33.88,19.05,29.17,21.43,28.57,26.19,30.36,19.05,17.56,22.62,19.05,24.4,25.6,26.79,31.17,23.21,38.99,14.29,25.0,17.86,23.81,20.83
2022-08-30,29.76,20.24,54.76,44.33,36.9,36.9,21.43,15.48,27.38,32.14,23.21,21.43,25.6,35.12,25.6,36.9,27.38,22.62,18.45,44.5,20.24,18.45,37.29,27.38,33.88,19.05,29.17,21.43,28.57,26.19,30.36,19.05,17.56,22.62,19.05,24.4,25.6,26.79,31.17,23.21,38.99,14.29,25.0,17.86,23.81,20.83
2022-08-31,29.76,20.24,54.76,44.33,36.9,36.9,21.43,15.48,27.38,32.14,23.21,21.43,25.6,35.12,25.6,36.9,27.38,22.62,18.45,44.5,20.24,18.45,37.29,27.38,33.88,19.05,29.17,21.43,28.57,26.19,30.36,19.05,17.56,22.62,19.05,24.4,25.6,26.79,31.17,23.21,38.99,14.29,25.0,17.86,23.81,20.83
2022-09-01,29.76,20.24,54.76,44.33,36.9,36.9,21.43,15.48,27.38,32.14,23.21,21.43,25.6,35.12,25.6,36.9,27.38,22.62,18.45,42.12,20.24,18.45,37.29,27.38,33.88,19.05,29.17,21.43,28.57,26.19,30.36,19.05,17.56,22.62,19.05,24.4,25.6,26.79,31.17,23.21,38.99,14.29,25.0,17.86,23.81,20.83
2022-09-02,29.76,20.24,54.76,44.33,36.9,36.9,21.43,15.48,27.38,32.14,23.21,21.43,25.6,35.12,25.6,36.9,27.38,22.62,18.45,42.12,20.24,18.45,37.29,27.38,33.88,19.05,29.17,21.43,28.57,26.19,30.36,19.05,17.56,22.62,19.05,24.4,25.6,26.79,31.17,23.21,38.99,14.29,25.0,17.86,23.81,20.83
2022-09-03,29.76,20.24,54.76,44.33,36.9,36.9,21.43,15.48,27.38,32.14,23.21,21.43,25.6,35.12,25.6,36.9,27.38,22.62,18.45,42.12,20.24,18.45,37.29,27.38,33.88,19.05,29.17,21.43,28.57,26.19,30.36,19.05,17.56,22.62,19.05,24.4,25.6,26.79,31.17,23.21,38.99,14.29,25.0,17.86,23.81,20.83
2022-09-04,29.76,20.24,54.76,44.33,36.9,36.9,21.43,15.48,27.38,32.14,23.21,21.43,25.6,35.12,25.6,36.9,27.38,22.62,18.45,42.12,20.24,18.45,37.29,27.38,33.88,19.05,29.17,21.43,28.57,26.19,30.36,19.05,17.56,22.62,19.05,24.4,25.6,26.79,31.17,23.21,38.99,14.29,25.0,17.86,23.81,20.83
2022-09-05,29.76,20.24,54.76,44.33,36.9,36.9,21.43,15.48,27.38,32.14,23.21,21.43,25.6,35.12,25.6,36.9,27.38,22.62,18.45,42.12,20.24,18.45,37.29,27.38,33.88,19.05,29.17,21.43,28.57,26.19,30.36,19.05,17.56,22.62,19.05,24.4,25.6,26.79,31.17,23.21,38.99,14.29,25.0,17.86,23.81,20.83
2022-09-06,29.76,20.24,54.76,44.33,36.9,36.9,21.43,15.48,27.38,32.14,23.21,21.43,25.6,35.12,25.6,36.9,27.38,22.62,18.45,42.12,20.24,18.45,37.29,27.38,33.88,19.05,29.17,21.43,28.57,26.19,30.36,19.05,17.56,22.62,19.05,24.4,25.6,26.79,31.17,23.21,38.99,14.29,25.0,17.86,23.81,20.83
2022-09-07,29.76,20.24,54.76,44.33,36.9,36.9,21.43,15.48,27.38,32.14,23.21,21.43,25.6,35.12,25.6,36.9,27.38,22.62,18.45,42.12,20.24,18.45,37.29,27.38,33.88,19.05,29.17,21.43,28.57,26.19,30.36,19.05,17.56,22.62,19.05,24.4,25.6,26.79,31.17,23.21,38.99,14.29,25.0,17.86,23.81,20.83
2022-09-08,29.76,20.24,54.76,44.33,36.9,36.9,21.43,15.48,27.38,32.14,23.21,21.43,25.6,35.12,25.6,36.9,27.38,22.62,18.45,42.12,20.24,18.45,37.29,27.38,33.88,19.05,29.17,21.43,28.57,26.19,30.36,19.05,17.56,22.62,19.05,24.4,25.6,26.79,31.17,23.21,38.99,14.29,25.0,17.86,23.81,20.83
2022-09-09,29.76,20.24,54.76,44.33,36.9,36.9,21.43,15.48,27.38,32.14,23.21,21.43,25.6,35.12,25.6,36.9,27.38,22.62,18.45,42.12,20.24,18.45,37.29,27.38,33.88,19.05,29.17,21.43,28.57,26.19,30.36,19.05,17.56,22.62,19.05,24.4,25.6,26.79,31.17,23.21,38.99,14.29,25.0,17.86,23.81,20.83
2022-09-10,29.76,20.24,54.76,44.33,36.9,36.9,21.43,15.48,27.38,32.14,23.21,21.43,25.6,35.12,25.6,36.9,27.38,22.62,18.45,42.12,20.24,18.45,37.29,27.38,33.88,19.05,29.17,21.43,28.57,26.19,30.36,19.05,17.56,22.62,19.05,24.4,25.6,26.79,31.17,23.21,38.99,14.29,25.0,17.86,23.81,20.83
2022-09-11,29.76,20.24,54.76,44.33,36.9,36.9,21.43,15.48,27.38,32.14,23.21,21.43,25.6,35.12,25.6,36.9,27.38,22.62,18.45,42.12,20.24,18.45,37.29,27.38,33.88,19.05,29.17,21.43,28.57,26.19,30.36,19.05,17.56,22.62,19.05,24.4,25.6,26.79,31.17,23.21,38.99,14.29,25.0,17.86,23.81,20.83
2022-09-12,29.76,20.24,54.76,44.33,36.9,36.9,21.43,15.48,27.38,32.14,23.21,21.43,25.6,35.12,25.6,36.9,27.38,22.62,18.45,42.12,20.24,18.45,37.29,27.38,33.88,19.05,29.17,21.43,28.57,26.19,30.36,19.05,17.56,22.62,19.05,24.4,25.6,26.79,31.17,23.21,38.99,14.29,25.0,17.86,23.81,20.83
2022-09-13,29.76,20.24,54.76,44.33,36.9,36.9,21.43,15.48,27.38,32.14,23.21,21.43,25.6,35.12,25.6,36.9,27.38,22.62,18.45,42.12,20.24,18.45,37.29,27.38,33.88,19.05,29.17,21.43,28.57,26.19,30.36,19.05,17.56,22.62,19.05,24.4,25.6,26.79,31.17,23.21,38.99,14.29,25.0,17.86,23.81,20.83
2022-09-14,29.76,20.24,54.76,44.33,36.9,36.9,21.43,15.48,27.38,32.14,23.21,21.43,25.6,35.12,25.6,36.9,27.38,22.62,18.45,42.12,20.24,18.45,37.29,27.38,33.88,19.05,29.17,21.43,28.57,26.19,30.36,19.05,17.56,22.62,19.05,24.4,25.6,26.79,31.17,23.21,38.99,14.29,25.0,17.86,23.81,20.83
2022-09-15,29.76,20.24,54.76,44.33,36.9,36.9,21.43,15.48,27.38,32.14,23.21,21.43,25.6,35.12,25.6,36.9,27.38,22.62,18.45,42.12,20.24,18.45,37.29,27.38,33.88,19.05,29.17,21.43,28.57,26.19,30.36,19.05,17.56,22.62,19.05,24.4,25.6,26.79,31.17,23.21,38.99,14.29,25.0,17.86,23.81,20.83
2022-09-16,29.76,20.24,54.76,44.33,36.9,36.9,21.43,15.48,27.38,32.14,23.21,21.43,25.6,35.12,25.6,36.9,27.38,22.62,18.45,42.12,20.24,18.45,37.29,27.38,33.88,19.05,29.17,21.43,28.57,26.19,30.36,19.05,17.56,22.62,19.05,24.4,25.6,26.79,31.17,23.21,38.99,14.29,25.0,17.86,23.81,20.83
2022-09-17,29.76,20.24,54.76,44.33,36.9,36.9,21.43,15.48,27.38,32.14,21.43,21.43,25.6,35.12,25.6,36.9,27.38,22.62,18.45,42.12,20.24,18.45,37.29,27.38,30.95,19.05,29.17,21.43,28.57,26.19,30.36,19.05,17.56,22.62,19.05,24.4,25.6,26.79,31.17,23.21,38.99,14.29,25.0,17.86,23.81,20.83
2022-09-18,29.76,20.24,54.76,44.33,36.9,36.9,21.43,15.48,27.38,32.14,21.43,21.43,25.6,35.12,25.6,36.9,27.38,22.62,18.45,42.12,20.24,18.45,37.29,27.38,30.95,19.05,29.17,21.43,28.57,26.19,30.36,19.05,17.56,22.62,19.05,24.4,25.6,26.79,31.17,23.21,38.99,14.29,25.0,17.86,23.81,20.83
2022-09-19,29.76,20.24,54.76,44.33,36.9,36.9,21.43,15.48,27.38,32.14,21.43,21.43,25.6,35.12,25.6,36.9,27.38,22.62,18.45,42.12,20.24,18.45,37.29,27.38,30.95,19.05,27.38,21.43,28.57,26.19,30.36,19.05,17.56,22.62,19.05,24.4,25.6,26.79,31.17,23.21,38.99,14.29,25.0,17.86,23.81,20.83
2022-09-20,29.76,20.24,54.76,44.33,36.9,36.9,21.43,15.48,27.38,32.14,21.43,21.43,25.6,35.12,25.6,36.9,27.38,22.62,18.45,42.12,20.24,18.45,37.29,27.38,30.95,19.05,27.38,21.43,28.57,26.19,30.36,16.67,17.56,22.62,19.05,24.4,25.6,26.79,31.17,23.21,38.99,14.29,25.0,17.86,23.81,20.83
2022-09-21,29.76,20.24,54.76,44.33,36.9,36.9,21.43,15.48,27.38,32.14,21.43,21.43,25.6,35.12,25.6,36.9,27.38,22.62,18.45,42.12,20.24,18.45,37.29,27.38,30.95,19.05,27.38,21.43,28.57,26.19,30.36,16.67,17.56,22.62,19.05,24.4,25.6,26.79,31.17,23.21,38.99,14.29,25.0,17.86,23.81,20.83
2022-09-22,29.76,20.24,54.76,44.33,36.9,36.9,21.43,15.48,27.38,32.14,21.43,21.43,25.6,35.12,25.6,36.9,27.38,22.62,18.45,42.12,20.24,18.45,37.29,27.38,30.95,19.05,27.38,21.43,28.57,26.19,30.36,16.67,17.56,22.62,19.05,24.4,25.6,26.79,31.17,23.21,38.99,14.29,25.0,17.86,23.81,20.83
2022-09-23,29.76,20.24,54.76,44.33,36.9,36.9,21.43,15.48,27.38,32.14,21.43,21.43,25.6,35.12,25.6,36.9,27.38,22.62,18.45,42.12,20.24,18.45,37.29,27.38,30.95,19.05,27.38,21.43,28.57,26.19,30.36,16.67,17.56,22.62,19.05,24.4,25.6,26.79,31.17,23.21,38.99,14.29,25.0,17.86,23.81,20.83
2022-09-24,29.76,20.24,54.76,44.33,36.9,36.9,21.43,15.48,27.38,32.14,21.43,21.43,25.6,35.12,25.6,36.9,27.38,22.62,18.45,42.12,20.24,18.45,37.29,27.38,30.95,19.05,27.38,21.43,28.57,26.19,30.36,16.67,17.56,22.62,19.05,24.4,25.6,26.79,31.17,23.21,38.99,14.29,25.0,17.86,23.81,20.83
2022-09-25,29.76,20.24,54.76,44.33,36.9,36.9,21.43,15.48,27.38,32.14,21.43,21.43,25.6,35.12,25.6,36.9,27.38,22.62,18.45,42.12,20.24,18.45,37.29,27.38,30.95,19.05,27.38,21.43,28.57,26.19,30.36,16.67,17.56,22.62,19.05,24.4,25.6,26.79,31.17,23.21,38.99,14.29,25.0,17.86,23.81,20.83
2022-09-26,29.76,20.24,54.76,44.33,36.9,36.9,21.43,15.48,27.38,32.14,21.43,21.43,25.6,35.12,25.6,36.9,27.38,22.62,18.45,42.12,20.24,18.45,37.29,27.38,30.95,19.05,27.38,21.43,28.57,26.19,30.36,16.67,17.56,22.62,19.05,24.4,25.6,26.79,31.17,23.21,38.99,14.29,25.0,17.86,23.81,20.83
2022-09-27,29.76,20.24,54.76,44.33,36.9,36.9,21.43,15.48,27.38,32.14,21.43,21.43,25.6,35.12,25.6,36.9,27.38,22.62,18.45,42.12,20.24,18.45,37.29,27.38,30.95,19.05,27.38,23.21,28.57,26.19,30.36,16.67,17.56,22.62,19.05,24.4,25.6,26.79,31.17,23.21,38.99,14.29,25.0,17.86,23.81,20.83
2022-09-28,29.76,20.24,54.76,44.33,36.9,36.9,21.43,15.48,27.38,32.14,21.43,21.43,25.6,35.12,25.6,36.9,27.38,22.62,18.45,42.12,20.24,18.45,37.29,27.38,30.95,19.05,27.38,23.21,28.57,26.19,30.36,16.67,17.56,22.62,19.05,24.4,25.6,26.79,31.17,23.21,38.99,14.29,25.0,17.86,23.81,20.83
2022-09-29,29.76,20.24,54.76,44.33,36.9,36.9,21.43,15.48,27.38,32.14,21.43,21.43,25.6,35.12,25.6,36.9,27.38,22.62,18.45,42.12,20.24,18.45,37.29,27.38,30.95,19.05,27.38,23.21,28.57,26.19,30.36,16.67,17.56,22.62,19.05,24.4,25.6,26.79,31.17,23.21,38.99,14.29,25.0,17.86,23.81,20.83
2022-09-30,29.76,20.24,54.76,44.33,36.9,36.9,21.43,15.48,27.38,32.14,23.21,21.43,25.6,35.12,25.6,36.9,27.38,22.62,18.45,42.12,20.24,18.45,37.29,27.38,30.95,19.05,27.38,23.21,28.57,26.19,30.36,16.67,17.56,22.62,19.05,24.4,25.6,26.79,31.17,23.21,38.99,14.29,25.0,17.86,23.81,20.83
2022-10-01,29.76,20.24,54.76,44.33,36.9,36.9,21.43,15.48,27.38,32.14,23.21,21.43,25.6,35.12,25.6,36.9,27.38,22.62,18.45,42.12,20.24,18.45,32.14,27.38,30.95,19.05,23.81,23.21,28.57,26.19,26.79,16.67,17.56,22.62,19.05,24.4,25.6,26.79,31.17,23.21,38.99,14.29,25.0,17.86,23.81,20.83
2022-10-02,29.76,20.24,54.76,36.75,36.9,36.9,21.43,15.48,27.38,32.14,23.21,21.43,25.6,35.12,25.6,36.9,27.38,22.62,18.45,42.12,20.24,18.45,32.14,27.38,30.95,19.05,23.81,23.21,28.57,26.19,26.79,16.67,17.56,22.62,19.05,24.4,25.6,26.79,31.17,23.21,38.99,14.29,25.0,17.86,23.81,20.83
2022-10-03,29.76,20.24,54.76,36.75,36.9,36.9,21.43,15.48,27.38,32.14,23.21,21.43,25.6,35.12,25.6,36.9,27.38,22.62,18.45,42.12,20.24,18.45,32.14,27.38,30.95,19.05,23.81,23.21,28.57,26.19,26.79,16.67,17.56,22.62,19.05,24.4,25.6,26.79,31.17,23.21,38.99,14.29,25.0,17.86,23.81,20.83
2022-10-04,29.76,20.24,54.76,36.75,36.9,36.9,21.43,15.48,27.38,32.14,23.21,21.43,25.6,35.12,25.6,36.9,27.38,22.62,18.45,42.12,20.24,18.45,32.14,27.38,30.95,19.05,23.81,23.21,28.57,26.19,26.79,16.67,17.56,22.62,19.05,24.4,25.6,26.79,31.17,23.21,38.99,14.29,25.0,17.86,23.81,20.83
2022-10-05,29.76,20.24,54.76,36.75,36.9,36.9,21.43,15.48,27.38,32.14,23.21,21.43,25.6,35.12,25.6,36.9,27.38,22.62,18.45,42.12,20.24,18.45,32.14,27.38,30.95,19.05,23.81,23.21,28.57,26.19,26.79,16.67,17.56,22.62,19.05,24.4,25.6,26.79,31.17,23.21,38.99,14.29,25.0,17.86,23.81,20.83
2022-10-06,29.76,20.24,54.76,36.75,36.9,36.9,21.43,15.48,27.38,32.14,23.21,21.43,25.6,35.12,25.6,36.9,27.38,22.62,18.45,42.12,20.24,18.45,32.14,27.38,30.95,19.05,23.81,23.21,28.57,26.19,26.79,16.67,17.56,22.62,19.05,24.4,25.6,26.79,31.17,23.21,38.99,14.29,25.0,17.86,23.81,20.83
2022-10-07,29.76,20.24,54.76,36.75,36.9,36.9,21.43,15.48,27.38,32.14,23.21,21.43,25.6,35.12,25.6,36.9,27.38,22.62,18.45,42.12,20.24,18.45,32.14,27.38,30.95,19.05,23.81,23.21,28.57,26.19,26.79,16.67,17.56,22.62,19.05,24.4,25.6,26.79,31.17,23.21,38.99,14.29,25.0,17.86,23.81,20.83
2022-10-08,29.76,20.24,54.76,36.75,36.9,36.9,21.43,15.48,27.38,32.14,23.21,21.43,25.6,35.12,25.6,36.9,27.38,22.62,18.45,42.12,20.24,18.45,32.14,27.38,30.95,19.05,23.81,23.21,28.57,26.19,26.79,16.67,17.56,22.62,19.05,24.4,25.6,26.79,31.17,23.21,38.99,14.29,25.0,17.86,23.81,20.83
2022-10-09,29.76,20.24,54.76,36.75,36.9,36.9,21.43,15.48,27.38,32.14,23.21,21.43,25.6,35.12,25.6,36.9,27.38,22.62,18.45,42.12,20.24,18.45,32.14,27.38,30.95,19.05,23.81,23.21,28.57,26.19,26.79,16.67,17.56,22.62,19.05,24.4,25.6,26.79,31.17,23.21,38.99,14.29,25.0,17.86,23.81,20.83
2022-10-10,29.76,20.24,54.76,36.75,36.9,36.9,21.43,15.48,27.38,32.14,23.21,21.43,25.6,35.12,25.6,36.9,27.38,22.62,18.45,42.12,20.24,18.45,32.14,27.38,30.95,19.05,23.81,23.21,28.57,26.19,26.79,16.67,17.56,22.62,19.05,24.4,25.6,26.79,31.17,23.21,38.99,14.29,25.0,17.86,23.81,20.83
2022-10-11,29.76,20.24,54.76,36.75,36.9,36.9,21.43,15.48,27.38,32.14,23.21,21.43,25.6,35.12,25.6,36.9,27.38,22.62,18.45,42.12,20.24,18.45,32.14,27.38,30.95,19.05,23.81,23.21,28.57,26.19,26.79,16.67,17.56,22.62,19.05,24.4,25.6,26.79,31.17,23.21,38.99,14.29,25.0,17.86,23.81,20.83
2022-10-12,29.76,20.24,54.76,36.75,36.9,36.9,21.43,15.48,27.38,32.14,23.21,21.43,25.6,35.12,25.6,36.9,27.38,22.62,18.45,42.12,20.24,18.45,32.14,27.38,30.95,19.05,23.81,23.21,28.57,26.19,26.79,16.67,17.56,22.62,19.05,24.4,25.6,26.79,31.17,23.21,38.99,14.29,25.0,17.86,23.81,20.83
2022-10-13,29.76,20.24,54.76,36.75,36.9,36.9,21.43,15.48,27.38,32.14,23.21,21.43,25.6,35.12,25.6,36.9,27.38,22.62,18.45,42.12,20.24,18.45,32.14,27.38,30.95,19.05,23.81,23.21,28.57,26.19,26.79,16.67,17.56,22.62,19.05,24.4,25.6,26.79,31.17,23.21,38.99,14.29,25.0,17.86,23.81,20.83
2022-10-14,29.76,20.24,54.76,36.75,36.9,36.9,21.43,15.48,27.38,32.14,23.21,21.43,25.6,35.12,25.6,36.9,27.38,22.62,18.45,42.12,20.24,18.45,32.14,27.38,30.95,19.05,23.81,23.21,28.57,26.19,26.79,16.67,17.56,22.62,19.05,24.4,25.6,26.79,31.17,23.21,38.99,14.29,25.0,17.86,23.81,20.83
2022-10-15,29.76,20.24,54.76,36.75,36.9,36.9,21.43,15.48,27.38,32.14,23.21,21.43,25.6,35.12,25.6,36.9,27.38,22.62,18.45,42.12,20.24,18.45,32.14,27.38,30.95,19.05,23.81,23.21,28.57,26.19,26.79,16.67,17.56,22.62,19.05,24.4,25.6,26.79,31.17,23.21,38.99,14.29,25.0,17.86,23.81,20.83
2022-10-16,29.76,20.24,54.76,36.75,36.9,36.9,21.43,15.48,27.38,32.14,23.21,21.43,25.6,35.12,25.6,36.9,27.38,22.62,18.45,42.12,20.24,18.45,32.14,27.38,30.95,19.05,23.81,23.21,28.57,26.19,26.79,16.67,17.56,22.62,19.05,24.4,25.6,26.79,31.17,23.21,38.99,14.29,25.0,17.86,23.81,20.83
2022-10-17,29.76,20.24,54.76,36.75,36.9,36.9,21.43,15.48,27.38,32.14,23.21,21.43,25.6,35.12,25.6,36.9,27.38,22.62,18.45,42.12,20.24,18.45,32.14,27.38,30.95,19.05,23.81,23.21,28.57,26.19,26.79,16.67,17.56,22.62,19.05,19.05,25.6,26.79,31.17,23.21,38.99,14.29,25.0,17.86,23.81,20.83
2022-10-18,29.76,20.24,54.76,36.75,36.9,36.9,21.43,15.48,27.38,32.14,23.21,21.43,25.6,35.12,23.81,36.9,27.38,22.62,18.45,42.12,20.24,18.45,32.14,27.38,30.95,19.05,23.81,23.21,28.57,26.19,26.79,16.67,17.56,22.62,19.05,19.05,25.6,26.79,31.17,23.21,32.74,14.29,25.0,17.86,23.81,20.83
2022-10-19,29.76,20.24,54.76,36.75,36.9,36.9,21.43,15.48,27.38,32.14,23.21,21.43,25.6,35.12,23.81,36.9,27.38,22.62,18.45,42.12,16.67,18.45,32.14,27.38,30.95,19.05,23.81,23.21,28.57,26.19,26.79,16.67,17.56,22.62,19.05,19.05,25.6,26.79,31.17,23.21,32.74,14.29,25.0,17.86,23.81,20.83
2022-10-20,29.76,20.24,54.76,36.75,36.9,36.9,21.43,15.48,27.38,32.14,23.21,21.43,25.6,35.12,23.81,36.9,27.38,22.62,18.45,42.12,16.67,18.45,32.14,27.38,30.95,19.05,23.81,23.21,28.57,26.19,26.79,16.67,17.56,22.62,19.05,19.05,25.6,26.79,31.17,23.21,32.74,14.29,25.0,17.86,23.81,20.83
2022-10-21,29.76,20.24,54.76,36.75,36.9,36.9,21.43,15.48,27.38,32.14,23.21,21.43,25.6,35.12,23.81,36.9,27.38,22.62,18.45,42.12,16.67,18.45,32.14,27.38,30.95,19.05,23.81,23.21,28.57,26.19,25.0,16.67,17.56,22.62,19.05,19.05,25.6,26.79,31.17,23.21,32.74,14.29,25.0,17.86,23.81,20.83
2022-10-22,29.76,20.24,54.76,36.75,36.9,36.9,21.43,15.48,27.38,32.14,20.83,21.43,25.6,35.12,23.81,36.9,27.38,22.62,18.45,42.12,16.67,18.45,32.14,27.38,30.95,19.05,23.81,23.21,28.57,26.19,25.0,16.67,17.56,22.62,19.05,19.05,25.6,26.79,31.17,23.21,32.74,14.29,25.0,17.86,23.81,20.83
2022-10-23,29.76,20.24,54.76,36.75,36.9,36.9,21.43,15.48,27.38,32.14,20.83,21.43,25.6,35.12,23.81,36.9,27.38,22.62,18.45,42.12,16.67,18.45,32.14,27.38,30.95,19.05,23.81,23.21,28.57,26.19,25.0,16.67,17.56,22.62,19.05,19.05,25.6,23.21,31.17,23.21,32.74,14.29,25.0,17.86,23.81,20.83
2022-10-24,29.76,20.24,54.76,36.75,36.9,36.9,21.43,15.48,27.38,32.14,20.83,21.43,25.6,35.12,23.81,36.9,27.38,22.62,18.45,42.12,16.67,18.45,32.14,27.38,30.95,19.05,23.81,23.21,28.57,26.19,25.0,16.67,17.56,22.62,19.05,19.05,25.6,23.21,31.17,23.21,32.74,14.29,25.0,17.86,23.81,20.83
2022-10-25,29.76,20.24,54.76,36.75,36.9,36.9,21.43,15.48,27.38,32.14,20.83,21.43,25.6,35.12,23.81,36.9,27.38,22.62,18.45,42.12,16.67,18.45,32.14,27.38,30.95,19.05,23.81,23.21,28.57,26.19,25.0,16.67,17.56,22.62,19.05,19.05,25.6,23.21,31.17,23.21,32.74,14.29,25.0,17.86,23.81,20.83
2022-10-26,29.76,20.24,54.76,36.75,36.9,36.9,21.43,15.48,27.38,32.14,20.83,21.43,25.6,35.12,23.81,36.9,27.38,22.62,18.45,42.12,16.67,18.45,32.14,27.38,30.95,19.05,23.81,23.21,28.57,26.19,25.0,16.67,17.56,22.62,19.05,19.05,25.6,23.21,31.17,23.21,32.74,14.29,25.0,17.86,23.81,20.83
2022-10-27,29.76,20.24,54.76,36.75,36.9,36.9,21.43,15.48,27.38,32.14,20.83,21.43,25.6,35.12,23.81,36.9,27.38,22.62,18.45,42.12,16.67,18.45,32.14,27.38,30.95,19.05,23.81,23.21,28.57,26.19,25.0,16.67,17.56,22.62,19.05,19.05,25.6,23.21,31.17,23.21,32.74,14.29,25.0,17.86,23.81,20.83
2022-10-28,29.76,20.24,54.76,36.75,36.9,36.9,21.43,15.48,27.38,32.14,20.83,21.43,25.6,35.12,23.81,36.9,27.38,22.62,18.45,42.12,16.67,18.45,32.14,27.38,30.95,19.05,23.81,23.21,28.57,26.19,25.0,16.67,17.56,22.62,19.05,19.05,25.6,23.21,31.17,23.21,32.74,14.29,25.0,17.86,23.81,20.83
2022-10-29,29.76,20.24,54.76,36.75,36.9,36.9,21.43,15.48,27.38,32.14,20.83,21.43,25.6,35.12,23.81,36.9,27.38,22.62,18.45,42.12,16.67,18.45,32.14,27.38,30.95,19.05,23.81,23.21,28.57,26.19,25.0,16.67,17.56,22.62,19.05,19.05,25.6,23.21,31.17,23.21,32.74,14.29,25.0,17.86,23.81,20.83
2022-10-30,29.76,20.24,54.76,36.75,36.9,36.9,21.43,15.48,27.38,32.14,20.83,21.43,25.6,35.12,23.81,36.9,27.38,22.62,18.45,42.12,16.67,18.45,32.14,27.38,30.95,19.05,23.81,23.21,28.57,26.19,25.0,16.67,17.56,22.62,19.05,19.05,25.6,23.21,31.17,23.21,32.74,14.29,25.0,17.86,23.81,20.83
2022-10-31,29.76,20.24,54.76,36.75,36.9,36.9,21.43,15.48,27.38,32.14,20.83,21.43,25.6,35.12,23.81,36.9,27.38,22.62,18.45,42.12,16.67,18.45,32.14,27.38,30.95,19.05,23.81,23.21,28.57,26.19,25.0,16.67,17.56,22.62,19.05,19.05,25.6,23.21,31.17,23.21,32.74,14.29,25.0,17.86,23.81,20.83
2022-11-01,29.76,20.24,54.76,36.75,36.9,36.9,21.43,15.48,27.38,32.14,20.83,21.43,25.6,35.12,23.81,36.9,27.38,22.62,18.45,42.12,16.67,18.45,32.14,27.38,30.95,19.05,23.81,23.21,28.57,26.19,25.0,16.67,17.56,22.62,19.05,19.05,25.6,23.21,31.17,23.21,32.74,14.29,25.0,17.86,23.81,20.83
2022-11-02,29.76,20.24,54.76,36.75,36.9,36.9,21.43,15.48,27.38,32.14,20.83,21.43,25.6,35.12,23.81,36.9,27.38,22.62,18.45,42.12,16.67,18.45,32.14,27.38,30.95,19.05,23.81,23.21,28.57,26.19,25.0,16.67,17.56,22.62,19.05,19.05,25.6,23.21,31.17,23.21,32.74,14.29,25.0,17.86,23.81,20.83
2022-11-03,29.76,20.24,54.76,36.75,36.9,36.9,21.43,15.48,27.38,32.14,20.83,21.43,25.6,35.12,23.81,36.9,27.38,22.62,18.45,42.12,16.67,18.45,32.14,27.38,30.95,19.05,23.81,23.21,28.57,26.19,25.0,16.67,17.56,22.62,19.05,19.05,25.6,23.21,31.17,23.21,32.74,14.29,25.0,17.86,23.81,20.83
2022-11-04,29.76,20.24,54.76,36.75,36.9,36.9,21.43,15.48,27.38,32.14,20.83,21.43,25.6,35.12,23.81,36.9,27.38,22.62,18.45,42.12,16.67,18.45,32.14,27.38,30.95,19.05,23.81,23.21,28.57,26.19,25.0,16.67,17.56,22.62,19.05,19.05,25.6,23.21,31.17,23.21,32.74,14.29,25.0,17.86,23.81,20.83
2022-11-05,29.76,16.67,54.76,36.75,36.9,36.9,21.43,15.48,27.38,32.14,20.83,21.43,25.6,35.12,23.81,36.9,27.38,22.62,18.45,42.12,16.67,18.45,32.14,27.38,30.95,19.05,23.81,23.21,28.57,26.19,25.0,16.67,17.56,22.62,19.05,19.05,25.6,23.21,31.17,23.21,32.74,14.29,25.0,17.86,23.81,20.83
2022-11-06,29.76,16.67,54.76,36.75,36.9,36.9,21.43,15.48,27.38,32.14,20.83,21.43,25.6,35.12,23.81,36.9,27.38,22.62,18.45,42.12,16.67,18.45,32.14,27.38,30.95,19.05,23.81,23.21,28.57,26.19,25.0,16.67,17.56,22.62,19.05,19.05,27.38,23.21,31.17,23.21,32.74,14.29,25.0,17.86,23.81,20.83
2022-11-07,29.76,16.67,54.76,36.75,36.9,36.9,21.43,15.48,27.38,32.14,20.83,21.43,25.6,35.12,23.81,36.9,27.38,22.62,18.45,42.12,16.67,18.45,32.14,27.38,30.95,19.05,23.81,23.21,28.57,26.19,25.0,16.67,17.56,22.62,19.05,19.05,27.38,23.21,31.17,23.21,32.74,14.29,25.0,17.86,23.81,20.83
2022-11-08,29.76,16.67,54.76,36.75,36.9,36.9,21.43,15.48,27.38,32.14,20.83,21.43,25.6,35.12,23.81,36.9,27.38,22.62,18.45,44.5,16.67,18.45,32.14,27.38,30.95,19.05,23.81,23.21,28.57,26.19,25.0,16.67,17.56,22.62,19.05,19.05,27.38,23.21,31.17,23.21,32.74,14.29,25.0,17.86,23.81,20.83
2022-11-09,29.76,16.67,54.76,36.75,36.9,36.9,25.0,15.48,27.38,32.14,20.83,21.43,25.6,35.12,23.81,36.9,27.38,22.62,18.45,44.5,16.67,18.45,32.14,27.38,30.95,19.05,23.81,23.21,28.57,26.19,25.0,16.67,17.56,22.62,19.05,19.05,27.38,23.21,31.17,23.21,32.74,14.29,25.0,17.86,23.81,20.83
2022-11-10,29.76,16.67,54.76,36.75,36.9,36.9,25.0,15.48,27.38,32.14,20.83,21.43,25.6,35.12,23.81,36.9,27.38,22.62,18.45,44.5,16.67,18.45,32.14,27.38,30.95,19.05,23.81,23.21,28.57,26.19,25.0,16.67,17.56,22.62,19.05,19.05,27.38,23.21,31.17,23.21,32.74,14.29,25.0,17.86,23.81,20.83
2022-11-11,29.76,16.67,54.76,36.75,36.9,36.9,25.0,15.48,27.38,32.14,20.83,21.43,25.6,35.12,23.81,36.9,27.38,22.62,18.45,44.5,16.67,18.45,32.14,27.38,30.95,19.05,23.81,23.21,28.57,26.19,25.0,16.67,17.56,22.62,19.05,19.05,27.38,23.21,31.17,23.21,32.74,14.29,25.0,17.86,23.81,20.83
2022-11-12,29.76,16.67,54.76,36.75,36.9,36.9,25.0,15.48,27.38,32.14,19.05,21.43,25.6,35.12,23.81,36.9,27.38,22.62,18.45,44.5,16.67,18.45,32.14,27.38,30.95,19.05,23.81,23.21,28.57,26.19,25.0,16.67,17.56,22.62,19.05,19.05,27.38,23.21,31.17,23.21,32.74,14.29,25.0,17.86,23.81,20.83
2022-11-13,29.76,16.67,54.76,36.75,36.9,36.9,25.0,15.48,27.38,32.14,19.05,21.43,25.6,35.12,23.81,36.9,27.38,22.62,18.45,44.5,16.67,18.45,32.14,27.38,30.95,19.05,23.81,23.21,28.57,26.19,25.0,16.67,17.56,22.62,19.05,19.05,27.38,23.21,31.17,23.21,32.74,14.29,25.0,17.86,23.81,20.83
2022-11-14,29.76,16.67,54.76,36.75,36.9,36.9,25.0,15.48,27.38,32.14,19.05,21.43,25.6,35.12,23.81,36.9,27.38,22.62,18.45,44.5,16.67,18.45,32.14,27.38,30.95,19.05,23.81,23.21,28.57,26.19,25.0,16.67,17.56,22.62,19.05,19.05,27.38,23.21,31.17,23.21,32.74,14.29,25.0,17.86,23.81,20.83
2022-11-15,29.76,16.67,54.76,36.75,36.9,36.9,25.0,15.48,27.38,32.14,19.05,21.43,25.6,35.12,23.81,36.9,27.38,22.62,18.45,44.5,16.67,18.45,32.14,27.38,30.95,19.05,23.81,23.21,28.57,26.19,25.0,16.67,17.56,22.62,19.05,19.05,27.38,23.21,31.17,23.21,32.74,14.29,25.0,17.86,23.81,20.83
2022-11-16,29.76,16.67,54.76,36.75,36.9,36.9,25.0,15.48,27.38,32.14,19.05,21.43,25.6,35.12,23.81,36.9,27.38,22.62,18.45,44.5,13.1,18.45,32.14,27.38,30.95,19.05,23.81,23.21,28.57,26.19,25.0,16.67,13.99,22.62,19.05,19.05,27.38,23.21,31.17,23.21,32.74,14.29,25.0,17.86,23.81,20.83
2022-11-17,29.76,16.67,54.76,36.75,36.9,36.9,21.43,15.48,27.38,32.14,19.05,21.43,25.6,35.12,23.81,36.9,27.38,22.62,18.45,44.5,13.1,18.45,32.14,27.38,30.95,19.05,23.81,23.21,28.57,26.19,25.0,16.67,13.99,22.62,19.05,19.05,27.38,23.21,31.17,23.21,32.74,14.29,25.0,17.86,23.81,20.83
2022-11-18,29.76,16.67,54.76,36.75,36.9,36.9,21.43,15.48,27.38,32.14,19.05,21.43,25.6,35.12,23.81,36.9,27.38,22.62,18.45,44.5,13.1,18.45,32.14,27.38,30.95,19.05,23.81,23.21,28.57,26.19,25.0,16.67,13.99,22.62,19.05,19.05,27.38,23.21,31.17,23.21,32.74,14.29,25.0,17.86,23.81,20.83
2022-11-19,29.76,16.67,54.76,36.75,36.9,36.9,21.43,15.48,27.38,32.14,19.05,21.43,25.6,35.12,23.81,36.9,27.38,22.62,18.45,44.5,13.1,18.45,32.14,27.38,30.95,19.05,23.81,23.21,28.57,26.19,25.0,16.67,13.99,22.62,19.05,19.05,27.38,19.64,31.17,23.21,32.74,14.29,25.0,17.86,23.81,20.83
2022-11-20,29.76,16.67,54.76,36.75,36.9,36.9,21.43,15.48,27.38,32.14,19.05,21.43,25.6,35.12,23.81,36.9,27.38,22.62,18.45,44.5,13.1,18.45,32.14,27.38,30.95,19.05,23.81,23.21,28.57,26.19,25.0,16.67,13.99,22.62,19.05,19.05,27.38,19.64,31.17,23.21,32.74,14.29,25.0,17.86,23.81,20.83
2022-11-21,29.76,16.67,54.76,36.75,36.9,36.9,21.43,15.48,27.38,32.14,19.05,21.43,25.6,35.12,23.81,36.9,27.38,22.62,18.45,44.5,13.1,18.45,32.14,27.38,30.95,19.05,23.81,23.21,28.57,26.19,25.0,16.67,13.99,22.62,19.05,19.05,27.38,19.64,31.17,23.21,32.74,14.29,25.0,17.86,23.81,20.83
2022-11-22,29.76,16.67,54.76,36.75,36.9,36.9,21.43,14.29,27.38,32.14,19.05,21.43,25.6,35.12,23.81,36.9,27.38,22.62,18.45,44.5,13.1,18.45,32.14,27.38,30.95,19.05,23.81,23.21,28.57,26.19,25.0,16.67,13.99,22.62,15.48,19.05,27.38,19.64,31.17,23.21,22.62,14.29,25.0,17.86,23.81,20.83
2022-11-23,29.76,16.67,54.76,36.75,36.9,36.9,21.43,14.29,27.38,32.14,19.05,21.43,25.6,35.12,23.81,36.9,27.38,22.62,18.45,44.5,13.1,18.45,32.14,27.38,30.95,19.05,23.81,23.21,28.57,26.19,25.0,16.67,13.99,22.62,15.48,19.05,27.38,19.64,31.17,23.21,22.62,14.29,25.0,17.86,23.81,20.83
2022-11-24,29.76,16.67,54.76,36.75,36.9,36.9,21.43,14.29,27.38,32.14,19.05,21.43,25.6,35.12,23.81,36.9,27.38,22.62,18.45,44.5,13.1,18.45,32.14,27.38,30.95,19.05,23.81,23.21,28.57,26.19,25.0,16.67,13.99,22.62,15.48,19.05,27.38,19.64,31.17,23.21,22.62,14.29,25.0,17.86,23.81,20.83
2022-11-25,29.76,16.67,54.76,36.75,36.9,36.9,21.43,14.29,27.38,32.14,19.05,21.43,25.6,35.12,23.81,36.9,27.38,22.62,18.45,44.5,13.1,18.45,32.14,27.38,30.95,19.05,23.81,23.21,28.57,26.19,25.0,16.67,13.99,22.62,15.48,19.05,27.38,19.64,31.17,23.21,22.62,14.29,25.0,17.86,23.81,20.83
2022-11-26,33.33,16.67,54.76,36.75,36.9,36.9,21.43,14.29,27.38,32.14,19.05,21.43,25.6,35.12,23.81,36.9,27.38,22.62,18.45,44.5,13.1,18.45,32.14,27.38,30.95,19.05,23.81,23.21,28.57,26.19,25.0,16.67,13.99,22.62,15.48,19.05,27.38,19.64,31.17,23.21,22.62,14.29,25.0,17.86,23.81,20.83
2022-11-27,33.33,16.67,54.76,36.75,36.9,36.9,21.43,14.29,27.38,32.14,19.05,21.43,25.6,35.12,23.81,36.9,27.38,22.62,18.45,44.5,13.1,18.45,32.14,27.38,30.95,19.05,23.81,23.21,28.57,26.19,25.0,16.67,13.99,22.62,15.48,19.05,27.38,19.64,31.17,23.21,22.62,14.29,25.0,17.86,23.81,20.83
2022-11-28,33.33,16.67,54.76,36.75,36.9,36.9,21.43,14.29,27.38,32.14,19.05,21.43,25.6,35.12,23.81,36.9,27.38,22.62,18.45,44.5,13.1,18.45,32.14,27.38,30.95,19.05,23.81,23.21,28.57,26.19,25.0,16.67,13.99,22.62,15.48,19.05,27.38,19.64,31.17,23.21,22.62,14.29,25.0,17.86,23.81,20.83
2022-11-29,33.33,16.67,54.76,36.75,36.9,36.9,21.43,14.29,27.38,32.14,19.05,21.43,25.6,35.12,23.81,36.9,27.38,22.62,18.45,44.5,13.1,18.45,32.14,27.38,30.95,19.05,23.81,23.21,28.57,26.19,25.0,16.67,13.99,22.62,15.48,19.05,27.38,19.64,31.17,23.21,22.62,14.29,25.0,17.86,23.81,20.83
2022-11-30,33.33,16.67,54.76,36.75,36.9,36.9,21.43,14.29,27.38,32.14,19.05,21.43,25.6,35.12,23.81,36.9,27.38,22.62,18.45,44.5,13.1,18.45,32.14,27.38,30.95,19.05,23.81,23.21,28.57,26.19,25.0,16.67,13.99,22.62,15.48,19.05,23.81,19.64,31.17,23.21,22.62,14.29,17.86,17.86,23.81,20.83
2022-12-01,33.33,16.67,54.76,36.75,36.9,36.9,21.43,14.29,27.38,32.14,19.05,21.43,25.6,35.12,25.6,36.9,27.38,22.62,18.45,44.5,13.1,18.45,32.14,27.38,30.95,19.05,23.81,23.21,28.57,26.19,25.0,16.67,13.99,22.62,15.48,19.05,23.81,19.64,31.17,23.21,22.62,14.29,17.86,17.86,23.81,20.83
2022-12-02,33.33,16.67,54.76,36.75,36.9,36.9,21.43,14.29,27.38,32.14,19.05,21.43,25.6,35.12,25.6,36.9,27.38,22.62,18.45,44.5,13.1,18.45,32.14,27.38,30.95,19.05,23.81,23.21,28.57,26.19,25.0,16.67,13.99,22.62,15.48,19.05,23.81,19.64,31.17,23.21,22.62,14.29,17.86,17.86,23.81,20.83
2022-12-03,33.33,16.67,54.76,36.75,36.9,36.9,21.43,14.29,27.38,32.14,19.05,21.43,25.6,35.12,25.6,36.9,27.38,22.62,18.45,44.5,13.1,18.45,32.14,27.38,30.95,19.05,23.81,23.21,28.57,26.19,25.0,16.67,13.99,22.62,15.48,19.05,23.81,19.64,31.17,23.21,22.62,14.29,17.86,17.86,23.81,20.83
2022-12-04,33.33,16.67,54.76,36.75,36.9,36.9,21.43,14.29,27.38,32.14,19.05,21.43,25.6,35.12,25.6,36.9,27.38,22.62,18.45,44.5,13.1,18.45,32.14,27.38,30.95,19.05,23.81,23.21,28.57,26.19,25.0,16.67,13.99,22.62,15.48,19.05,23.81,19.64,31.17,23.21,22.62,14.29,17.86,17.86,23.81,20.83
2022-12-05,33.33,16.67,54.76,36.75,36.9,36.9,21.43,14.29,27.38,32.14,19.05,21.43,25.6,35.12,25.6,36.9,27.38,22.62,18.45,44.5,13.1,18.45,32.14,27.38,30.95,19.05,23.81,23.21,28.57,26.19,25.0,16.67,13.99,22.62,15.48,19.05,23.81,19.64,31.17,23.21,22.62,14.29,17.86,17.86,23.81,20.83
2022-12-06,33.33,16.67,54.76,36.75,36.9,36.9,21.43,14.29,27.38,32.14,19.05,21.43,25.6,35.12,25.6,36.9,27.38,22.62,14.88,44.5,13.1,18.45,32.14,27.38,30.95,19.05,23.81,23.21,28.57,26.19,25.0,16.67,13.99,22.62,15.48,19.05,23.81,19.64,31.17,23.21,22.62,14.29,17.86,17.86,23.81,20.83
2022-12-07,33.33,16.67,54.76,36.75,36.9,36.9,21.43,14.29,27.38,32.14,19.05,21.43,25.6,35.12,25.6,36.9,27.38,22.62,14.88,44.5,13.1,18.45,32.14,27.38,30.95,19.05,23.81,23.21,28.57,26.19,25.0,16.67,13.99,22.62,15.48,19.05,23.81,19.64,31.17,23.21,22.62,14.29,17.86,17.86,23.81,20.83
2022-12-08,33.33,16.67,54.76,36.75,36.9,36.9,21.43,14.29,27.38,32.14,19.05,21.43,25.6,35.12,25.6,36.9,27.38,22.62,14.88,44.5,13.1,18.45,32.14,27.38,30.95,19.05,23.81,23.21,28.57,26.19,25.0,16.67,13.99,22.62,15.48,19.05,23.81,19.64,31.17,23.21,22.62,14.29,17.86,17.86,23.81,20.83
2022-12-09,33.33,16.67,54.76,36.75,36.9,36.9,21.43,14.29,27.38,32.14,19.05,21.43,25.6,35.12,25.6,36.9,27.38,22.62,14.88,44.5,13.1,18.45,32.14,27.38,30.95,19.05,23.81,23.21,28.57,26.19,25.0,16.67,13.99,22.62,15.48,19.05,23.81,19.64,31.17,23.21,22.62,14.29,17.86,17.86,23.81,20.83
2022-12-10,33.33,16.67,54.76,36.75,36.9,36.9,21.43,14.29,27.38,32.14,19.05,21.43,25.6,35.12,25.6,36.9,27.38,22.62,14.88,44.5,13.1,18.45,32.14,27.38,33.33,19.05,23.81,23.21,28.57,26.19,25.0,16.67,13.99,22.62,15.48,19.05,23.81,19.64,31.17,23.21,22.62,14.29,17.86,17.86,23.81,20.83
2022-12-11,33.33,16.67,54.76,36.75,36.9,36.9,21.43,14.29,27.38,32.14,19.05,21.43,25.6,35.12,25.6,36.9,27.38,22.62,14.88,44.5,13.1,18.45,32.14,27.38,33.33,19.05,23.81,23.21,28.57,26.19,25.0,16.67,13.99,22.62,15.48,19.05,23.81,19.64,31.17,23.21,22.62,14.29,17.86,17.86,23.81,20.83
2022-12-12,33.33,16.67,54.76,36.75,36.9,36.9,21.43,14.29,27.38,32.14,19.05,21.43,25.6,35.12,25.6,36.9,27.38,22.62,14.88,44.5,13.1,18.45,32.14,27.38,33.33,19.05,23.81,23.21,28.57,26.19,25.0,16.67,13.99,22.62,15.48,19.05,23.81,19.64,31.17,23.21,22.62,14.29,17.86,17.86,23.81,20.83
2022-12-13,33.33,16.67,54.76,36.75,36.9,36.9,21.43,14.29,27.38,32.14,19.05,21.43,25.6,35.12,25.6,36.9,27.38,22.62,14.88,42.12,13.1,18.45,32.14,27.38,33.33,19.05,23.81,23.21,28.57,26.19,25.0,16.67,13.99,22.62,15.48,19.05,23.81,19.64,31.17,23.21,22.62,14.29,17.86,17.86,23.81,20.83
2022-12-14,33.33,16.67,54.76,36.75,36.9,36.9,21.43,14.29,27.38,32.14,19.05,21.43,25.6,35.12,25.6,36.9,27.38,22.62,14.88,42.12,13.1,18.45,32.14,27.38,33.33,19.05,23.81,23.21,28.57,26.19,25.0,16.67,13.99,22.62,15.48,19.05,23.81,19.64,31.17,23.21,22.62,14.29,17.86,17.86,23.81,20.83
2022-12-15,33.33,16.67,54.76,36.75,36.9,36.9,21.43,14.29,27.38,32.14,19.05,21.43,25.6,35.12,25.6,36.9,27.38,22.62,14.88,42.12,13.1,18.45,32.14,27.38,33.33,19.05,23.81,23.21,28.57,26.19,25.0,16.67,13.99,22.62,15.48,19.05,23.81,19.64,31.17,23.21,22.62,14.29,17.86,17.86,23.81,20.83
2022-12-16,33.33,16.67,54.76,36.75,36.9,36.9,21.43,14.29,27.38,32.14,19.05,21.43,25.6,35.12,25.6,36.9,27.38,22.62,14.88,42.12,13.1,18.45,32.14,27.38,33.33,19.05,23.81,23.21,28.57,26.19,25.0,16.67,13.99,22.62,15.48,19.05,23.81,19.64,31.17,23.21,22.62,14.29,17.86,17.86,23.81,20.83
2022-12-17,33.33,20.24,54.76,36.75,36.9,36.9,21.43,14.29,27.38,32.14,19.05,21.43,25.6,35.12,25.6,36.9,27.38,22.62,14.88,42.12,13.1,18.45,32.14,27.38,33.33,19.05,23.81,23.21,28.57,26.19,25.0,16.67,13.99,22.62,15.48,19.05,23.81,19.64,31.17,23.21,22.62,14.29,17.86,17.86,23.81,20.83
2022-12-18,33.33,20.24,54.76,36.75,36.9,36.9,21.43,14.29,27.38,32.14,19.05,21.43,25.6,35.12,25.6,36.9,27.38,22.62,14.88,42.12,13.1,18.45,32.14,27.38,33.33,19.05,23.81,23.21,28.57,26.19,25.0,16.67,13.99,22.62,15.48,19.05,23.81,19.64,31.17,23.21,22.62,14.29,17.86,17.86,23.81,20.83
2022-12-19,33.33,20.24,54.76,36.75,36.9,36.9,21.43,14.29,27.38,32.14,19.05,21.43,25.6,35.12,25.6,36.9,27.38,22.62,14.88,42.12,13.1,18.45,32.14,27.38,33.33,19.05,23.81,23.21,28.57,26.19,25.0,16.67,13.99,22.62,15.48,19.05,23.81,19.64,31.17,23.21,22.62,14.29,17.86,17.86,23.81,20.83
2022-12-20,33.33,20.24,54.76,36.75,36.9,36.9,21.43,14.29,27.38,32.14,19.05,21.43,25.6,35.12,25.6,36.9,27.38,22.62,14.88,42.12,13.1,18.45,32.14,27.38,33.33,19.05,23.81,23.21,28.57,26.19,25.0,16.67,13.99,22.62,15.48,19.05,23.81,19.64,31.17,23.21,22.62,14.29,17.86,17.86,23.81,20.83
2022-12-21,33.33,20.24,54.76,36.75,36.9,36.9,21.43,14.29,27.38,32.14,19.05,21.43,25.6,35.12,25.6,36.9,27.38,22.62,14.88,42.12,13.1,18.45,32.14,27.38,33.33,19.05,23.81,23.21,28.57,26.19,25.0,16.67,13.99,22.62,15.48,19.05,23.81,19.64,31.17,23.21,22.62,14.29,17.86,17.86,23.81,20.83
2022-12-22,33.33,20.24,54.76,36.75,36.9,36.9,21.43,14.29,27.38,32.14,19.05,21.43,25.6,35.12,25.6,36.9,27.38,22.62,14.88,42.12,13.1,18.45,32.14,27.38,33.33,19.05,23.81,23.21,28.57,26.19,25.0,16.67,13.99,22.62,15.48,19.05,23.81,19.64,31.17,23.21,22.62,14.29,17.86,17.86,23.81,20.83
2022-12-23,33.33,20.24,54.76,36.75,36.9,36.9,21.43,14.29,27.38,32.14,19.05,21.43,25.6,35.12,25.6,36.9,27.38,22.62,14.88,42.12,13.1,18.45,32.14,27.38,33.33,19.05,23.81,23.21,28.57,26.19,25.0,16.67,13.99,22.62,15.48,19.05,23.81,19.64,31.17,23.21,22.62,14.29,17.86,17.86,23.81,20.83
2022-12-24,33.33,20.24,54.76,36.75,36.9,36.9,21.43,14.29,27.38,32.14,19.05,21.43,25.6,35.12,25.6,36.9,27.38,22.62,14.88,42.12,13.1,18.45,32.14,27.38,33.33,19.05,23.81,23.21,28.57,26.19,25.0,16.67,13.99,22.62,15.48,19.05,23.81,19.64,31.17,23.21,22.62,14.29,17.86,17.86,23.81,20.83
2022-12-25,33.33,20.24,54.76,36.75,36.9,36.9,21.43,14.29,27.38,32.14,19.05,21.43,25.6,35.12,25.6,36.9,27.38,22.62,14.88,42.12,13.1,18.45,32.14,27.38,33.33,19.05,23.81,23.21,28.57,26.19,25.0,16.67,13.99,22.62,15.48,19.05,23.81,19.64,31.17,23.21,22.62,14.29,17.86,17.86,23.81,20.83
2022-12-26,33.33,20.24,54.76,36.75,36.9,36.9,21.43,14.29,27.38,32.14,19.05,21.43,25.6,35.12,25.6,36.9,27.38,22.62,14.88,42.12,13.1,18.45,32.14,27.38,33.33,19.05,23.81,23.21,28.57,26.19,25.0,16.67,13.99,22.62,15.48,19.05,23.81,19.64,31.17,23.21,22.62,14.29,17.86,17.86,23.81,20.83
2022-12-27,33.33,20.24,54.76,36.75,36.9,36.9,21.43,14.29,27.38,32.14,19.05,21.43,25.6,35.12,25.6,36.9,27.38,22.62,14.88,42.12,13.1,18.45,32.14,27.38,33.33,19.05,23.81,23.21,28.57,26.19,25.0,16.67,13.99,22.62,15.48,19.05,23.81,19.64,31.17,23.21,22.62,14.29,17.86,17.86,23.81,20.83
2022-12-28,33.33,20.24,54.76,36.75,36.9,36.9,21.43,14.29,27.38,32.14,19.05,21.43,25.6,35.12,25.6,36.9,27.38,22.62,14.88,43.9,13.1,18.45,32.14,27.38,33.33,19.05,23.81,23.21,28.57,26.19,25.0,16.67,13.99,22.62,15.48,19.05,23.81,19.64,31.17,23.21,22.62,14.29,17.86,17.86,23.81,20.83
2022-12-29,33.33,20.24,54.76,36.75,36.9,36.9,21.43,14.29,27.38,32.14,19.05,21.43,25.6,35.12,25.6,36.9,27.38,22.62,14.88,43.9,13.1,18.45,32.14,27.38,33.33,19.05,23.81,23.21,28.57,26.19,25.0,16.67,13.99,22.62,15.48,19.05,23.81,19.64,31.17,23.21,22.62,14.29,17.86,17.86,23.81,20.83
2022-12-30,33.33,20.24,54.76,36.75,36.9,36.9,21.43,14.29,27.38,32.14,19.05,21.43,25.6,35.12,25.6,36.9,27.38,22.62,14.88,43.9,13.1,18.45,32.14,27.38,33.33,19.05,23.81,23.21,28.57,26.19,25.0,16.67,13.99,22.62,15.48,19.05,23.81,19.64,31.17,23.21,22.62,14.29,17.86,17.86,23.81,20.83
2022-12-31,33.33,20.24,54.76,36.75,36.9,36.9,21.43,14.29,27.38,32.14,19.05,21.43,25.6,35.12,25.6,36.9,27.38,22.62,14.88,43.9,13.1,18.45,32.14,27.38,33.33,19.05,23.81,23.21,28.57,26.19,25.0,16.67,13.99,22.62,15.48,19.05,23.81,19.64,31.17,23.21,22.62,14.29,17.86,17.86,23.81,20.83
