,AD,AL,AT,AZ,BA,BE,BG,BY,HR,CY,CZ,DK,EE,FI,FR,DE,GR,HU,IE,IT,LV,LT,LU,MT,NL,PL,PT,RO,SK,SI,ES,SE,GB,GE,IS,KZ,LI,MD,MC,NO,RU,SM,RS,CH,TR,UA
2020-02-09,0.0,0.0,0.0,0.0,0.0,0.0,0.0,0.0,0.0,0.0,0.0,0.0,0.0,1.0,0.0,1.0,0.0,0.0,0.0,0.0,0.0,0.0,0.0,0.0,0.0,0.0,0.0,0.0,0.0,0.0,1.0,0.0,1.0,0.0,0.0,0.0,0.0,0.0,0.0,0.0,0.0,0.0,0.0,0.0,0.0,0.0
2020-02-10,0.0,0.0,0.0,0.0,0.0,0.0,0.0,0.0,0.0,0.0,0.0,0.0,0.0,0.0,0.0,2.0,0.0,0.0,0.0,0.0,0.0,0.0,0.0,0.0,0.0,0.0,0.0,0.0,0.0,0.0,0.0,0.0,1.0,0.0,0.0,0.0,0.0,0.0,0.0,0.0,0.0,0.0,0.0,0.0,0.0,0.0
2020-02-11,0.0,0.0,0.0,0.0,0.0,0.0,0.0,0.0,0.0,0.0,0.0,0.0,0.0,0.0,0.0,1.0,0.0,0.0,0.0,0.0,0.0,0.0,0.0,0.0,0.0,0.0,0.0,0.0,0.0,0.0,0.0,0.0,4.0,0.0,0.0,0.0,0.0,0.0,0.0,0.0,0.0,0.0,0.0,0.0,0.0,0.0
2020-02-12,0.0,0.0,0.0,0.0,0.0,0.0,0.0,0.0,0.0,0.0,0.0,0.0,0.0,0.0,0.0,0.0,0.0,0.0,0.0,0.0,0.0,0.0,0.0,0.0,0.0,0.0,0.0,0.0,0.0,0.0,3.0,0.0,1.0,0.0,0.0,0.0,0.0,0.0,0.0,0.0,0.0,0.0,0.0,0.0,0.0,0.0
2020-02-13,0.0,0.0,0.0,0.0,0.0,0.0,0.0,0.0,0.0,0.0,0.0,0.0,0.0,0.0,0.0,0.0,0.0,0.0,0.0,0.0,0.0,0.0,0.0,0.0,0.0,0.0,0.0,0.0,0.0,0.0,0.0,0.0,1.0,0.0,0.0,0.0,0.0,0.0,0.0,0.0,0.0,0.0,0.0,0.0,0.0,0.0
2020-02-14,0.0,0.0,0.0,0.0,0.0,0.0,0.0,0.0,0.0,0.0,0.0,0.0,0.0,0.0,0.0,1.0,0.0,0.0,0.0,0.0,0.0,0.0,0.0,0.0,0.0,0.0,0.0,0.0,0.0,0.0,0.0,0.0,0.0,0.0,0.0,0.0,0.0,0.0,0.0,0.0,0.0,0.0,0.0,0.0,0.0,0.0
2020-02-15,0.0,0.0,0.0,0.0,0.0,0.0,0.0,0.0,0.0,0.0,0.0,0.0,0.0,0.0,1.0,0.0,0.0,0.0,0.0,0.0,0.0,0.0,0.0,0.0,0.0,0.0,0.0,0.0,0.0,0.0,0.0,0.0,0.0,0.0,0.0,0.0,0.0,0.0,0.0,0.0,0.0,0.0,0.0,0.0,0.0,0.0
2020-02-16,0.0,0.0,0.0,0.0,0.0,0.0,0.0,0.0,0.0,0.0,0.0,0.0,0.0,0.0,0.0,2.0,0.0,0.0,0.0,0.0,0.0,0.0,0.0,0.0,0.0,0.0,0.0,0.0,0.0,0.0,0.0,0.0,0.0,0.0,0.0,0.0,0.0,0.0,0.0,0.0,0.0,0.0,0.0,0.0,0.0,0.0
2020-02-17,0.0,0.0,0.0,0.0,0.0,0.0,0.0,0.0,0.0,0.0,0.0,0.0,0.0,0.0,0.0,1.0,0.0,0.0,0.0,0.0,0.0,0.0,0.0,0.0,0.0,0.0,0.0,0.0,0.0,0.0,0.0,0.0,1.0,0.0,0.0,0.0,0.0,0.0,0.0,0.0,0.0,0.0,0.0,0.0,0.0,0.0
2020-02-18,0.0,0.0,0.0,0.0,0.0,0.0,0.0,0.0,0.0,0.0,0.0,0.0,0.0,0.0,0.0,0.0,0.0,0.0,0.0,0.0,0.0,0.0,0.0,0.0,0.0,0.0,0.0,0.0,0.0,0.0,0.0,0.0,0.0,0.0,0.0,0.0,0.0,0.0,0.0,1.0,0.0,0.0,0.0,0.0,0.0,0.0
2020-02-19,0.0,0.0,0.0,0.0,0.0,0.0,0.0,0.0,0.0,0.0,0.0,0.0,0.0,0.0,0.0,2.0,0.0,0.0,0.0,0.0,0.0,0.0,0.0,0.0,0.0,0.0,0.0,0.0,0.0,0.0,0.0,0.0,0.0,0.0,0.0,0.0,0.0,0.0,0.0,0.0,0.0,0.0,0.0,0.0,0.0,0.0
2020-02-20,0.0,0.0,0.0,0.0,0.0,0.0,0.0,0.0,0.0,0.0,0.0,0.0,0.0,0.0,0.0,0.0,0.0,0.0,0.0,0.0,0.0,0.0,0.0,0.0,0.0,0.0,0.0,0.0,0.0,0.0,0.0,0.0,0.0,0.0,0.0,0.0,0.0,0.0,0.0,0.0,0.0,0.0,0.0,0.0,0.0,0.0
2020-02-21,0.0,0.0,0.0,0.0,0.0,0.0,0.0,0.0,0.0,0.0,0.0,0.0,0.0,1.0,0.0,0.0,0.0,0.0,0.0,14.0,0.0,0.0,0.0,0.0,0.0,0.0,0.0,0.0,0.0,0.0,1.0,0.0,2.0,0.0,0.0,0.0,0.0,0.0,0.0,0.0,0.0,0.0,0.0,0.0,0.0,0.0
2020-02-22,0.0,0.0,0.0,0.0,0.0,0.0,0.0,0.0,0.0,0.0,0.0,0.0,0.0,0.0,0.0,0.0,0.0,0.0,0.0,62.0,0.0,0.0,0.0,0.0,0.0,0.0,0.0,0.0,0.0,0.0,1.0,0.0,0.0,0.0,0.0,0.0,0.0,0.0,0.0,0.0,0.0,0.0,0.0,1.0,0.0,0.0
2020-02-23,0.0,0.0,0.0,0.0,0.0,0.0,0.0,0.0,1.0,0.0,0.0,0.0,0.0,0.0,0.0,1.0,0.0,0.0,0.0,53.0,0.0,0.0,0.0,0.0,0.0,0.0,0.0,0.0,0.0,0.0,2.0,0.0,6.0,0.0,0.0,0.0,0.0,0.0,0.0,0.0,0.0,0.0,0.0,0.0,0.0,0.0
2020-02-24,0.0,0.0,1.0,0.0,0.0,0.0,0.0,0.0,0.0,0.0,0.0,0.0,0.0,1.0,2.0,3.0,0.0,0.0,0.0,221.0,0.0,0.0,0.0,0.0,0.0,0.0,0.0,1.0,0.0,0.0,2.0,0.0,2.0,1.0,0.0,0.0,0.0,0.0,0.0,0.0,0.0,0.0,0.0,1.0,0.0,0.0
2020-02-25,0.0,0.0,0.0,0.0,0.0,0.0,0.0,0.0,2.0,0.0,0.0,1.0,0.0,0.0,3.0,8.0,1.0,0.0,0.0,93.0,0.0,0.0,0.0,0.0,0.0,0.0,0.0,0.0,0.0,0.0,1.0,0.0,3.0,0.0,0.0,0.0,0.0,0.0,0.0,0.0,0.0,0.0,0.0,1.0,0.0,0.0
2020-02-26,0.0,0.0,1.0,0.0,0.0,0.0,0.0,0.0,0.0,0.0,0.0,1.0,1.0,1.0,21.0,24.0,2.0,0.0,0.0,78.0,0.0,1.0,0.0,0.0,1.0,0.0,0.0,2.0,0.0,0.0,7.0,1.0,2.0,0.0,0.0,0.0,0.0,0.0,0.0,3.0,0.0,1.0,0.0,10.0,0.0,0.0
2020-02-27,0.0,0.0,2.0,1.0,0.0,0.0,0.0,1.0,2.0,0.0,0.0,0.0,0.0,3.0,19.0,46.0,1.0,0.0,0.0,250.0,0.0,0.0,0.0,0.0,0.0,0.0,0.0,1.0,0.0,0.0,23.0,1.0,8.0,2.0,1.0,0.0,0.0,0.0,1.0,2.0,0.0,0.0,0.0,10.0,0.0,0.0
2020-02-28,0.0,0.0,4.0,2.0,0.0,0.0,0.0,0.0,1.0,0.0,0.0,1.0,0.0,1.0,43.0,23.0,1.0,0.0,1.0,238.0,0.0,0.0,0.0,0.0,1.0,0.0,0.0,0.0,0.0,0.0,23.0,8.0,12.0,0.0,0.0,0.0,0.0,0.0,0.0,9.0,0.0,0.0,0.0,10.0,0.0,0.0
2020-02-29,0.0,0.0,1.0,0.0,0.0,18.0,0.0,0.0,1.0,0.0,0.0,1.0,0.0,1.0,23.0,35.0,2.0,0.0,0.0,240.0,1.0,0.0,1.0,0.0,3.0,0.0,0.0,0.0,0.0,0.0,19.0,3.0,4.0,0.0,0.0,0.0,0.0,0.0,0.0,6.0,0.0,1.0,0.0,13.0,0.0,0.0
2020-03-01,1.0,0.0,4.0,0.0,0.0,19.0,0.0,0.0,0.0,0.0,3.0,4.0,0.0,0.0,48.0,43.0,0.0,0.0,0.0,566.0,0.0,0.0,0.0,0.0,5.0,0.0,0.0,0.0,0.0,0.0,37.0,0.0,20.0,0.0,3.0,0.0,0.0,0.0,0.0,10.0,0.0,8.0,0.0,12.0,0.0,0.0
2020-03-02,0.0,0.0,5.0,0.0,0.0,19.0,0.0,0.0,2.0,0.0,0.0,4.0,1.0,4.0,38.0,84.0,1.0,0.0,1.0,342.0,0.0,0.0,0.0,0.0,4.0,1.0,2.0,2.0,0.0,1.0,72.0,5.0,41.0,0.0,6.0,0.0,1.0,0.0,0.0,12.0,1.0,0.0,0.0,30.0,0.0,0.0
2020-03-03,0.0,0.0,6.0,0.0,2.0,34.0,0.0,5.0,1.0,0.0,2.0,3.0,0.0,6.0,21.0,157.0,1.0,2.0,4.0,466.0,0.0,0.0,0.0,0.0,10.0,0.0,2.0,0.0,0.0,0.0,85.0,13.0,57.0,0.0,5.0,0.0,0.0,0.0,0.0,31.0,0.0,7.0,0.0,33.0,0.0,1.0
2020-03-04,0.0,0.0,14.0,0.0,0.0,53.0,0.0,0.0,0.0,0.0,1.0,10.0,1.0,1.0,73.0,186.0,22.0,0.0,7.0,587.0,0.0,0.0,0.0,1.0,17.0,0.0,2.0,1.0,1.0,0.0,99.0,30.0,56.0,6.0,14.0,0.0,0.0,0.0,0.0,33.0,0.0,6.0,1.0,61.0,0.0,0.0
2020-03-05,0.0,0.0,9.0,3.0,0.0,81.0,0.0,0.0,1.0,0.0,3.0,2.0,7.0,7.0,138.0,187.0,14.0,2.0,5.0,769.0,0.0,0.0,1.0,2.0,40.0,4.0,3.0,6.0,0.0,5.0,190.0,25.0,49.0,0.0,8.0,0.0,0.0,1.0,0.0,33.0,1.0,2.0,0.0,62.0,0.0,0.0
2020-03-06,0.0,0.0,29.0,3.0,0.0,110.0,2.0,0.0,1.0,0.0,11.0,9.0,0.0,7.0,190.0,142.0,21.0,3.0,1.0,778.0,2.0,0.0,0.0,0.0,50.0,1.0,4.0,2.0,2.0,4.0,274.0,59.0,83.0,3.0,10.0,0.0,0.0,0.0,0.0,24.0,0.0,3.0,0.0,73.0,0.0,0.0
2020-03-07,0.0,2.0,23.0,0.0,0.0,27.0,2.0,0.0,0.0,0.0,7.0,48.0,0.0,9.0,336.0,105.0,18.0,1.0,2.0,1247.0,3.0,0.0,1.0,1.0,32.0,5.0,8.0,2.0,2.0,5.0,290.0,33.0,68.0,1.0,7.0,0.0,0.0,0.0,0.0,19.0,3.0,10.0,0.0,49.0,0.0,0.0
2020-03-08,0.0,0.0,28.0,0.0,0.0,64.0,0.0,0.0,0.0,2.0,6.0,210.0,0.0,17.0,177.0,347.0,0.0,1.0,3.0,1492.0,2.0,0.0,0.0,1.0,61.0,6.0,9.0,8.0,2.0,5.0,369.0,46.0,55.0,2.0,5.0,0.0,0.0,0.0,0.0,65.0,0.0,12.0,1.0,69.0,0.0,0.0
2020-03-09,0.0,8.0,22.0,0.0,0.0,94.0,0.0,3.0,2.0,0.0,6.0,255.0,3.0,54.0,286.0,595.0,5.0,3.0,10.0,1797.0,2.0,2.0,0.0,2.0,130.0,5.0,9.0,20.0,0.0,11.0,651.0,101.0,148.0,8.0,9.0,0.0,0.0,2.0,0.0,247.0,0.0,11.0,2.0,191.0,0.0,0.0
2020-03-10,0.0,5.0,55.0,0.0,3.0,99.0,3.0,3.0,5.0,4.0,25.0,206.0,2.0,76.0,372.0,757.0,10.0,1.0,9.0,977.0,6.0,0.0,0.0,5.0,123.0,9.0,2.0,19.0,3.0,17.0,1036.0,98.0,265.0,0.0,14.0,0.0,2.0,0.0,1.0,241.0,0.0,0.0,8.0,210.0,1.0,0.0
2020-03-11,0.0,8.0,109.0,0.0,0.0,174.0,16.0,0.0,0.0,0.0,31.0,41.0,3.0,60.0,497.0,991.0,18.0,3.0,27.0,2313.0,1.0,1.0,1.0,1.0,127.0,18.0,18.0,25.0,11.0,35.0,1346.0,196.0,403.0,2.0,24.0,2.0,1.0,1.0,0.0,175.0,13.0,4.0,0.0,333.0,0.0,0.0
2020-03-12,1.0,10.0,97.0,2.0,8.0,250.0,8.0,9.0,13.0,8.0,22.0,33.0,40.0,28.0,595.0,1464.0,73.0,9.0,20.0,2651.0,9.0,2.0,13.0,5.0,113.0,19.0,19.0,24.0,11.0,50.0,1811.0,151.0,484.0,0.0,16.0,4.0,1.0,4.0,1.0,206.0,14.0,13.0,2.0,357.0,0.0,2.0
2020-03-13,0.0,5.0,182.0,0.0,0.0,338.0,10.0,0.0,6.0,7.0,25.0,37.0,43.0,29.0,785.0,1302.0,38.0,6.0,39.0,2547.0,4.0,3.0,22.0,3.0,219.0,36.0,34.0,26.0,12.0,48.0,2179.0,152.0,478.0,5.0,20.0,0.0,2.0,0.0,4.0,147.0,0.0,0.0,32.0,431.0,4.0,0.0
2020-03-14,0.0,4.0,210.0,8.0,5.0,179.0,10.0,0.0,11.0,9.0,48.0,45.0,23.0,53.0,839.0,980.0,103.0,8.0,40.0,3497.0,4.0,3.0,18.0,9.0,173.0,21.0,57.0,23.0,17.0,36.0,2032.0,71.0,352.0,3.0,24.0,0.0,4.0,15.0,2.0,100.0,0.0,0.0,0.0,417.0,1.0,0.0
2020-03-15,12.0,9.0,198.0,0.0,1.0,214.0,11.0,15.0,8.0,10.0,109.0,74.0,75.0,52.0,923.0,2037.0,21.0,11.0,54.0,3590.0,26.0,7.0,0.0,8.0,270.0,52.0,76.0,33.0,11.0,35.0,2310.0,69.0,441.0,0.0,20.0,27.0,3.0,0.0,0.0,99.0,0.0,25.0,0.0,326.0,12.0,0.0
2020-03-16,25.0,4.0,226.0,0.0,2.0,387.0,19.0,0.0,8.0,0.0,85.0,76.0,25.0,47.0,1210.0,3033.0,35.0,0.0,69.0,3233.0,11.0,8.0,32.0,10.0,288.0,61.0,86.0,22.0,24.0,27.0,3264.0,83.0,602.0,1.0,25.0,0.0,5.0,7.0,0.0,180.0,59.0,2.0,26.0,1060.0,29.0,4.0
2020-03-17,0.0,4.0,346.0,9.0,14.0,422.0,11.0,0.0,16.0,18.0,67.0,83.0,22.0,90.0,1097.0,3598.0,31.0,23.0,74.0,3526.0,15.0,-26.0,108.0,5.0,347.0,49.0,117.0,43.0,8.0,10.0,4483.0,119.0,783.0,0.0,53.0,2.0,6.0,6.0,0.0,176.0,0.0,5.0,22.0,1082.0,51.0,7.0
2020-03-18,36.0,5.0,372.0,0.0,9.0,534.0,13.0,0.0,24.0,0.0,110.0,106.0,28.0,99.0,1404.0,4057.0,46.0,12.0,191.0,4207.0,23.0,0.0,147.0,11.0,396.0,68.0,194.0,43.0,19.0,32.0,4786.0,145.0,980.0,4.0,78.0,11.0,9.0,13.0,3.0,213.0,54.0,17.0,29.0,1206.0,93.0,2.0
2020-03-19,19.0,6.0,455.0,6.0,48.0,713.0,22.0,0.0,23.0,9.0,206.0,102.0,28.0,87.0,1861.0,4056.0,31.0,18.0,126.0,5322.0,12.0,6.0,136.0,9.0,533.0,70.0,143.0,17.0,14.0,23.0,5880.0,143.0,1040.0,10.0,77.0,7.0,2.0,31.0,6.0,239.0,52.0,25.0,50.0,834.0,168.0,10.0
2020-03-20,39.0,6.0,509.0,19.0,33.0,662.0,36.0,40.0,78.0,17.0,124.0,48.0,13.0,87.0,1617.0,3357.0,35.0,28.0,102.0,5986.0,15.0,23.0,168.0,17.0,637.0,111.0,235.0,31.0,41.0,26.0,6530.0,180.0,1253.0,6.0,60.0,4.0,8.0,0.0,0.0,308.0,54.0,24.0,46.0,1139.0,311.0,15.0
2020-03-21,1.0,22.0,548.0,0.0,6.0,469.0,22.0,5.0,48.0,11.0,159.0,62.0,41.0,78.0,1847.0,2265.0,94.0,36.0,121.0,6557.0,44.0,28.0,119.0,17.0,605.0,98.0,260.0,59.0,7.0,38.0,5794.0,136.0,1183.0,7.0,91.0,5.0,2.0,14.0,2.0,174.0,53.0,12.0,3.0,690.0,277.0,6.0
2020-03-22,31.0,6.0,618.0,19.0,33.0,486.0,16.0,0.0,61.0,21.0,115.0,131.0,13.0,84.0,2230.0,3732.0,71.0,20.0,219.0,5560.0,17.0,30.0,21.0,3.0,553.0,115.0,320.0,66.0,19.0,34.0,5327.0,118.0,1361.0,9.0,22.0,10.0,2.0,15.0,2.0,148.0,132.0,0.0,27.0,547.0,289.0,26.0
2020-03-23,48.0,19.0,687.0,0.0,9.0,1328.0,19.0,0.0,67.0,8.0,126.0,138.0,24.0,99.0,3167.0,4878.0,48.0,39.0,204.0,4789.0,24.0,24.0,219.0,19.0,749.0,152.0,460.0,143.0,12.0,36.0,8208.0,182.0,2289.0,7.0,67.0,10.0,3.0,40.0,1.0,296.0,57.0,21.0,135.0,1462.0,293.0,0.0
2020-03-24,18.0,23.0,723.0,15.0,33.0,1195.0,22.0,5.0,60.0,8.0,185.0,151.0,74.0,104.0,2446.0,5680.0,92.0,35.0,235.0,5249.0,23.0,55.0,173.0,5.0,843.0,150.0,302.0,186.0,10.0,50.0,9726.0,230.0,2353.0,3.0,106.0,15.0,2.0,0.0,0.0,313.0,163.0,10.0,0.0,1242.0,343.0,24.0
2020-03-25,58.0,28.0,754.0,6.0,20.0,1199.0,22.0,8.0,53.0,14.0,292.0,170.0,55.0,507.0,2931.0,5901.0,57.0,39.0,255.0,5210.0,36.0,16.0,149.0,5.0,1007.0,170.0,633.0,144.0,43.0,36.0,10141.0,314.0,2666.0,3.0,42.0,53.0,5.0,50.0,3.0,292.0,182.0,5.0,73.0,1068.0,561.0,48.0
2020-03-26,32.0,12.0,1056.0,29.0,36.0,1363.0,29.0,0.0,91.0,16.0,259.0,215.0,37.0,139.0,3922.0,5981.0,74.0,43.0,302.0,6153.0,25.0,44.0,201.0,10.0,1167.0,168.0,549.0,123.0,23.0,70.0,10116.0,286.0,3039.0,7.0,87.0,78.0,4.0,0.0,6.0,298.0,196.0,5.0,71.0,1114.0,1196.0,11.0
2020-03-27,20.0,11.0,807.0,25.0,56.0,1518.0,38.0,0.0,71.0,17.0,377.0,200.0,64.0,76.0,3809.0,4720.0,95.0,65.0,294.0,5959.0,42.0,36.0,152.0,2.0,1146.0,249.0,724.0,263.0,22.0,52.0,9098.0,365.0,3154.0,8.0,70.0,56.0,1.0,32.0,1.0,262.0,228.0,0.0,131.0,1305.0,2069.0,81.0
2020-03-28,29.0,15.0,617.0,17.0,34.0,844.0,15.0,0.0,56.0,35.0,263.0,127.0,40.0,138.0,4611.0,3077.0,95.0,39.0,210.0,5974.0,29.0,17.0,97.0,5.0,1092.0,224.0,902.0,160.0,22.0,46.0,7101.0,300.0,2774.0,5.0,56.0,0.0,1.0,32.0,2.0,166.0,270.0,2.0,82.0,722.0,1704.0,74.0
2020-03-29,6.0,11.0,547.0,26.0,54.0,683.0,13.0,58.0,77.0,16.0,159.0,309.0,32.0,55.0,2599.0,4120.0,56.0,45.0,285.0,5217.0,22.0,73.0,33.0,13.0,873.0,193.0,792.0,308.0,27.0,26.0,5095.0,280.0,2818.0,12.0,66.0,28.0,1.0,90.0,1.0,106.0,303.0,6.0,44.0,432.0,1815.0,107.0
2020-03-30,20.0,20.0,673.0,83.0,51.0,1738.0,40.0,40.0,77.0,32.0,184.0,254.0,31.0,95.0,4376.0,6061.0,102.0,33.0,325.0,4050.0,48.0,44.0,136.0,19.0,834.0,256.0,446.0,192.0,37.0,46.0,8008.0,416.0,4195.0,6.0,51.0,36.0,4.0,70.0,1.0,264.0,500.0,1.0,115.0,1307.0,1610.0,62.0
2020-03-31,0.0,16.0,550.0,25.0,0.0,1681.0,23.0,0.0,96.0,58.0,306.0,279.0,57.0,71.0,7578.0,6257.0,101.0,60.0,212.0,4053.0,12.0,73.0,86.0,7.0,1008.0,243.0,1035.0,293.0,26.0,39.0,7927.0,474.0,4463.0,0.0,83.0,38.0,4.0,0.0,3.0,208.0,440.0,0.0,160.0,1132.0,2704.0,165.0
2020-04-01,33.0,18.0,548.0,61.0,56.0,1516.0,35.0,62.0,48.0,36.0,283.0,380.0,79.0,62.0,4861.0,6549.0,129.0,38.0,402.0,4782.0,35.0,58.0,119.0,7.0,1083.0,392.0,808.0,215.0,24.0,56.0,7064.0,486.0,4891.0,27.0,99.0,49.0,3.0,168.0,3.0,198.0,0.0,9.0,111.0,1013.0,2148.0,149.0
2020-04-02,13.0,27.0,438.0,41.0,54.0,1478.0,28.0,0.0,68.0,40.0,268.0,471.0,93.0,72.0,2116.0,6191.0,69.0,55.0,424.0,4668.0,16.0,43.0,109.0,11.0,1020.0,437.0,783.0,278.0,21.0,37.0,6908.0,554.0,4824.0,9.0,45.0,25.0,1.0,0.0,4.0,198.0,771.0,7.0,305.0,877.0,2456.0,103.0
2020-04-03,24.0,29.0,411.0,43.0,52.0,1694.0,18.0,186.0,47.0,30.0,333.0,293.0,74.0,97.0,5233.0,4338.0,60.0,55.0,331.0,4585.0,24.0,46.0,87.0,14.0,1002.0,244.0,852.0,445.0,14.0,43.0,6822.0,602.0,4853.0,13.0,54.0,71.0,1.0,161.0,1.0,164.0,601.0,7.0,148.0,928.0,2786.0,175.0
2020-04-04,57.0,28.0,253.0,69.0,29.0,922.0,28.0,122.0,56.0,20.0,283.0,157.0,63.0,267.0,4267.0,2536.0,62.0,11.0,390.0,4805.0,9.0,31.0,59.0,14.0,1099.0,475.0,638.0,430.0,49.0,20.0,4673.0,357.0,3976.0,18.0,70.0,73.0,0.0,112.0,3.0,88.0,582.0,7.0,284.0,486.0,3013.0,153.0
2020-04-05,17.0,16.0,183.0,72.0,46.0,665.0,18.0,138.0,40.0,19.0,117.0,423.0,11.0,45.0,1873.0,3660.0,20.0,73.0,865.0,4316.0,6.0,40.0,31.0,52.0,945.0,311.0,754.0,251.0,47.0,24.0,3147.0,340.0,3556.0,7.0,74.0,66.0,0.0,101.0,1.0,72.0,658.0,11.0,292.0,281.0,3135.0,26.0
2020-04-06,11.0,6.0,306.0,57.0,84.0,1934.0,28.0,161.0,60.0,29.0,236.0,345.0,42.0,249.0,3912.0,5185.0,77.0,78.0,365.0,3599.0,29.0,33.0,59.0,6.0,782.0,435.0,452.0,193.0,101.0,34.0,5398.0,389.0,5273.0,13.0,24.0,39.0,1.0,91.0,2.0,159.0,954.0,2.0,247.0,928.0,3148.0,68.0
2020-04-07,15.0,17.0,289.0,76.0,25.0,1515.0,16.0,205.0,61.0,32.0,196.0,294.0,36.0,132.0,3777.0,5277.0,52.0,85.0,464.0,3039.0,12.0,50.0,61.0,38.0,959.0,357.0,712.0,360.0,19.0,36.0,5324.0,739.0,5477.0,6.0,30.0,18.0,0.0,118.0,0.0,140.0,1154.0,29.0,219.0,714.0,3892.0,143.0
2020-04-08,23.0,9.0,290.0,105.0,54.0,1598.0,31.0,0.0,64.0,38.0,294.0,136.0,23.0,179.0,3881.0,4909.0,71.0,210.0,705.0,3836.0,23.0,38.0,64.0,13.0,1208.0,370.0,699.0,344.0,14.0,33.0,5488.0,654.0,5146.0,16.0,32.0,75.0,1.0,115.0,3.0,106.0,2634.0,36.0,201.0,612.0,4117.0,206.0
2020-04-09,13.0,7.0,276.0,104.0,42.0,2239.0,11.0,915.0,88.0,31.0,257.0,140.0,51.0,118.0,4286.0,3355.0,54.0,120.0,696.0,4204.0,18.0,39.0,57.0,20.0,1327.0,380.0,815.0,441.0,13.0,36.0,4613.0,645.0,4875.0,3.0,27.0,57.0,0.0,149.0,6.0,103.0,1786.0,0.0,238.0,560.0,4056.0,224.0
2020-04-10,20.0,17.0,357.0,65.0,36.0,2336.0,26.0,245.0,39.0,21.0,163.0,139.0,46.0,164.0,4342.0,2884.0,72.0,100.0,839.0,3951.0,21.0,33.0,35.0,8.0,1301.0,401.0,1516.0,265.0,14.0,28.0,4443.0,454.0,4327.0,19.0,14.0,38.0,0.0,122.0,0.0,68.0,1667.0,12.0,275.0,310.0,4747.0,335.0
2020-04-11,17.0,13.0,203.0,67.0,65.0,1029.0,14.0,352.0,66.0,17.0,170.0,156.0,5.0,136.0,3114.0,1868.0,33.0,48.0,727.0,4694.0,2.0,19.0,7.0,6.0,1171.0,318.0,515.0,523.0,27.0,17.0,3075.0,395.0,3585.0,14.0,12.0,82.0,1.0,102.0,1.0,110.0,2186.0,0.0,250.0,258.0,5138.0,284.0
2020-04-12,12.0,21.0,111.0,40.0,30.0,524.0,10.0,341.0,50.0,29.0,89.0,156.0,17.0,69.0,1613.0,1598.0,31.0,54.0,992.0,4092.0,4.0,6.0,12.0,9.0,959.0,260.0,598.0,310.0,66.0,7.0,2379.0,464.0,3507.0,30.0,10.0,112.0,0.0,50.0,0.0,77.0,2558.0,15.0,424.0,219.0,4789.0,290.0
2020-04-13,8.0,8.0,87.0,50.0,53.0,537.0,28.0,362.0,54.0,33.0,68.0,258.0,45.0,90.0,2673.0,2466.0,25.0,67.0,831.0,3153.0,9.0,18.0,3.0,6.0,862.0,268.0,349.0,333.0,28.0,8.0,3127.0,437.0,4203.0,10.0,9.0,184.0,0.0,222.0,0.0,77.0,2774.0,1.0,411.0,245.0,4093.0,303.0
2020-04-14,14.0,19.0,150.0,49.0,27.0,1560.0,34.0,447.0,37.0,20.0,82.0,198.0,27.0,97.0,5497.0,3325.0,22.0,73.0,1069.0,2972.0,9.0,27.0,59.0,13.0,730.0,380.0,514.0,246.0,114.0,27.0,3997.0,479.0,4335.0,30.0,7.0,20.0,0.0,115.0,0.0,122.0,3388.0,21.0,408.0,424.0,4062.0,316.0
2020-04-15,21.0,24.0,129.0,56.0,57.0,1633.0,53.0,476.0,50.0,20.0,160.0,178.0,34.0,76.0,2633.0,3420.0,15.0,111.0,724.0,2667.0,7.0,26.0,33.0,10.0,1069.0,336.0,643.0,337.0,72.0,21.0,3706.0,604.0,5070.0,34.0,12.0,185.0,0.0,105.0,0.0,103.0,3448.0,33.0,445.0,327.0,4281.0,344.0
2020-04-16,9.0,21.0,112.0,30.0,32.0,1674.0,46.0,575.0,23.0,0.0,132.0,168.0,25.0,132.0,2641.0,3046.0,17.0,71.0,709.0,3786.0,30.0,49.0,25.0,4.0,1234.0,461.0,750.0,491.0,40.0,36.0,3417.0,623.0,5292.0,15.0,15.0,66.0,1.0,110.0,1.0,80.0,4070.0,0.0,372.0,321.0,4801.0,397.0
2020-04-17,1.0,9.0,99.0,57.0,69.0,1394.0,32.0,510.0,18.0,26.0,116.0,104.0,53.0,120.0,405.0,2107.0,11.0,82.0,778.0,3493.0,15.0,93.0,44.0,1.0,1186.0,363.0,181.0,360.0,72.0,13.0,3462.0,689.0,4977.0,9.0,6.0,81.0,0.0,87.0,0.0,108.0,4785.0,29.0,304.0,290.0,4353.0,501.0
2020-04-18,13.0,14.0,60.0,33.0,17.0,722.0,37.0,518.0,39.0,6.0,105.0,111.0,16.0,192.0,2569.0,1377.0,0.0,68.0,493.0,3491.0,12.0,21.0,15.0,4.0,1023.0,545.0,663.0,351.0,12.0,13.0,2182.0,532.0,4744.0,5.0,11.0,141.0,0.0,121.0,0.0,49.0,6060.0,6.0,324.0,145.0,3783.0,444.0
2020-04-19,1.0,22.0,47.0,25.0,24.0,443.0,14.0,457.0,10.0,5.0,92.0,213.0,7.0,102.0,785.0,1711.0,10.0,114.0,401.0,3047.0,9.0,26.0,3.0,12.0,748.0,306.0,521.0,328.0,26.0,5.0,1445.0,388.0,3881.0,9.0,2.0,84.0,0.0,76.0,0.0,36.0,4268.0,1.0,312.0,86.0,3977.0,343.0
2020-04-20,5.0,25.0,68.0,38.0,33.0,1276.0,46.0,459.0,27.0,12.0,154.0,200.0,17.0,85.0,2051.0,2185.0,156.0,70.0,388.0,2256.0,13.0,22.0,15.0,1.0,716.0,263.0,657.0,190.0,45.0,9.0,2519.0,461.0,4441.0,3.0,5.0,143.0,0.0,93.0,0.0,84.0,5642.0,14.0,260.0,277.0,4674.0,261.0
2020-04-21,1.0,25.0,70.0,44.0,26.0,1270.0,49.0,558.0,42.0,6.0,133.0,226.0,7.0,146.0,2667.0,2487.0,7.0,116.0,631.0,2729.0,17.0,18.0,24.0,1.0,708.0,313.0,516.0,306.0,81.0,9.0,2730.0,707.0,4795.0,9.0,7.0,0.0,0.0,137.0,0.0,78.0,5236.0,12.0,224.0,213.0,4611.0,415.0
2020-04-22,2.0,29.0,73.0,38.0,45.0,777.0,73.0,741.0,31.0,5.0,99.0,231.0,33.0,115.0,1827.0,2093.0,55.0,99.0,936.0,3370.0,6.0,16.0,9.0,2.0,874.0,342.0,603.0,468.0,35.0,13.0,2767.0,723.0,5517.0,11.0,4.0,30.0,0.0,148.0,0.0,77.0,4774.0,13.0,162.0,155.0,3083.0,467.0
2020-04-23,7.0,15.0,60.0,30.0,8.0,976.0,91.0,751.0,28.0,9.0,55.0,164.0,14.0,155.0,1653.0,1904.0,27.0,60.0,577.0,2646.0,20.0,13.0,16.0,1.0,805.0,381.0,371.0,386.0,13.0,7.0,2223.0,758.0,5167.0,25.0,0.0,391.0,1.0,184.0,0.0,69.0,5849.0,12.0,207.0,207.0,3116.0,578.0
2020-04-24,5.0,34.0,79.0,44.0,65.0,811.0,59.0,817.0,7.0,6.0,86.0,134.0,29.0,111.0,1773.0,1271.0,16.0,57.0,377.0,3021.0,8.0,11.0,17.0,0.0,647.0,381.0,444.0,321.0,6.0,15.0,2286.0,781.0,4961.0,29.0,1.0,185.0,0.0,194.0,0.0,53.0,5966.0,0.0,296.0,167.0,3122.0,477.0
2020-04-25,2.0,14.0,62.0,25.0,30.0,388.0,53.0,873.0,14.0,7.0,79.0,119.0,9.0,80.0,1537.0,704.0,11.0,83.0,701.0,2357.0,6.0,15.0,12.0,2.0,651.0,344.0,474.0,218.0,2.0,8.0,1290.0,473.0,3757.0,11.0,2.0,190.0,0.0,104.0,0.0,25.0,6361.0,25.0,263.0,87.0,2861.0,478.0
2020-04-26,1.0,10.0,35.0,28.0,49.0,205.0,63.0,1745.0,9.0,5.0,52.0,217.0,4.0,101.0,461.0,1119.0,17.0,66.0,386.0,2324.0,18.0,2.0,5.0,8.0,405.0,285.0,412.0,401.0,3.0,6.0,821.0,300.0,3476.0,15.0,0.0,191.0,0.0,73.0,1.0,37.0,6198.0,0.0,233.0,61.0,2357.0,492.0
2020-04-27,1.0,14.0,70.0,33.0,20.0,755.0,36.0,0.0,8.0,15.0,41.0,136.0,10.0,119.0,3764.0,1465.0,32.0,78.0,229.0,1739.0,13.0,29.0,9.0,5.0,193.0,316.0,163.0,303.0,7.0,6.0,1653.0,563.0,4739.0,6.0,3.0,96.0,0.0,157.0,0.0,71.0,6411.0,15.0,222.0,173.0,2131.0,392.0
2020-04-28,2.0,16.0,49.0,39.0,92.0,569.0,48.0,973.0,15.0,6.0,60.0,139.0,9.0,45.0,1520.0,1430.0,10.0,48.0,376.0,2091.0,9.0,19.0,17.0,2.0,388.0,422.0,295.0,277.0,5.0,10.0,1737.0,742.0,4719.0,22.0,2.0,255.0,0.0,133.0,0.0,50.0,5841.0,10.0,227.0,154.0,2392.0,401.0
2020-04-29,2.0,7.0,61.0,49.0,80.0,522.0,59.0,846.0,14.0,7.0,75.0,146.0,23.0,166.0,-1417.0,1461.0,15.0,88.0,359.0,2086.0,12.0,6.0,10.0,2.0,507.0,237.0,183.0,362.0,7.0,11.0,1484.0,799.0,5433.0,27.0,0.0,218.0,0.0,126.0,0.0,39.0,7099.0,6.0,285.0,120.0,2936.0,456.0
2020-04-30,0.0,9.0,54.0,38.0,24.0,586.0,82.0,890.0,9.0,7.0,108.0,148.0,5.0,89.0,1139.0,918.0,21.0,79.0,221.0,1872.0,1.0,4.0,12.0,1.0,478.0,228.0,368.0,262.0,4.0,5.0,1438.0,636.0,4961.0,16.0,1.0,234.0,0.0,83.0,0.0,39.0,7933.0,11.0,196.0,101.0,2615.0,540.0
2020-05-01,1.0,7.0,37.0,50.0,58.0,237.0,6.0,911.0,3.0,7.0,57.0,115.0,5.0,56.0,604.0,620.0,8.0,56.0,343.0,1965.0,8.0,7.0,7.0,9.0,437.0,270.0,295.0,327.0,1.0,5.0,793.0,532.0,4766.0,7.0,0.0,92.0,0.0,72.0,0.0,43.0,9623.0,0.0,157.0,83.0,2188.0,455.0
2020-05-02,2.0,6.0,28.0,40.0,18.0,286.0,24.0,1661.0,8.0,8.0,18.0,78.0,1.0,125.0,794.0,425.0,6.0,37.0,330.0,1900.0,17.0,7.0,4.0,3.0,338.0,318.0,203.0,165.0,5.0,0.0,566.0,299.0,3258.0,4.0,1.0,111.0,0.0,69.0,0.0,23.0,10633.0,2.0,102.0,47.0,1983.0,550.0
2020-05-03,2.0,8.0,12.0,38.0,69.0,140.0,34.0,0.0,5.0,2.0,26.0,120.0,3.0,78.0,308.0,729.0,6.0,30.0,266.0,1389.0,0.0,4.0,4.0,2.0,201.0,313.0,92.0,431.0,8.0,0.0,451.0,261.0,3002.0,11.0,0.0,172.0,0.0,127.0,0.0,44.0,10581.0,0.0,93.0,22.0,1670.0,502.0
2020-05-04,0.0,17.0,30.0,52.0,20.0,670.0,37.0,1766.0,11.0,4.0,39.0,122.0,8.0,73.0,576.0,1092.0,10.0,46.0,211.0,1221.0,4.0,7.0,11.0,2.0,319.0,425.0,242.0,349.0,8.0,6.0,1012.0,477.0,3398.0,6.0,0.0,138.0,0.0,115.0,0.0,45.0,10102.0,7.0,120.0,89.0,1614.0,418.0
2020-05-05,1.0,12.0,54.0,76.0,41.0,546.0,89.0,0.0,7.0,5.0,77.0,105.0,2.0,85.0,1104.0,1221.0,21.0,39.0,265.0,1075.0,9.0,4.0,8.0,2.0,319.0,309.0,178.0,325.0,16.0,3.0,981.0,657.0,3686.0,4.0,0.0,211.0,0.0,113.0,0.0,44.0,10559.0,19.0,114.0,73.0,1832.0,366.0
2020-05-06,0.0,10.0,46.0,67.0,40.0,552.0,51.0,913.0,6.0,6.0,79.0,122.0,7.0,161.0,4183.0,1202.0,15.0,28.0,137.0,1444.0,19.0,11.0,6.0,3.0,361.0,307.0,480.0,270.0,10.0,1.0,985.0,745.0,3832.0,9.0,2.0,69.0,0.0,129.0,0.0,39.0,11231.0,24.0,57.0,79.0,2253.0,487.0
2020-05-07,2.0,8.0,40.0,77.0,43.0,442.0,82.0,933.0,36.0,2.0,59.0,69.0,5.0,100.0,629.0,978.0,13.0,35.0,156.0,1401.0,2.0,25.0,5.0,1.0,319.0,319.0,533.0,392.0,0.0,1.0,955.0,785.0,3787.0,3.0,0.0,344.0,0.0,123.0,0.0,29.0,10699.0,0.0,95.0,46.0,1977.0,507.0
2020-05-08,0.0,6.0,49.0,75.0,20.0,483.0,44.0,1872.0,15.0,1.0,46.0,64.0,8.0,65.0,642.0,677.0,19.0,50.0,219.0,1327.0,9.0,14.0,3.0,6.0,288.0,285.0,553.0,312.0,2.0,4.0,918.0,701.0,3064.0,9.0,0.0,134.0,0.0,139.0,0.0,42.0,10817.0,0.0,89.0,59.0,1848.0,504.0
2020-05-09,2.0,12.0,30.0,143.0,27.0,240.0,10.0,933.0,11.0,6.0,18.0,57.0,6.0,142.0,433.0,341.0,6.0,21.0,236.0,1083.0,7.0,9.0,8.0,7.0,242.0,345.0,138.0,320.0,0.0,3.0,491.0,509.0,2170.0,3.0,0.0,82.0,0.0,60.0,0.0,11.0,11012.0,5.0,82.0,39.0,1546.0,515.0
2020-05-10,0.0,4.0,15.0,97.0,24.0,118.0,25.0,0.0,9.0,3.0,28.0,78.0,2.0,82.0,209.0,687.0,10.0,29.0,139.0,802.0,4.0,9.0,1.0,3.0,179.0,330.0,175.0,231.0,8.0,3.0,317.0,279.0,2337.0,1.0,0.0,69.0,0.0,68.0,0.0,12.0,11656.0,10.0,62.0,15.0,1542.0,522.0
2020-05-11,3.0,4.0,65.0,70.0,17.0,476.0,33.0,1934.0,11.0,2.0,58.0,56.0,5.0,22.0,456.0,855.0,18.0,28.0,107.0,744.0,1.0,13.0,4.0,2.0,195.0,595.0,98.0,226.0,4.0,1.0,1495.0,455.0,3612.0,3.0,0.0,210.0,0.0,159.0,0.0,25.0,10899.0,0.0,67.0,47.0,1114.0,416.0
2020-05-12,2.0,4.0,38.0,104.0,23.0,395.0,46.0,0.0,6.0,2.0,45.0,65.0,6.0,19.0,708.0,913.0,16.0,39.0,159.0,1402.0,11.0,9.0,7.0,14.0,223.0,283.0,234.0,190.0,8.0,2.0,739.0,754.0,3410.0,10.0,1.0,154.0,0.0,252.0,0.0,19.0,10028.0,0.0,52.0,42.0,1704.0,375.0
2020-05-13,0.0,18.0,52.0,65.0,37.0,321.0,31.0,932.0,8.0,2.0,52.0,61.0,7.0,51.0,507.0,808.0,10.0,37.0,426.0,888.0,8.0,12.0,9.0,10.0,274.0,411.0,219.0,224.0,3.0,1.0,805.0,698.0,3330.0,19.0,0.0,118.0,0.0,147.0,0.0,19.0,9974.0,0.0,79.0,37.0,1639.0,402.0
2020-05-14,0.0,18.0,54.0,121.0,18.0,305.0,38.0,958.0,1.0,3.0,82.0,89.0,8.0,91.0,622.0,728.0,40.0,56.0,129.0,992.0,27.0,14.0,3.0,14.0,202.0,401.0,187.0,245.0,13.0,1.0,786.0,657.0,2630.0,6.0,0.0,161.0,0.0,192.0,0.0,24.0,10598.0,5.0,64.0,37.0,1635.0,422.0
2020-05-15,0.0,17.0,81.0,101.0,31.0,346.0,73.0,951.0,2.0,4.0,55.0,34.0,4.0,83.0,563.0,462.0,9.0,36.0,92.0,789.0,11.0,10.0,5.0,7.0,194.0,241.0,264.0,190.0,1.0,0.0,801.0,688.0,2530.0,18.0,0.0,307.0,0.0,189.0,0.0,23.0,9200.0,0.0,58.0,41.0,1708.0,483.0
2020-05-16,0.0,13.0,15.0,158.0,23.0,147.0,24.0,969.0,2.0,2.0,51.0,50.0,4.0,58.0,372.0,316.0,15.0,26.0,64.0,875.0,1.0,6.0,9.0,5.0,125.0,272.0,227.0,267.0,1.0,1.0,348.0,358.0,2082.0,6.0,0.0,283.0,0.0,126.0,0.0,13.0,9709.0,16.0,114.0,15.0,1610.0,528.0
2020-05-17,0.0,2.0,26.0,136.0,14.0,81.0,24.0,922.0,2.0,1.0,20.0,80.0,10.0,61.0,120.0,543.0,2.0,21.0,88.0,675.0,3.0,12.0,1.0,11.0,148.0,356.0,226.0,167.0,0.0,0.0,244.0,259.0,1837.0,1.0,0.0,311.0,0.0,78.0,1.0,4.0,8926.0,0.0,89.0,12.0,1368.0,433.0
2020-05-18,0.0,1.0,58.0,113.0,17.0,317.0,33.0,936.0,4.0,1.0,114.0,60.0,6.0,33.0,492.0,730.0,4.0,42.0,51.0,451.0,4.0,16.0,12.0,15.0,111.0,383.0,173.0,165.0,1.0,1.0,631.0,430.0,2581.0,11.0,0.0,218.0,0.0,202.0,0.0,17.0,9263.0,0.0,34.0,34.0,1158.0,325.0
2020-05-19,1.0,15.0,61.0,131.0,17.0,292.0,39.0,1863.0,2.0,4.0,63.0,69.0,4.0,19.0,524.0,832.0,10.0,43.0,64.0,813.0,9.0,15.0,7.0,15.0,187.0,471.0,223.0,155.0,6.0,1.0,855.0,666.0,3063.0,8.0,1.0,265.0,0.0,213.0,0.0,20.0,8764.0,2.0,100.0,36.0,1022.0,260.0
2020-05-20,0.0,5.0,30.0,113.0,12.0,385.0,41.0,932.0,3.0,1.0,75.0,31.0,6.0,44.0,418.0,419.0,3.0,37.0,76.0,665.0,5.0,12.0,7.0,1.0,254.0,404.0,228.0,196.0,1.0,0.0,754.0,808.0,2719.0,2.0,0.0,363.0,0.0,151.0,0.0,19.0,8849.0,2.0,86.0,29.0,972.0,354.0
2020-05-21,0.0,12.0,31.0,118.0,22.0,70.0,36.0,0.0,6.0,4.0,36.0,71.0,7.0,50.0,318.0,526.0,20.0,35.0,115.0,642.0,16.0,11.0,0.0,9.0,184.0,476.0,252.0,198.0,1.0,0.0,777.0,610.0,2567.0,0.0,0.0,322.0,0.0,143.0,0.0,14.0,8894.0,0.0,105.0,11.0,961.0,476.0
2020-05-22,1.0,8.0,28.0,106.0,19.0,248.0,0.0,941.0,0.0,0.0,61.0,35.0,14.0,44.0,393.0,337.0,3.0,28.0,76.0,652.0,1.0,10.0,9.0,1.0,177.0,312.0,288.0,127.0,5.0,0.0,825.0,532.0,2057.0,7.0,1.0,403.0,0.0,147.0,0.0,26.0,9434.0,0.0,68.0,20.0,952.0,442.0
2020-05-23,0.0,9.0,24.0,127.0,10.0,123.0,25.0,954.0,1.0,8.0,77.0,34.0,2.0,31.0,250.0,219.0,2.0,15.0,57.0,669.0,2.0,6.0,2.0,1.0,173.0,395.0,271.0,145.0,2.0,0.0,311.0,403.0,1532.0,1.0,0.0,209.0,0.0,99.0,0.0,6.0,8599.0,0.0,67.0,13.0,1186.0,432.0
2020-05-24,0.0,6.0,31.0,140.0,5.0,75.0,0.0,946.0,0.0,2.0,65.0,52.0,1.0,11.0,115.0,411.0,4.0,15.0,59.0,531.0,4.0,7.0,1.0,0.0,213.0,305.0,152.0,213.0,2.0,1.0,260.0,210.0,1373.0,1.0,0.0,438.0,0.0,56.0,0.0,6.0,8946.0,0.0,34.0,10.0,1141.0,406.0
2020-05-25,0.0,25.0,25.0,149.0,10.0,314.0,27.0,915.0,0.0,2.0,47.0,62.0,10.0,20.0,358.0,618.0,10.0,22.0,37.0,300.0,4.0,5.0,2.0,1.0,129.0,443.0,165.0,213.0,2.0,0.0,549.0,490.0,1625.0,3.0,0.0,335.0,0.0,156.0,0.0,18.0,8915.0,0.0,34.0,15.0,987.0,259.0
2020-05-26,0.0,21.0,22.0,132.0,19.0,202.0,0.0,897.0,0.0,0.0,52.0,52.0,6.0,29.0,276.0,654.0,11.0,23.0,68.0,397.0,4.0,10.0,5.0,4.0,194.0,399.0,219.0,146.0,5.0,2.0,737.0,746.0,2070.0,3.0,1.0,272.0,0.0,232.0,0.0,12.0,8338.0,0.0,48.0,18.0,948.0,339.0
2020-05-27,1.0,26.0,50.0,165.0,27.0,182.0,25.0,902.0,1.0,2.0,37.0,37.0,11.0,64.0,191.0,529.0,3.0,25.0,38.0,584.0,3.0,7.0,1.0,0.0,178.0,352.0,285.0,165.0,0.0,2.0,621.0,800.0,1825.0,8.0,0.0,356.0,0.0,188.0,0.0,18.0,8371.0,15.0,25.0,25.0,1035.0,321.0
2020-05-28,0.0,23.0,19.0,191.0,23.0,171.0,14.0,906.0,0.0,0.0,54.0,42.0,9.0,51.0,3325.0,445.0,3.0,0.0,35.0,593.0,1.0,9.0,3.0,2.0,178.0,330.0,304.0,197.0,1.0,0.0,661.0,774.0,1757.0,11.0,0.0,450.0,0.0,171.0,0.0,16.0,8572.0,0.0,54.0,30.0,1182.0,477.0
2020-05-29,0.0,23.0,42.0,230.0,9.0,165.0,14.0,894.0,1.0,2.0,57.0,33.0,6.0,33.0,597.0,374.0,6.0,26.0,53.0,516.0,1.0,4.0,3.0,0.0,141.0,416.0,350.0,191.0,0.0,0.0,735.0,773.0,1531.0,26.0,1.0,476.0,0.0,202.0,0.0,16.0,8952.0,0.0,27.0,21.0,1141.0,429.0
2020-05-30,0.0,15.0,32.0,257.0,16.0,61.0,0.0,898.0,0.0,1.0,34.0,22.0,4.0,50.0,1828.0,178.0,2.0,9.0,61.0,416.0,0.0,6.0,2.0,1.0,176.0,215.0,257.0,151.0,1.0,0.0,338.0,432.0,1132.0,11.0,0.0,450.0,0.0,153.0,0.0,0.0,9268.0,0.0,31.0,10.0,983.0,393.0
2020-05-31,1.0,6.0,5.0,248.0,14.0,49.0,42.0,847.0,0.0,5.0,38.0,35.0,2.0,33.0,257.0,136.0,1.0,45.0,72.0,355.0,5.0,3.0,0.0,1.0,104.0,379.0,297.0,124.0,0.0,0.0,182.0,265.0,1080.0,2.0,0.0,263.0,0.0,109.0,0.0,6.0,9035.0,0.0,18.0,7.0,839.0,468.0
2020-06-01,79.0,21.0,19.0,168.0,11.0,59.0,25.0,852.0,0.0,3.0,34.0,55.0,0.0,26.0,338.0,307.0,19.0,10.0,4.0,178.0,8.0,3.0,1.0,2.0,95.0,230.0,200.0,141.0,3.0,2.0,363.0,648.0,1439.0,4.0,0.0,225.0,0.0,188.0,0.0,7.0,8863.0,0.0,24.0,3.0,827.0,340.0
2020-06-02,7.0,20.0,16.0,273.0,16.0,181.0,47.0,861.0,0.0,6.0,65.0,52.0,10.0,2.0,-766.0,497.0,6.0,0.0,45.0,318.0,3.0,5.0,2.0,0.0,93.0,292.0,195.0,119.0,1.0,2.0,478.0,900.0,1492.0,1.0,0.0,271.0,0.0,247.0,0.0,31.0,8536.0,0.0,69.0,22.0,786.0,328.0
2020-06-03,1.0,13.0,53.0,325.0,43.0,159.0,0.0,865.0,1.0,0.0,74.0,41.0,10.0,24.0,352.0,528.0,9.0,23.0,31.0,321.0,3.0,8.0,2.0,3.0,188.0,361.0,366.0,152.0,0.0,0.0,606.0,1046.0,1369.0,5.0,0.0,245.0,0.0,223.0,0.0,12.0,8831.0,8.0,48.0,23.0,867.0,483.0
2020-06-04,0.0,15.0,17.0,262.0,12.0,172.0,41.0,887.0,0.0,2.0,64.0,34.0,21.0,0.0,767.0,437.0,15.0,16.0,21.0,177.0,1.0,13.0,4.0,2.0,217.0,371.0,331.0,238.0,2.0,2.0,517.0,1039.0,1249.0,2.0,0.0,199.0,0.0,229.0,0.0,17.0,8726.0,0.0,96.0,17.0,988.0,588.0
2020-06-05,0.0,20.0,67.0,338.0,40.0,154.0,43.0,0.0,0.0,0.0,35.0,15.0,22.0,30.0,611.0,285.0,13.0,0.0,20.0,518.0,2.0,6.0,1.0,2.0,190.0,567.0,377.0,196.0,0.0,5.0,653.0,1146.0,1123.0,1.0,1.0,183.0,0.0,264.0,0.0,30.0,8855.0,0.0,74.0,15.0,930.0,553.0
2020-06-06,0.0,14.0,31.0,379.0,28.0,69.0,16.0,1762.0,0.0,4.0,38.0,14.0,7.0,23.0,579.0,164.0,17.0,0.0,18.0,270.0,0.0,6.0,2.0,1.0,239.0,575.0,382.0,187.0,2.0,1.0,276.0,780.0,804.0,1.0,0.0,165.0,0.0,189.0,0.0,8.0,8984.0,0.0,82.0,10.0,878.0,550.0
2020-06-07,0.0,17.0,25.0,314.0,30.0,53.0,83.0,823.0,0.0,6.0,61.0,43.0,1.0,17.0,343.0,296.0,52.0,44.0,6.0,197.0,1.0,5.0,1.0,2.0,166.0,599.0,342.0,189.0,1.0,0.0,145.0,462.0,722.0,8.0,0.0,215.0,0.0,107.0,0.0,9.0,8985.0,0.0,73.0,8.0,914.0,485.0
2020-06-08,0.0,36.0,24.0,323.0,24.0,152.0,79.0,812.0,0.0,2.0,69.0,28.0,7.0,20.0,211.0,426.0,9.0,3.0,8.0,280.0,3.0,18.0,4.0,3.0,164.0,400.0,192.0,125.0,2.0,1.0,349.0,677.0,1099.0,4.0,0.0,245.0,0.0,218.0,0.0,19.0,8595.0,0.0,69.0,25.0,989.0,463.0
2020-06-09,0.0,42.0,15.0,315.0,47.0,145.0,104.0,801.0,2.0,2.0,55.0,38.0,11.0,24.0,403.0,518.0,10.0,10.0,16.0,283.0,2.0,8.0,3.0,5.0,181.0,197.0,421.0,145.0,8.0,2.0,451.0,937.0,1165.0,6.0,0.0,240.0,0.0,296.0,0.0,13.0,8404.0,0.0,66.0,11.0,993.0,394.0
2020-06-10,0.0,44.0,34.0,339.0,57.0,119.0,93.0,750.0,0.0,1.0,74.0,48.0,7.0,15.0,545.0,281.0,20.0,12.0,7.0,202.0,2.0,5.0,4.0,5.0,162.0,444.0,294.0,196.0,1.0,0.0,465.0,1437.0,1196.0,9.0,0.0,313.0,0.0,406.0,0.0,14.0,8779.0,0.0,71.0,24.0,922.0,525.0
2020-06-11,1.0,31.0,22.0,352.0,61.0,95.0,105.0,704.0,0.0,5.0,65.0,60.0,6.0,24.0,425.0,353.0,20.0,14.0,12.0,379.0,1.0,2.0,1.0,1.0,207.0,376.0,310.0,237.0,3.0,2.0,385.0,1293.0,1013.0,14.0,0.0,366.0,0.0,366.0,0.0,11.0,8987.0,0.0,73.0,25.0,987.0,689.0
2020-06-12,0.0,48.0,37.0,336.0,0.0,89.0,75.0,721.0,2.0,0.0,52.0,27.0,5.0,9.0,726.0,299.0,4.0,11.0,45.0,163.0,0.0,8.0,2.0,3.0,181.0,440.0,270.0,222.0,3.0,2.0,496.0,1329.0,1053.0,13.0,1.0,258.0,0.0,366.0,0.0,13.0,8706.0,0.0,76.0,34.0,1195.0,683.0
2020-06-13,0.0,57.0,22.0,352.0,109.0,49.0,24.0,732.0,1.0,3.0,53.0,20.0,0.0,14.0,526.0,172.0,9.0,12.0,8.0,346.0,0.0,4.0,8.0,1.0,144.0,375.0,283.0,275.0,4.0,3.0,125.0,1032.0,886.0,15.0,2.0,313.0,0.0,281.0,0.0,7.0,8835.0,0.0,59.0,9.0,1459.0,753.0
2020-06-14,0.0,69.0,18.0,387.0,38.0,22.0,51.0,707.0,2.0,2.0,33.0,39.0,0.0,17.0,407.0,260.0,13.0,1.0,18.0,338.0,1.0,1.0,2.0,6.0,159.0,396.0,227.0,320.0,0.0,1.0,87.0,418.0,826.0,0.0,0.0,383.0,0.0,139.0,0.0,6.0,8246.0,0.0,57.0,12.0,1562.0,648.0
2020-06-15,1.0,82.0,53.0,367.0,45.0,147.0,112.0,689.0,1.0,0.0,40.0,45.0,0.0,4.0,152.0,519.0,14.0,1.0,13.0,303.0,6.0,5.0,5.0,6.0,134.0,407.0,346.0,166.0,9.0,3.0,302.0,685.0,1045.0,9.0,1.0,350.0,0.0,375.0,0.0,18.0,8248.0,0.0,59.0,32.0,1592.0,656.0
2020-06-16,0.0,50.0,19.0,338.0,56.0,99.0,89.0,663.0,3.0,0.0,47.0,74.0,3.0,4.0,344.0,866.0,55.0,1.0,7.0,210.0,4.0,8.0,7.0,1.0,113.0,506.0,300.0,250.0,1.0,4.0,403.0,1209.0,1103.0,5.0,1.0,335.0,0.0,478.0,0.0,36.0,7843.0,14.0,96.0,21.0,1467.0,666.0
2020-06-17,1.0,66.0,31.0,329.0,33.0,123.0,132.0,625.0,11.0,0.0,51.0,45.0,1.0,5.0,458.0,764.0,24.0,2.0,14.0,329.0,2.0,2.0,1.0,0.0,124.0,314.0,336.0,345.0,14.0,8.0,363.0,1457.0,1017.0,2.0,0.0,474.0,0.0,374.0,0.0,15.0,7790.0,0.0,94.0,18.0,1429.0,758.0
2020-06-18,0.0,50.0,32.0,338.0,99.0,108.0,81.0,676.0,11.0,0.0,118.0,42.0,3.0,0.0,467.0,991.0,10.0,5.0,13.0,333.0,1.0,6.0,6.0,1.0,108.0,301.0,417.0,320.0,10.0,2.0,390.0,1494.0,1022.0,3.0,2.0,428.0,0.0,450.0,0.0,13.0,7972.0,4.0,93.0,18.0,1304.0,829.0
2020-06-19,0.0,53.0,52.0,438.0,74.0,121.0,117.0,603.0,19.0,0.0,126.0,38.0,4.0,16.0,811.0,569.0,19.0,8.0,6.0,251.0,0.0,3.0,9.0,1.0,90.0,304.0,375.0,320.0,1.0,6.0,352.0,1209.0,993.0,8.0,1.0,1062.0,0.0,397.0,0.0,18.0,7889.0,0.0,94.0,37.0,1214.0,921.0
2020-06-20,0.0,71.0,32.0,471.0,85.0,50.0,33.0,569.0,18.0,1.0,43.0,31.0,0.0,9.0,641.0,223.0,10.0,8.0,5.0,262.0,0.0,1.0,13.0,0.0,95.0,311.0,377.0,330.0,1.0,1.0,231.0,698.0,683.0,2.0,0.0,1410.0,0.0,247.0,1.0,6.0,7728.0,0.0,91.0,32.0,1248.0,841.0
2020-06-21,0.0,33.0,29.0,491.0,93.0,20.0,79.0,518.0,19.0,2.0,50.0,45.0,0.0,1.0,284.0,446.0,21.0,5.0,4.0,224.0,0.0,2.0,0.0,0.0,68.0,296.0,292.0,315.0,1.0,1.0,167.0,321.0,636.0,3.0,0.0,1315.0,0.0,163.0,0.0,4.0,7600.0,0.0,96.0,13.0,1192.0,735.0
2020-06-22,0.0,52.0,31.0,478.0,63.0,143.0,130.0,464.0,30.0,2.0,64.0,19.0,1.0,1.0,373.0,541.0,15.0,0.0,8.0,218.0,0.0,1.0,12.0,0.0,70.0,300.0,259.0,246.0,18.0,13.0,251.0,800.0,899.0,3.0,0.0,1630.0,0.0,351.0,0.0,28.0,7425.0,0.0,102.0,56.0,1212.0,681.0
2020-06-23,0.0,67.0,43.0,508.0,88.0,110.0,128.0,458.0,22.0,1.0,89.0,45.0,1.0,11.0,517.0,506.0,8.0,7.0,5.0,122.0,0.0,1.0,2.0,3.0,80.0,294.0,345.0,214.0,23.0,7.0,453.0,1309.0,883.0,3.0,0.0,1476.0,0.0,364.0,1.0,13.0,7176.0,0.0,143.0,37.0,1268.0,833.0
2020-06-24,0.0,78.0,35.0,590.0,120.0,100.0,166.0,437.0,95.0,1.0,127.0,30.0,1.0,12.0,81.0,571.0,11.0,9.0,9.0,190.0,1.0,3.0,13.0,2.0,110.0,298.0,367.0,321.0,13.0,6.0,348.0,1696.0,777.0,2.0,2.0,1348.0,0.0,375.0,0.0,21.0,7113.0,0.0,137.0,64.0,1492.0,940.0
2020-06-25,0.0,77.0,44.0,547.0,139.0,76.0,105.0,331.0,56.0,0.0,93.0,20.0,2.0,5.0,0.0,574.0,22.0,4.0,9.0,296.0,3.0,7.0,19.0,0.0,93.0,276.0,311.0,460.0,14.0,11.0,375.0,1276.0,726.0,2.0,2.0,1557.0,0.0,323.0,0.0,17.0,6800.0,0.0,193.0,49.0,1458.0,994.0
2020-06-26,0.0,61.0,74.0,517.0,163.0,113.0,112.0,382.0,85.0,2.0,169.0,18.0,1.0,19.0,1588.0,325.0,23.0,11.0,23.0,259.0,1.0,0.0,41.0,0.0,77.0,319.0,451.0,411.0,7.0,14.0,484.0,1204.0,666.0,3.0,2.0,1486.0,0.0,304.0,1.0,22.0,6852.0,0.0,227.0,93.0,1396.0,1109.0
2020-06-27,0.0,72.0,45.0,521.0,108.0,41.0,66.0,380.0,67.0,0.0,260.0,11.0,1.0,7.0,518.0,201.0,10.0,4.0,2.0,175.0,1.0,0.0,30.0,0.0,66.0,193.0,323.0,325.0,1.0,9.0,263.0,755.0,653.0,2.0,0.0,1613.0,0.0,170.0,0.0,10.0,6791.0,0.0,254.0,36.0,1372.0,948.0
2020-06-28,0.0,64.0,62.0,534.0,119.0,24.0,140.0,315.0,34.0,2.0,305.0,27.0,0.0,0.0,526.0,415.0,14.0,3.0,23.0,174.0,1.0,2.0,10.0,0.0,76.0,247.0,457.0,291.0,2.0,4.0,191.0,415.0,449.0,2.0,1.0,492.0,0.0,107.0,0.0,1.0,6719.0,0.0,242.0,24.0,1356.0,917.0
2020-06-29,0.0,69.0,49.0,544.0,128.0,127.0,158.0,328.0,52.0,2.0,201.0,23.0,2.0,11.0,280.0,458.0,19.0,10.0,11.0,126.0,3.0,5.0,44.0,1.0,57.0,239.0,266.0,269.0,20.0,15.0,283.0,726.0,724.0,3.0,1.0,10897.0,0.0,256.0,0.0,26.0,6693.0,0.0,276.0,161.0,1374.0,646.0
2020-06-30,0.0,45.0,101.0,556.0,153.0,100.0,165.0,306.0,54.0,1.0,149.0,10.0,0.0,5.0,541.0,482.0,23.0,2.0,4.0,142.0,1.0,4.0,24.0,0.0,62.0,382.0,229.0,388.0,13.0,13.0,455.0,808.0,623.0,8.0,2.0,1509.0,0.0,285.0,0.0,11.0,6556.0,0.0,272.0,139.0,1293.0,706.0
2020-07-01,0.0,82.0,95.0,588.0,182.0,135.0,161.0,274.0,81.0,0.0,91.0,15.0,1.0,22.0,918.0,471.0,26.0,9.0,12.0,187.0,0.0,4.0,50.0,1.0,75.0,371.0,313.0,326.0,20.0,20.0,460.0,685.0,652.0,4.0,1.0,1501.0,1.0,252.0,3.0,8.0,6760.0,0.0,359.0,97.0,1192.0,664.0
2020-07-02,0.0,90.0,80.0,572.0,174.0,93.0,182.0,299.0,96.0,0.0,133.0,17.0,1.0,5.0,659.0,427.0,28.0,6.0,9.0,201.0,1.0,6.0,43.0,0.0,76.0,259.0,328.0,450.0,29.0,16.0,497.0,687.0,606.0,3.0,5.0,1644.0,0.0,295.0,0.0,9.0,6718.0,0.0,309.0,127.0,1186.0,889.0
2020-07-03,0.0,67.0,134.0,583.0,288.0,94.0,180.0,273.0,86.0,3.0,141.0,13.0,2.0,1.0,582.0,294.0,25.0,11.0,11.0,223.0,1.0,5.0,28.0,0.0,65.0,314.0,374.0,420.0,15.0,30.0,598.0,694.0,568.0,5.0,0.0,1452.0,0.0,227.0,0.0,10.0,6632.0,0.0,325.0,96.0,1172.0,876.0
2020-07-04,0.0,74.0,106.0,534.0,144.0,64.0,63.0,284.0,57.0,1.0,121.0,11.0,0.0,6.0,751.0,144.0,8.0,0.0,18.0,235.0,3.0,3.0,49.0,0.0,72.0,231.0,413.0,416.0,1.0,21.0,306.0,364.0,399.0,2.0,0.0,1403.0,0.0,142.0,2.0,2.0,6736.0,0.0,302.0,26.0,1154.0,914.0
2020-07-05,0.0,71.0,76.0,523.0,64.0,24.0,174.0,250.0,69.0,1.0,75.0,9.0,1.0,5.0,448.0,323.0,43.0,6.0,4.0,192.0,7.0,4.0,12.0,1.0,41.0,205.0,328.0,391.0,2.0,16.0,210.0,315.0,558.0,5.0,0.0,1109.0,1.0,92.0,0.0,1.0,6611.0,0.0,289.0,36.0,1148.0,823.0
2020-07-06,0.0,74.0,68.0,513.0,163.0,112.0,188.0,199.0,52.0,1.0,51.0,13.0,1.0,4.0,176.0,395.0,27.0,16.0,7.0,208.0,7.0,8.0,48.0,0.0,34.0,257.0,232.0,250.0,31.0,23.0,347.0,251.0,714.0,5.0,2.0,1376.0,0.0,235.0,0.0,14.0,6368.0,0.0,299.0,106.0,1086.0,543.0
2020-07-07,0.0,68.0,91.0,537.0,248.0,99.0,240.0,221.0,53.0,3.0,118.0,26.0,9.0,5.0,475.0,450.0,33.0,5.0,4.0,138.0,13.0,3.0,52.0,1.0,57.0,277.0,287.0,397.0,53.0,24.0,724.0,278.0,609.0,5.0,1.0,1962.0,0.0,330.0,0.0,10.0,6562.0,0.0,357.0,107.0,1053.0,564.0
2020-07-08,0.0,82.0,118.0,542.0,217.0,137.0,330.0,187.0,91.0,2.0,129.0,41.0,8.0,3.0,663.0,425.0,50.0,10.0,23.0,193.0,11.0,7.0,51.0,0.0,60.0,262.0,443.0,555.0,19.0,13.0,763.0,533.0,713.0,5.0,0.0,1726.0,0.0,195.0,0.0,11.0,6509.0,3.0,266.0,97.0,1041.0,807.0
2020-07-09,0.0,90.0,72.0,548.0,316.0,124.0,292.0,193.0,116.0,3.0,105.0,33.0,2.0,8.0,621.0,426.0,60.0,3.0,24.0,229.0,8.0,4.0,35.0,0.0,65.0,265.0,418.0,614.0,23.0,17.0,866.0,334.0,722.0,8.0,0.0,1708.0,0.0,258.0,0.0,8.0,6635.0,0.0,386.0,97.0,1024.0,810.0
2020-07-10,0.0,93.0,105.0,526.0,318.0,127.0,211.0,160.0,140.0,1.0,141.0,24.0,1.0,6.0,658.0,277.0,40.0,6.0,22.0,276.0,0.0,2.0,56.0,0.0,84.0,305.0,387.0,592.0,8.0,34.0,1172.0,369.0,568.0,5.0,0.0,1798.0,0.0,284.0,1.0,13.0,6611.0,0.0,345.0,111.0,1003.0,819.0
2020-07-11,0.0,83.0,90.0,531.0,164.0,62.0,77.0,168.0,50.0,7.0,53.0,22.0,0.0,12.0,752.0,131.0,31.0,5.0,17.0,188.0,1.0,3.0,77.0,0.0,95.0,370.0,281.0,698.0,1.0,14.0,621.0,308.0,459.0,9.0,0.0,1646.0,0.0,174.0,0.0,4.0,6615.0,0.0,287.0,71.0,1016.0,800.0
2020-07-12,3.0,117.0,52.0,520.0,97.0,43.0,159.0,182.0,53.0,1.0,59.0,32.0,0.0,3.0,585.0,330.0,23.0,13.0,10.0,234.0,0.0,5.0,27.0,0.0,72.0,299.0,240.0,456.0,6.0,8.0,394.0,106.0,366.0,4.0,0.0,1856.0,0.0,57.0,0.0,5.0,6537.0,0.0,279.0,47.0,1012.0,678.0
2020-07-13,3.0,96.0,99.0,529.0,199.0,224.0,234.0,155.0,52.0,0.0,66.0,33.0,1.0,1.0,288.0,468.0,57.0,16.0,32.0,169.0,4.0,21.0,92.0,0.0,98.0,267.0,397.0,413.0,19.0,10.0,890.0,170.0,740.0,4.0,0.0,1759.0,0.0,269.0,0.0,19.0,6248.0,0.0,344.0,120.0,1008.0,612.0
2020-07-14,1.0,85.0,123.0,543.0,231.0,207.0,232.0,174.0,126.0,1.0,105.0,42.0,1.0,6.0,511.0,542.0,27.0,0.0,13.0,114.0,1.0,5.0,51.0,0.0,109.0,323.0,356.0,637.0,24.0,19.0,1325.0,312.0,705.0,3.0,2.0,1674.0,0.0,332.0,0.0,8.0,6422.0,0.0,351.0,129.0,992.0,638.0
2020-07-15,15.0,99.0,129.0,559.0,270.0,260.0,267.0,180.0,86.0,8.0,135.0,52.0,0.0,-5.0,416.0,557.0,29.0,16.0,15.0,163.0,6.0,7.0,134.0,0.0,119.0,274.0,344.0,641.0,14.0,19.0,1593.0,287.0,777.0,4.0,0.0,1707.0,0.0,224.0,0.0,6.0,6428.0,0.0,383.0,123.0,947.0,836.0
2020-07-16,3.0,55.0,141.0,493.0,227.0,226.0,298.0,159.0,98.0,0.0,137.0,32.0,4.0,-3.0,534.0,523.0,25.0,14.0,32.0,230.0,4.0,14.0,106.0,1.0,109.0,353.0,358.0,777.0,11.0,19.0,1644.0,268.0,712.0,8.0,1.0,1808.0,1.0,230.0,0.0,4.0,6406.0,0.0,392.0,106.0,933.0,848.0
2020-07-17,0.0,102.0,124.0,471.0,256.0,274.0,196.0,171.0,116.0,6.0,129.0,43.0,1.0,8.0,836.0,442.0,19.0,22.0,20.0,233.0,3.0,16.0,72.0,1.0,145.0,339.0,320.0,799.0,3.0,24.0,2133.0,284.0,582.0,10.0,0.0,1636.0,1.0,300.0,0.0,12.0,6234.0,0.0,389.0,115.0,926.0,809.0
2020-07-18,0.0,82.0,81.0,497.0,288.0,130.0,95.0,142.0,92.0,1.0,112.0,28.0,0.0,17.0,965.0,179.0,24.0,18.0,10.0,249.0,0.0,7.0,97.0,1.0,145.0,358.0,191.0,889.0,1.0,6.0,1562.0,191.0,505.0,11.0,2.0,1499.0,0.0,186.0,0.0,1.0,6109.0,0.0,396.0,80.0,918.0,847.0
2020-07-19,4.0,81.0,87.0,388.0,140.0,64.0,196.0,118.0,25.0,0.0,91.0,32.0,0.0,17.0,765.0,456.0,5.0,14.0,6.0,219.0,1.0,5.0,27.0,0.0,183.0,279.0,162.0,767.0,41.0,7.0,1157.0,110.0,448.0,10.0,1.0,1630.0,0.0,135.0,0.0,3.0,5940.0,0.0,359.0,42.0,924.0,731.0
2020-07-20,0.0,119.0,90.0,369.0,195.0,443.0,325.0,135.0,52.0,2.0,168.0,36.0,1.0,5.0,350.0,525.0,36.0,19.0,36.0,190.0,4.0,3.0,71.0,2.0,169.0,399.0,263.0,681.0,37.0,24.0,1622.0,131.0,830.0,24.0,1.0,1685.0,0.0,327.0,2.0,21.0,5842.0,0.0,352.0,127.0,931.0,651.0
2020-07-21,5.0,68.0,137.0,352.0,328.0,145.0,330.0,173.0,108.0,0.0,208.0,34.0,3.0,11.0,584.0,698.0,29.0,14.0,17.0,129.0,6.0,3.0,113.0,1.0,170.0,380.0,257.0,994.0,31.0,29.0,2354.0,226.0,788.0,12.0,0.0,1646.0,0.0,356.0,1.0,6.0,5862.0,0.0,426.0,138.0,928.0,673.0
2020-07-22,0.0,108.0,162.0,391.0,347.0,553.0,269.0,167.0,104.0,5.0,245.0,51.0,2.0,11.0,998.0,691.0,33.0,18.0,7.0,282.0,2.0,4.0,77.0,6.0,164.0,418.0,262.0,1030.0,29.0,27.0,2361.0,297.0,816.0,19.0,1.0,1687.0,0.0,307.0,1.0,22.0,5848.0,0.0,412.0,117.0,902.0,829.0
2020-07-23,8.0,104.0,117.0,347.0,305.0,439.0,270.0,158.0,81.0,2.0,231.0,36.0,1.0,10.0,1062.0,810.0,25.0,26.0,19.0,306.0,1.0,4.0,85.0,0.0,155.0,458.0,334.0,1112.0,23.0,19.0,2377.0,220.0,808.0,13.0,2.0,1740.0,0.0,378.0,1.0,6.0,5811.0,0.0,409.0,143.0,913.0,856.0
2020-07-24,0.0,67.0,153.0,332.0,285.0,496.0,189.0,156.0,77.0,6.0,278.0,27.0,3.0,8.0,1130.0,543.0,31.0,11.0,24.0,252.0,13.0,4.0,121.0,14.0,184.0,584.0,299.0,1119.0,38.0,14.0,2848.0,262.0,774.0,14.0,1.0,1494.0,0.0,345.0,0.0,24.0,5871.0,0.0,411.0,147.0,937.0,972.0
2020-07-25,7.0,126.0,112.0,321.0,263.0,229.0,115.0,130.0,65.0,4.0,132.0,23.0,1.0,8.0,1366.0,212.0,27.0,13.0,12.0,275.0,0.0,4.0,74.0,1.0,213.0,443.0,186.0,1284.0,2.0,16.0,1717.0,138.0,530.0,6.0,4.0,1402.0,0.0,206.0,0.0,6.0,5765.0,0.0,467.0,95.0,921.0,1106.0
2020-07-26,3.0,117.0,101.0,417.0,183.0,184.0,194.0,234.0,24.0,3.0,114.0,63.0,0.0,5.0,1269.0,529.0,34.0,8.0,11.0,255.0,1.0,4.0,40.0,7.0,209.0,337.0,108.0,1120.0,23.0,5.0,1372.0,42.0,563.0,8.0,6.0,1526.0,0.0,120.0,0.0,9.0,5635.0,0.0,411.0,57.0,927.0,920.0
2020-07-27,4.0,117.0,96.0,396.0,268.0,595.0,250.0,152.0,42.0,7.0,194.0,77.0,4.0,5.0,1496.0,755.0,52.0,9.0,38.0,170.0,4.0,21.0,33.0,12.0,224.0,502.0,224.0,1104.0,41.0,14.0,2047.0,71.0,869.0,10.0,4.0,1544.0,1.0,367.0,1.0,24.0,5395.0,0.0,379.0,193.0,919.0,807.0
2020-07-28,7.0,108.0,153.0,412.0,361.0,685.0,284.0,147.0,70.0,13.0,276.0,59.0,4.0,6.0,725.0,914.0,57.0,19.0,12.0,212.0,4.0,75.0,138.0,94.0,248.0,512.0,222.0,1151.0,20.0,14.0,2932.0,283.0,856.0,5.0,4.0,1472.0,1.0,426.0,2.0,16.0,5475.0,0.0,372.0,189.0,7693.0,919.0
2020-07-29,4.0,92.0,102.0,363.0,317.0,703.0,265.0,143.0,78.0,4.0,274.0,84.0,9.0,10.0,1392.0,865.0,65.0,21.0,85.0,289.0,3.0,8.0,67.0,10.0,341.0,615.0,242.0,1182.0,27.0,24.0,3211.0,301.0,1062.0,8.0,12.0,1414.0,0.0,396.0,0.0,37.0,5509.0,0.0,321.0,220.0,7672.0,1022.0
2020-07-30,3.0,79.0,190.0,339.0,0.0,635.0,270.0,0.0,68.0,30.0,254.0,58.0,13.0,9.0,1377.0,915.0,76.0,0.0,38.0,386.0,7.0,16.0,68.0,21.0,341.0,657.0,258.0,1356.0,45.0,17.0,3489.0,302.0,946.0,3.0,12.0,1289.0,0.0,390.0,0.0,23.0,5482.0,0.0,339.0,212.0,7697.0,1197.0
2020-07-31,5.0,120.0,123.0,318.0,432.0,684.0,146.0,138.0,85.0,10.0,231.0,64.0,8.0,9.0,1346.0,562.0,110.0,21.0,44.0,379.0,5.0,18.0,77.0,15.0,431.0,658.0,263.0,1295.0,7.0,15.0,3879.0,258.0,698.0,6.0,8.0,6407.0,0.0,380.0,0.0,72.0,5462.0,0.0,330.0,164.0,7712.0,1090.0
2020-08-01,6.0,123.0,62.0,279.0,296.0,309.0,119.0,121.0,36.0,26.0,125.0,78.0,7.0,11.0,1628.0,305.0,75.0,9.0,53.0,295.0,3.0,7.0,48.0,14.0,359.0,548.0,136.0,1225.0,10.0,9.0,3053.0,303.0,559.0,2.0,13.0,1867.0,0.0,249.0,0.0,14.0,5427.0,0.0,311.0,97.0,7726.0,1172.0
2020-08-02,1.0,101.0,70.0,286.0,290.0,148.0,204.0,99.0,34.0,5.0,101.0,117.0,1.0,10.0,1192.0,798.0,75.0,9.0,46.0,239.0,3.0,14.0,7.0,16.0,372.0,575.0,100.0,1075.0,14.0,1.0,1841.0,38.0,564.0,3.0,8.0,1434.0,0.0,120.0,1.0,13.0,5394.0,0.0,258.0,80.0,7717.0,1112.0
2020-08-03,2.0,130.0,93.0,241.0,394.0,794.0,255.0,84.0,24.0,25.0,208.0,121.0,11.0,13.0,556.0,950.0,118.0,9.0,45.0,159.0,8.0,18.0,49.0,36.0,487.0,680.0,195.0,823.0,49.0,9.0,2791.0,165.0,1060.0,15.0,3.0,2861.0,0.0,332.0,2.0,38.0,5159.0,0.0,287.0,196.0,7725.0,990.0
2020-08-04,0.0,139.0,83.0,226.0,282.0,813.0,303.0,126.0,58.0,15.0,287.0,116.0,22.0,17.0,1039.0,1112.0,118.0,11.0,50.0,190.0,18.0,29.0,79.0,20.0,428.0,640.0,254.0,1232.0,63.0,18.0,4437.0,333.0,1066.0,9.0,10.0,2590.0,0.0,408.0,3.0,40.0,5204.0,0.0,295.0,181.0,7813.0,1061.0
2020-08-05,6.0,127.0,159.0,193.0,258.0,767.0,297.0,127.0,28.0,13.0,241.0,171.0,11.0,29.0,1695.0,1170.0,150.0,33.0,69.0,384.0,6.0,19.0,54.0,49.0,605.0,726.0,253.0,1309.0,43.0,15.0,4321.0,425.0,1092.0,7.0,6.0,2404.0,0.0,406.0,1.0,66.0,5267.0,1.0,299.0,152.0,7908.0,1271.0
2020-08-06,11.0,135.0,119.0,144.0,291.0,769.0,195.0,111.0,62.0,14.0,215.0,141.0,9.0,20.0,1604.0,1005.0,147.0,24.0,98.0,402.0,7.0,34.0,33.0,40.0,517.0,809.0,266.0,1345.0,43.0,10.0,4889.0,378.0,1105.0,3.0,18.0,2009.0,0.0,362.0,2.0,79.0,5241.0,0.0,276.0,156.0,7883.0,1318.0
2020-08-07,0.0,124.0,90.0,129.0,402.0,771.0,134.0,124.0,77.0,11.0,322.0,89.0,14.0,22.0,2288.0,711.0,151.0,32.0,174.0,552.0,2.0,21.0,46.0,54.0,484.0,843.0,254.0,1378.0,30.0,14.0,5740.0,380.0,973.0,9.0,6.0,1883.0,0.0,453.0,1.0,80.0,5212.0,0.0,255.0,185.0,7915.0,1453.0
2020-08-08,0.0,136.0,104.0,105.0,236.0,304.0,53.0,112.0,61.0,9.0,173.0,129.0,4.0,14.0,2184.0,321.0,202.0,43.0,68.0,347.0,0.0,15.0,29.0,23.0,577.0,624.0,142.0,1350.0,3.0,2.0,3530.0,260.0,710.0,25.0,4.0,900.0,0.0,217.0,0.0,35.0,5189.0,0.0,236.0,130.0,7902.0,1489.0
2020-08-09,7.0,125.0,72.0,87.0,173.0,122.0,116.0,97.0,45.0,10.0,122.0,152.0,6.0,16.0,1885.0,1105.0,126.0,35.0,56.0,463.0,3.0,25.0,7.0,29.0,787.0,619.0,117.0,1145.0,16.0,6.0,2632.0,73.0,627.0,14.0,4.0,779.0,0.0,181.0,0.0,34.0,5118.0,0.0,163.0,100.0,7912.0,1199.0
2020-08-10,10.0,140.0,158.0,79.0,210.0,873.0,210.0,58.0,91.0,25.0,141.0,136.0,9.0,17.0,785.0,1193.0,193.0,15.0,33.0,259.0,10.0,34.0,25.0,49.0,620.0,551.0,206.0,779.0,75.0,17.0,3930.0,196.0,1499.0,14.0,5.0,2114.0,1.0,382.0,1.0,63.0,4945.0,2.0,235.0,281.0,7923.0,1008.0
2020-08-11,4.0,141.0,187.0,84.0,253.0,718.0,171.0,97.0,130.0,14.0,289.0,160.0,7.0,22.0,1397.0,1541.0,235.0,22.0,37.0,412.0,4.0,16.0,44.0,55.0,651.0,715.0,277.0,1215.0,49.0,31.0,6189.0,417.0,1378.0,5.0,4.0,1489.0,1.0,474.0,2.0,43.0,5102.0,0.0,254.0,255.0,7913.0,1158.0
2020-08-12,4.0,154.0,190.0,93.0,223.0,609.0,176.0,101.0,180.0,14.0,289.0,116.0,0.0,19.0,2524.0,1491.0,204.0,45.0,91.0,481.0,1.0,35.0,55.0,31.0,576.0,811.0,323.0,1415.0,62.0,29.0,6441.0,443.0,1242.0,23.0,10.0,1410.0,1.0,390.0,2.0,63.0,5057.0,0.0,247.0,246.0,7942.0,1433.0
2020-08-13,8.0,146.0,251.0,91.0,351.0,669.0,174.0,105.0,208.0,13.0,331.0,110.0,3.0,41.0,2669.0,1376.0,251.0,40.0,66.0,523.0,7.0,35.0,32.0,72.0,627.0,832.0,239.0,1454.0,54.0,37.0,7088.0,363.0,1156.0,15.0,8.0,1267.0,1.0,396.0,0.0,54.0,5065.0,0.0,235.0,274.0,7973.0,1592.0
2020-08-14,8.0,143.0,349.0,103.0,255.0,587.0,90.0,116.0,162.0,14.0,291.0,126.0,7.0,17.0,2846.0,756.0,226.0,24.0,196.0,574.0,7.0,32.0,26.0,63.0,656.0,771.0,304.0,1415.0,47.0,32.0,8411.0,344.0,1185.0,15.0,10.0,1380.0,1.0,422.0,0.0,76.0,5061.0,0.0,238.0,232.0,7956.0,1732.0
2020-08-15,0.0,120.0,156.0,89.0,219.0,163.0,32.0,92.0,151.0,0.0,197.0,90.0,6.0,20.0,3310.0,493.0,217.0,39.0,66.0,629.0,1.0,31.0,15.0,69.0,499.0,594.0,149.0,1328.0,5.0,15.0,4828.0,226.0,714.0,5.0,10.0,478.0,0.0,278.0,0.0,44.0,4969.0,0.0,211.0,149.0,7986.0,1847.0
2020-08-16,8.0,119.0,169.0,112.0,102.0,132.0,135.0,73.0,85.0,19.0,121.0,96.0,2.0,11.0,3015.0,1549.0,147.0,54.0,56.0,479.0,0.0,14.0,6.0,48.0,486.0,595.0,103.0,733.0,15.0,13.0,3292.0,63.0,602.0,10.0,9.0,334.0,3.0,194.0,1.0,27.0,4892.0,0.0,100.0,137.0,7922.0,1637.0
2020-08-17,7.0,155.0,259.0,124.0,240.0,707.0,169.0,84.0,199.0,8.0,191.0,112.0,8.0,21.0,493.0,1533.0,250.0,0.0,186.0,320.0,3.0,38.0,23.0,47.0,493.0,597.0,286.0,1820.0,100.0,27.0,4999.0,174.0,1298.0,10.0,8.0,1352.0,1.0,412.0,0.0,74.0,4748.0,0.0,108.0,285.0,7963.0,1464.0
2020-08-18,12.0,158.0,252.0,131.0,340.0,725.0,151.0,128.0,219.0,26.0,281.0,86.0,7.0,24.0,2238.0,1753.0,212.0,32.0,48.0,403.0,1.0,37.0,58.0,40.0,553.0,735.0,241.0,-1747.0,80.0,37.0,8542.0,314.0,1116.0,9.0,8.0,1031.0,1.0,626.0,0.0,58.0,4828.0,0.0,158.0,294.0,7993.0,1616.0
2020-08-19,12.0,155.0,347.0,146.0,338.0,612.0,142.0,149.0,255.0,10.0,313.0,81.0,20.0,29.0,3776.0,1620.0,250.0,44.0,129.0,642.0,3.0,30.0,53.0,36.0,531.0,767.0,289.0,3156.0,123.0,43.0,8691.0,351.0,1282.0,15.0,4.0,979.0,0.0,522.0,2.0,60.0,4785.0,7.0,161.0,285.0,8033.0,1967.0
2020-08-20,11.0,152.0,331.0,139.0,365.0,581.0,169.0,161.0,265.0,11.0,246.0,83.0,17.0,37.0,4771.0,1657.0,204.0,52.0,79.0,845.0,3.0,41.0,59.0,31.0,533.0,903.0,257.0,1346.0,91.0,38.0,9045.0,333.0,1498.0,9.0,11.0,908.0,1.0,547.0,4.0,51.0,4870.0,0.0,169.0,349.0,8142.0,2134.0
2020-08-21,0.0,156.0,302.0,162.0,320.0,510.0,96.0,174.0,306.0,11.0,506.0,88.0,21.0,0.0,4586.0,918.0,243.0,35.0,153.0,947.0,4.0,46.0,50.0,35.0,507.0,900.0,210.0,1392.0,40.0,43.0,10518.0,298.0,1218.0,17.0,10.0,960.0,0.0,588.0,2.0,53.0,4921.0,0.0,170.0,314.0,7933.0,2106.0
2020-08-22,0.0,152.0,229.0,184.0,188.0,203.0,60.0,183.0,275.0,4.0,234.0,73.0,7.0,35.0,3602.0,565.0,283.0,22.0,61.0,1071.0,0.0,22.0,19.0,55.0,455.0,581.0,136.0,1189.0,68.0,34.0,6058.0,160.0,842.0,10.0,6.0,259.0,1.0,406.0,3.0,45.0,4852.0,0.0,109.0,192.0,8039.0,2328.0
2020-08-23,13.0,178.0,193.0,169.0,127.0,115.0,99.0,177.0,136.0,30.0,136.0,72.0,3.0,14.0,4897.0,1427.0,155.0,36.0,147.0,1210.0,5.0,21.0,9.0,38.0,573.0,548.0,119.0,961.0,28.0,14.0,4287.0,57.0,831.0,8.0,7.0,202.0,0.0,350.0,4.0,19.0,4744.0,0.0,57.0,136.0,7947.0,1987.0
2020-08-24,0.0,154.0,243.0,152.0,297.0,607.0,203.0,82.0,219.0,23.0,259.0,81.0,19.0,18.0,1955.0,1487.0,168.0,24.0,85.0,953.0,18.0,42.0,28.0,46.0,416.0,763.0,255.0,825.0,84.0,21.0,6060.0,174.0,1301.0,7.0,4.0,954.0,2.0,530.0,6.0,67.0,4696.0,4.0,106.0,304.0,8173.0,1799.0
2020-08-25,38.0,168.0,301.0,133.0,283.0,527.0,162.0,247.0,358.0,7.0,364.0,79.0,17.0,43.0,3304.0,1618.0,293.0,73.0,162.0,878.0,6.0,44.0,75.0,37.0,572.0,729.0,326.0,1060.0,90.0,36.0,10340.0,222.0,1270.0,11.0,8.0,726.0,2.0,624.0,1.0,42.0,4676.0,0.0,154.0,338.0,8232.0,1658.0
2020-08-26,13.0,156.0,320.0,148.0,311.0,526.0,157.0,191.0,304.0,0.0,396.0,69.0,14.0,21.0,5429.0,1542.0,251.0,91.0,90.0,1367.0,9.0,26.0,51.0,32.0,508.0,887.0,429.0,1256.0,102.0,33.0,10332.0,244.0,1388.0,8.0,9.0,696.0,1.0,564.0,3.0,40.0,4711.0,2.0,125.0,362.0,8043.0,1670.0
2020-08-27,13.0,112.0,225.0,137.0,294.0,535.0,157.0,181.0,357.0,0.0,350.0,107.0,18.0,17.0,6111.0,1390.0,269.0,132.0,126.0,1411.0,6.0,36.0,37.0,27.0,501.0,791.0,468.0,1504.0,114.0,42.0,10350.0,202.0,1591.0,7.0,3.0,633.0,1.0,358.0,0.0,52.0,4829.0,1.0,108.0,352.0,8221.0,1974.0
2020-08-28,0.0,84.0,395.0,142.0,336.0,614.0,99.0,177.0,312.0,2.0,485.0,82.0,20.0,23.0,7379.0,834.0,177.0,158.0,140.0,1462.0,12.0,36.0,44.0,15.0,503.0,759.0,357.0,1318.0,34.0,37.0,11985.0,179.0,1632.0,7.0,8.0,669.0,0.0,500.0,5.0,84.0,4941.0,0.0,75.0,377.0,8247.0,2438.0
2020-08-29,0.0,101.0,237.0,188.0,243.0,195.0,26.0,164.0,262.0,4.0,320.0,103.0,10.0,7.0,5453.0,535.0,157.0,292.0,41.0,1444.0,3.0,17.0,48.0,21.0,506.0,631.0,280.0,1365.0,41.0,31.0,6889.0,131.0,1230.0,18.0,5.0,167.0,1.0,296.0,1.0,42.0,4980.0,2.0,83.0,215.0,8279.0,2481.0
2020-08-30,52.0,133.0,224.0,135.0,171.0,117.0,76.0,156.0,146.0,1.0,275.0,118.0,2.0,28.0,5413.0,1186.0,183.0,178.0,51.0,1365.0,8.0,25.0,4.0,26.0,526.0,502.0,206.0,952.0,72.0,18.0,5193.0,48.0,1171.0,23.0,2.0,87.0,0.0,220.0,7.0,50.0,4993.0,0.0,41.0,144.0,8212.0,2096.0
2020-08-31,8.0,93.0,220.0,126.0,270.0,634.0,188.0,119.0,145.0,2.0,256.0,198.0,20.0,9.0,3082.0,1323.0,207.0,118.0,214.0,996.0,2.0,31.0,24.0,22.0,467.0,550.0,292.0,755.0,53.0,41.0,6656.0,162.0,1513.0,38.0,5.0,99.0,0.0,288.0,2.0,148.0,4729.0,0.0,76.0,347.0,8317.0,2141.0
2020-09-01,15.0,122.0,286.0,143.0,283.0,565.0,163.0,179.0,311.0,5.0,497.0,155.0,20.0,56.0,4982.0,1411.0,233.0,365.0,89.0,978.0,4.0,26.0,48.0,34.0,720.0,595.0,352.0,1053.0,121.0,55.0,10519.0,171.0,2288.0,20.0,11.0,659.0,0.0,532.0,2.0,115.0,4952.0,0.0,99.0,364.0,8302.0,2088.0
2020-09-02,9.0,116.0,429.0,154.0,287.0,574.0,158.0,161.0,369.0,3.0,645.0,192.0,26.0,19.0,7017.0,1516.0,241.0,301.0,92.0,1326.0,6.0,34.0,60.0,19.0,599.0,612.0,380.0,1298.0,137.0,53.0,10740.0,213.0,3077.0,28.0,4.0,570.0,0.0,632.0,1.0,101.0,4995.0,0.0,95.0,417.0,8326.0,2495.0
2020-09-03,7.0,123.0,366.0,167.0,338.0,677.0,179.0,183.0,334.0,0.0,675.0,199.0,16.0,39.0,7157.0,1495.0,202.0,459.0,97.0,1397.0,9.0,40.0,43.0,30.0,743.0,691.0,472.0,1365.0,226.0,47.0,10997.0,286.0,3152.0,25.0,6.0,501.0,0.0,534.0,4.0,125.0,5110.0,0.0,96.0,438.0,8372.0,2430.0
2020-09-04,0.0,135.0,380.0,132.0,297.0,728.0,96.0,178.0,311.0,9.0,797.0,197.0,35.0,25.0,8975.0,1106.0,186.0,510.0,231.0,1733.0,3.0,41.0,42.0,25.0,649.0,567.0,491.0,1339.0,88.0,43.0,13207.0,262.0,3092.0,29.0,3.0,499.0,0.0,567.0,0.0,119.0,5205.0,0.0,77.0,427.0,8342.0,2723.0
2020-09-05,0.0,153.0,217.0,161.0,121.0,322.0,39.0,196.0,225.0,2.0,504.0,222.0,25.0,36.0,8550.0,581.0,138.0,495.0,138.0,1694.0,1.0,12.0,53.0,37.0,920.0,437.0,309.0,1269.0,22.0,43.0,7889.0,171.0,2551.0,34.0,3.0,199.0,0.0,324.0,1.0,73.0,5195.0,0.0,56.0,295.0,8403.0,2836.0
2020-09-06,46.0,151.0,367.0,137.0,100.0,155.0,57.0,172.0,117.0,1.0,410.0,295.0,16.0,30.0,7071.0,1413.0,139.0,576.0,102.0,1297.0,3.0,30.0,10.0,23.0,795.0,302.0,264.0,1150.0,91.0,25.0,5498.0,67.0,2465.0,45.0,4.0,80.0,0.0,258.0,5.0,60.0,5185.0,0.0,36.0,170.0,8308.0,2107.0
2020-09-07,0.0,147.0,396.0,89.0,301.0,918.0,167.0,177.0,204.0,1.0,561.0,327.0,32.0,36.0,4203.0,1381.0,169.0,341.0,306.0,1108.0,11.0,41.0,14.0,63.0,968.0,400.0,481.0,883.0,161.0,42.0,7057.0,185.0,3931.0,44.0,7.0,433.0,0.0,501.0,3.0,132.0,5099.0,0.0,53.0,467.0,8433.0,2174.0
2020-09-08,40.0,151.0,552.0,139.0,297.0,871.0,122.0,194.0,341.0,3.0,1161.0,293.0,22.0,10.0,6544.0,1746.0,248.0,411.0,84.0,1370.0,5.0,39.0,48.0,42.0,1140.0,421.0,547.0,1136.0,178.0,80.0,11981.0,236.0,3370.0,57.0,5.0,523.0,1.0,588.0,5.0,113.0,5218.0,0.0,84.0,387.0,8491.0,2411.0
2020-09-09,0.0,156.0,692.0,175.0,286.0,1024.0,163.0,189.0,291.0,3.0,1158.0,367.0,15.0,93.0,8577.0,1589.0,372.0,476.0,196.0,1434.0,11.0,47.0,65.0,43.0,837.0,506.0,592.0,1271.0,186.0,76.0,12833.0,314.0,3365.0,87.0,5.0,430.0,0.0,560.0,4.0,124.0,5363.0,6.0,58.0,462.0,8403.0,2551.0
2020-09-10,43.0,161.0,598.0,142.0,290.0,1143.0,201.0,193.0,190.0,3.0,1383.0,346.0,32.0,39.0,9843.0,1651.0,282.0,718.0,211.0,1597.0,5.0,66.0,70.0,27.0,1271.0,594.0,659.0,1380.0,201.0,110.0,13052.0,254.0,3628.0,158.0,1.0,375.0,0.0,479.0,3.0,132.0,5504.0,0.0,92.0,507.0,8242.0,2582.0
2020-09-11,0.0,164.0,930.0,163.0,305.0,1284.0,92.0,191.0,261.0,3.0,1442.0,301.0,23.0,43.0,9406.0,1224.0,302.0,916.0,159.0,1616.0,10.0,52.0,35.0,78.0,1222.0,603.0,576.0,1391.0,79.0,105.0,14438.0,291.0,3324.0,152.0,1.0,420.0,2.0,531.0,1.0,119.0,5488.0,0.0,72.0,533.0,8401.0,3144.0
2020-09-12,0.0,168.0,414.0,135.0,328.0,617.0,27.0,198.0,165.0,3.0,1537.0,296.0,21.0,45.0,10561.0,762.0,204.0,484.0,255.0,1501.0,3.0,17.0,44.0,53.0,1087.0,502.0,512.0,1311.0,48.0,99.0,8325.0,206.0,2670.0,165.0,2.0,129.0,0.0,264.0,2.0,67.0,5449.0,0.0,108.0,266.0,8239.0,3103.0
2020-09-13,94.0,167.0,414.0,155.0,168.0,301.0,143.0,187.0,65.0,8.0,791.0,380.0,22.0,23.0,7183.0,1489.0,180.0,844.0,207.0,1458.0,5.0,26.0,6.0,49.0,1297.0,377.0,470.0,1109.0,188.0,47.0,6405.0,106.0,2154.0,170.0,3.0,73.0,0.0,229.0,6.0,78.0,5509.0,0.0,29.0,238.0,8257.0,2476.0
2020-09-14,0.0,152.0,820.0,76.0,294.0,1724.0,155.0,192.0,151.0,6.0,1028.0,435.0,24.0,47.0,6158.0,2002.0,310.0,1307.0,357.0,1008.0,4.0,57.0,40.0,106.0,1376.0,605.0,663.0,692.0,92.0,82.0,8216.0,220.0,3428.0,196.0,7.0,472.0,0.0,527.0,1.0,104.0,5529.0,0.0,74.0,504.0,8446.0,2462.0
2020-09-15,45.0,144.0,723.0,114.0,282.0,1628.0,174.0,211.0,280.0,8.0,1676.0,549.0,34.0,98.0,7852.0,2196.0,311.0,710.0,250.0,1229.0,8.0,62.0,110.0,35.0,1537.0,600.0,606.0,1111.0,161.0,123.0,13856.0,292.0,3551.0,179.0,13.0,335.0,0.0,627.0,3.0,133.0,5670.0,1.0,102.0,457.0,8472.0,2905.0
2020-09-16,0.0,132.0,854.0,141.0,394.0,1943.0,154.0,224.0,250.0,10.0,2133.0,516.0,21.0,25.0,9784.0,2356.0,359.0,941.0,224.0,1452.0,4.0,87.0,146.0,39.0,1739.0,837.0,629.0,1713.0,235.0,104.0,14061.0,330.0,4399.0,182.0,22.0,320.0,1.0,622.0,5.0,137.0,5762.0,0.0,82.0,516.0,8501.0,2958.0
2020-09-17,81.0,125.0,806.0,119.0,292.0,1750.0,189.0,243.0,234.0,7.0,3125.0,475.0,36.0,49.0,10593.0,2168.0,338.0,809.0,248.0,1585.0,17.0,98.0,177.0,65.0,1955.0,757.0,807.0,1679.0,290.0,137.0,13814.0,389.0,4675.0,187.0,22.0,300.0,0.0,665.0,5.0,117.0,5905.0,0.0,62.0,499.0,8378.0,3584.0
2020-09-18,0.0,153.0,874.0,117.0,320.0,1709.0,86.0,231.0,212.0,15.0,2108.0,416.0,61.0,59.0,13215.0,1391.0,240.0,1070.0,267.0,1907.0,10.0,86.0,85.0,32.0,1892.0,1002.0,865.0,1527.0,131.0,114.0,16740.0,437.0,4973.0,196.0,74.0,335.0,1.0,688.0,1.0,94.0,6065.0,0.0,83.0,445.0,8501.0,3228.0
2020-09-19,0.0,159.0,667.0,148.0,212.0,894.0,44.0,213.0,197.0,20.0,2045.0,408.0,49.0,64.0,13498.0,690.0,164.0,876.0,395.0,1638.0,1.0,46.0,103.0,45.0,1844.0,910.0,504.0,1333.0,79.0,111.0,8332.0,279.0,4889.0,193.0,39.0,107.0,1.0,260.0,1.0,58.0,6148.0,0.0,68.0,284.0,8268.0,3240.0
2020-09-20,117.0,150.0,471.0,146.0,92.0,461.0,151.0,224.0,70.0,3.0,984.0,535.0,17.0,58.0,10569.0,1657.0,453.0,633.0,188.0,1587.0,34.0,31.0,10.0,38.0,2211.0,748.0,469.0,1231.0,175.0,50.0,5865.0,133.0,5340.0,218.0,32.0,87.0,1.0,200.0,2.0,77.0,6196.0,0.0,30.0,200.0,8249.0,2966.0
2020-09-21,0.0,131.0,582.0,92.0,216.0,2202.0,109.0,206.0,144.0,15.0,1477.0,587.0,35.0,66.0,5298.0,1815.0,333.0,951.0,323.0,1350.0,12.0,132.0,99.0,42.0,2237.0,711.0,634.0,808.0,338.0,88.0,8038.0,266.0,5627.0,227.0,37.0,440.0,1.0,650.0,2.0,163.0,6215.0,0.0,61.0,395.0,8473.0,2675.0
2020-09-22,72.0,121.0,719.0,98.0,344.0,2074.0,160.0,253.0,204.0,36.0,2387.0,651.0,57.0,149.0,10008.0,2214.0,358.0,750.0,231.0,1392.0,22.0,135.0,74.0,42.0,2334.0,974.0,757.0,1059.0,360.0,136.0,12825.0,438.0,6441.0,259.0,58.0,307.0,1.0,786.0,2.0,101.0,6431.0,4.0,81.0,426.0,8422.0,2884.0
2020-09-23,0.0,134.0,804.0,146.0,235.0,2096.0,290.0,294.0,232.0,9.0,2305.0,598.0,45.0,93.0,13072.0,2394.0,341.0,927.0,319.0,1640.0,31.0,85.0,67.0,31.0,2536.0,1136.0,713.0,1767.0,419.0,122.0,12779.0,553.0,7096.0,265.0,36.0,292.0,0.0,721.0,6.0,143.0,6595.0,0.0,83.0,389.0,8497.0,3497.0
2020-09-24,83.0,124.0,658.0,162.0,248.0,1795.0,255.0,306.0,223.0,8.0,2906.0,488.0,41.0,91.0,16096.0,2334.0,286.0,950.0,321.0,1786.0,29.0,150.0,76.0,29.0,2764.0,1587.0,845.0,1639.0,552.0,191.0,12671.0,540.0,7682.0,296.0,47.0,301.0,1.0,713.0,3.0,133.0,7212.0,0.0,75.0,310.0,8451.0,3372.0
2020-09-25,0.0,108.0,762.0,101.0,235.0,1623.0,169.0,332.0,212.0,13.0,2945.0,393.0,47.0,105.0,15797.0,1785.0,315.0,937.0,245.0,1912.0,22.0,131.0,83.0,21.0,2700.0,1584.0,844.0,1629.0,478.0,184.0,13550.0,630.0,7318.0,294.0,39.0,293.0,1.0,868.0,2.0,130.0,7523.0,0.0,74.0,359.0,8395.0,3565.0
2020-09-26,0.0,106.0,591.0,108.0,122.0,1078.0,58.0,320.0,190.0,12.0,1981.0,357.0,35.0,93.0,14412.0,874.0,216.0,702.0,430.0,1869.0,21.0,53.0,46.0,27.0,2976.0,1350.0,537.0,1552.0,265.0,169.0,7660.0,325.0,6810.0,298.0,22.0,90.0,0.0,341.0,0.0,63.0,7867.0,0.0,72.0,223.0,8241.0,3833.0
2020-09-27,130.0,132.0,546.0,128.0,80.0,559.0,216.0,337.0,48.0,17.0,1305.0,481.0,67.0,105.0,11123.0,1834.0,263.0,851.0,387.0,1766.0,32.0,69.0,14.0,29.0,2901.0,1306.0,465.0,1438.0,231.0,28.0,5046.0,167.0,7023.0,314.0,43.0,68.0,0.0,319.0,2.0,54.0,8135.0,3.0,30.0,120.0,8197.0,3130.0
2020-09-28,0.0,127.0,738.0,38.0,225.0,2791.0,276.0,314.0,135.0,30.0,1284.0,449.0,48.0,61.0,4070.0,2164.0,416.0,894.0,363.0,1494.0,95.0,145.0,55.0,23.0,3004.0,1326.0,650.0,1271.0,567.0,99.0,7056.0,378.0,9983.0,326.0,32.0,374.0,1.0,835.0,2.0,124.0,8232.0,0.0,65.0,369.0,8142.0,2671.0
2020-09-29,84.0,131.0,759.0,58.0,243.0,3008.0,286.0,371.0,213.0,12.0,1962.0,434.0,56.0,149.0,8051.0,2737.0,352.0,848.0,415.0,1648.0,44.0,142.0,78.0,37.0,3286.0,1552.0,800.0,1470.0,797.0,203.0,11369.0,613.0,10366.0,448.0,33.0,250.0,0.0,1013.0,4.0,110.0,8481.0,1.0,72.0,449.0,8157.0,3627.0
2020-09-30,0.0,157.0,854.0,110.0,280.0,3274.0,263.0,388.0,234.0,17.0,2925.0,427.0,80.0,100.0,12845.0,2928.0,411.0,1322.0,442.0,1851.0,77.0,133.0,86.0,44.0,3253.0,1967.0,767.0,2158.0,679.0,175.0,11221.0,689.0,12717.0,453.0,40.0,299.0,1.0,1022.0,1.0,120.0,8945.0,0.0,111.0,540.0,8121.0,4027.0
2020-10-01,60.0,159.0,790.0,80.0,226.0,3423.0,240.0,402.0,333.0,17.0,3503.0,366.0,57.0,111.0,13970.0,2925.0,460.0,1086.0,466.0,2548.0,74.0,121.0,123.0,65.0,3804.0,2292.0,787.0,2086.0,704.0,238.0,11093.0,633.0,13357.0,471.0,41.0,228.0,1.0,952.0,2.0,131.0,9412.0,0.0,73.0,602.0,8137.0,4069.0
2020-10-02,0.0,152.0,1014.0,144.0,262.0,3752.0,182.0,431.0,241.0,22.0,3795.0,338.0,69.0,141.0,12148.0,2196.0,267.0,858.0,605.0,2499.0,67.0,127.0,88.0,66.0,3935.0,2367.0,992.0,2343.0,818.0,227.0,12410.0,712.0,13854.0,554.0,62.0,264.0,3.0,872.0,1.0,134.0,9859.0,0.0,107.0,677.0,8172.0,4633.0
2020-10-03,0.0,149.0,719.0,108.0,68.0,1728.0,69.0,443.0,258.0,13.0,2554.0,306.0,30.0,147.0,16972.0,1155.0,229.0,905.0,364.0,2844.0,40.0,100.0,93.0,57.0,3983.0,0.0,787.0,2064.0,353.0,168.0,6893.0,461.0,11667.0,578.0,49.0,96.0,3.0,691.0,0.0,110.0,10499.0,0.0,59.0,512.0,8232.0,4661.0
2020-10-04,260.0,144.0,738.0,130.0,144.0,1047.0,283.0,401.0,138.0,23.0,1841.0,427.0,10.0,147.0,12565.0,2413.0,300.0,818.0,517.0,2578.0,68.0,82.0,26.0,47.0,4555.0,3940.0,611.0,1835.0,320.0,76.0,5144.0,156.0,11953.0,549.0,65.0,67.0,1.0,322.0,1.0,89.0,10888.0,1.0,51.0,312.0,8159.0,4140.0
2020-10-05,0.0,158.0,927.0,97.0,261.0,5313.0,436.0,394.0,287.0,29.0,3117.0,426.0,42.0,164.0,5084.0,3591.0,399.0,816.0,424.0,2257.0,67.0,172.0,54.0,68.0,4519.0,2236.0,478.0,1591.0,877.0,190.0,8918.0,374.0,16753.0,508.0,100.0,328.0,3.0,831.0,1.0,209.0,11615.0,0.0,120.0,1019.0,8333.0,3774.0
2020-10-06,198.0,162.0,1076.0,143.0,365.0,5758.0,437.0,415.0,363.0,21.0,4458.0,452.0,25.0,227.0,10489.0,4495.0,406.0,932.0,611.0,2677.0,109.0,119.0,143.0,64.0,4972.0,3003.0,922.0,2121.0,1037.0,356.0,12251.0,786.0,17250.0,472.0,87.0,358.0,1.0,1062.0,3.0,198.0,11115.0,1.0,121.0,1098.0,8241.0,4348.0
2020-10-07,0.0,169.0,1274.0,182.0,453.0,6904.0,516.0,477.0,542.0,21.0,5336.0,422.0,76.0,120.0,18746.0,4664.0,434.0,1176.0,502.0,3678.0,137.0,211.0,97.0,75.0,5783.0,4280.0,1042.0,2958.0,1184.0,387.0,12446.0,831.0,18573.0,527.0,101.0,348.0,3.0,1121.0,2.0,199.0,11493.0,0.0,151.0,1377.0,8311.0,4753.0
2020-10-08,128.0,167.0,1109.0,191.0,389.0,6679.0,612.0,489.0,457.0,33.0,5394.0,411.0,49.0,296.0,18129.0,5063.0,391.0,1374.0,617.0,4458.0,89.0,188.0,140.0,100.0,5960.0,4739.0,1424.0,3130.0,1887.0,365.0,13877.0,834.0,18425.0,519.0,105.0,335.0,3.0,918.0,4.0,168.0,12126.0,14.0,173.0,1473.0,8345.0,5397.0
2020-10-09,0.0,165.0,1260.0,215.0,428.0,7952.0,448.0,552.0,486.0,35.0,8618.0,281.0,37.0,235.0,20339.0,3629.0,306.0,1068.0,1011.0,5372.0,74.0,157.0,154.0,95.0,6478.0,5300.0,1561.0,3186.0,1054.0,380.0,14802.0,783.0,15893.0,523.0,96.0,352.0,6.0,929.0,0.0,141.0,12846.0,0.0,168.0,1723.0,8359.0,5804.0
2020-10-10,0.0,168.0,1014.0,233.0,302.0,4370.0,83.0,511.0,508.0,0.0,4637.0,256.0,19.0,269.0,26896.0,2272.0,280.0,913.0,817.0,5724.0,95.0,123.0,206.0,68.0,6342.0,4178.0,960.0,3517.0,504.0,411.0,8742.0,509.0,12648.0,478.0,61.0,108.0,5.0,389.0,1.0,65.0,13634.0,0.0,102.0,1252.0,8379.0,5728.0
2020-10-11,299.0,171.0,832.0,230.0,190.0,2439.0,587.0,464.0,181.0,61.0,3104.0,457.0,18.0,149.0,16101.0,4189.0,294.0,1285.0,820.0,5456.0,75.0,108.0,9.0,93.0,6803.0,4394.0,1121.0,2880.0,531.0,580.0,6771.0,161.0,12202.0,569.0,53.0,74.0,0.0,467.0,2.0,78.0,13592.0,0.0,67.0,811.0,8232.0,4768.0
2020-10-12,0.0,182.0,1141.0,122.0,336.0,9872.0,785.0,526.0,372.0,0.0,4307.0,425.0,25.0,214.0,8505.0,5369.0,408.0,920.0,808.0,4619.0,102.0,244.0,109.0,111.0,7332.0,5068.0,1404.0,2069.0,1410.0,399.0,6339.0,637.0,19671.0,680.0,85.0,404.0,14.0,657.0,5.0,167.0,13868.0,6.0,152.0,2558.0,8344.0,4420.0
2020-10-13,195.0,203.0,1321.0,277.0,482.0,12779.0,819.0,597.0,748.0,83.0,8324.0,469.0,39.0,287.0,12993.0,7248.0,435.0,950.0,1084.0,5901.0,114.0,245.0,190.0,112.0,7251.0,6526.0,1937.0,3109.0,1929.0,707.0,12421.0,916.0,19116.0,919.0,90.0,269.0,13.0,1149.0,7.0,155.0,14231.0,0.0,245.0,2688.0,8362.0,5133.0
2020-10-14,0.0,257.0,1436.0,369.0,569.0,12533.0,914.0,613.0,793.0,51.0,9544.0,449.0,33.0,204.0,22591.0,7904.0,452.0,1293.0,1186.0,7332.0,148.0,279.0,214.0,122.0,7777.0,8099.0,2024.0,4016.0,2075.0,746.0,16426.0,968.0,19920.0,887.0,97.0,274.0,8.0,652.0,5.0,162.0,13754.0,9.0,203.0,2998.0,8401.0,5590.0
2020-10-15,187.0,289.0,1521.0,530.0,621.0,12027.0,998.0,658.0,1131.0,198.0,9724.0,464.0,37.0,241.0,30621.0,7979.0,503.0,1791.0,998.0,8804.0,188.0,287.0,227.0,204.0,7950.0,7705.0,2266.0,4013.0,1968.0,834.0,17529.0,902.0,18607.0,958.0,68.0,258.0,17.0,784.0,2.0,141.0,15150.0,3.0,265.0,3394.0,8423.0,5062.0
2020-10-16,0.0,273.0,1795.0,509.0,712.0,13738.0,603.0,671.0,1096.0,0.0,11104.0,431.0,35.0,189.0,25086.0,5687.0,482.0,1474.0,1251.0,10010.0,58.0,280.0,186.0,142.0,8105.0,9622.0,2035.0,4026.0,1567.0,898.0,18315.0,1179.0,17915.0,1192.0,72.0,301.0,19.0,792.0,5.0,137.0,14922.0,0.0,227.0,3680.0,8542.0,5992.0
2020-10-17,0.0,281.0,1485.0,528.0,559.0,8124.0,395.0,635.0,819.0,265.0,8713.0,451.0,26.0,160.0,32427.0,3678.0,438.0,1478.0,1284.0,10925.0,44.0,210.0,242.0,109.0,8148.0,8536.0,1700.0,3952.0,860.0,728.0,11953.0,697.0,14882.0,1186.0,56.0,153.0,6.0,398.0,5.0,88.0,15099.0,0.0,214.0,2379.0,8453.0,6410.0
2020-10-18,246.0,295.0,1198.0,647.0,545.0,4339.0,1024.0,592.0,393.0,43.0,5059.0,687.0,7.0,131.0,29837.0,6489.0,432.0,989.0,1031.0,11705.0,115.0,210.0,112.0,134.0,7986.0,7482.0,1603.0,3920.0,705.0,537.0,8241.0,321.0,14311.0,1194.0,61.0,130.0,2.0,252.0,3.0,93.0,15982.0,5.0,122.0,1784.0,8545.0,5231.0
2020-10-19,0.0,301.0,1647.0,331.0,728.0,15824.0,1336.0,619.0,890.0,152.0,8078.0,780.0,42.0,131.0,13243.0,9454.0,667.0,1423.0,1263.0,9338.0,188.0,463.0,244.0,155.0,8144.0,9291.0,1995.0,2466.0,2202.0,794.0,15719.0,771.0,25872.0,1351.0,70.0,363.0,30.0,656.0,3.0,219.0,16319.0,5.0,326.0,5398.0,8756.0,4766.0
2020-10-20,188.0,297.0,1978.0,584.0,926.0,19600.0,1472.0,733.0,1424.0,127.0,11985.0,847.0,45.0,294.0,20468.0,12409.0,865.0,2032.0,1166.0,10874.0,161.0,471.0,478.0,111.0,8715.0,10040.0,2390.0,3400.0,1728.0,1505.0,20942.0,1289.0,25613.0,1595.0,45.0,322.0,31.0,833.0,2.0,183.0,15700.0,2.0,512.0,5678.0,8624.0,5469.0
2020-10-21,0.0,302.0,2654.0,714.0,999.0,17628.0,1595.0,738.0,1563.0,188.0,14971.0,866.0,75.0,222.0,26676.0,13931.0,882.0,2066.0,1066.0,15199.0,250.0,468.0,596.0,121.0,9251.0,12107.0,2902.0,4848.0,2581.0,1664.0,23244.0,1571.0,25714.0,1759.0,49.0,365.0,37.0,777.0,8.0,221.0,15971.0,6.0,416.0,6456.0,8743.0,6719.0
2020-10-22,227.0,306.0,3232.0,825.0,1179.0,17715.0,1589.0,787.0,1867.0,160.0,14158.0,860.0,53.0,184.0,41622.0,14039.0,841.0,1820.0,1851.0,16079.0,259.0,550.0,515.0,115.0,9972.0,13632.0,2702.0,5028.0,2890.0,1656.0,23843.0,1666.0,23475.0,1941.0,36.0,329.0,26.0,688.0,14.0,285.0,17340.0,17.0,579.0,6772.0,8832.0,7053.0
2020-10-23,0.0,302.0,3343.0,803.0,1265.0,18863.0,1043.0,0.0,2242.0,130.0,15248.0,819.0,52.0,219.0,42032.0,11098.0,935.0,3149.0,847.0,19143.0,211.0,591.0,862.0,125.0,8642.0,13628.0,3241.0,-5028.0,3042.0,1961.0,25030.0,1867.0,21694.0,1928.0,77.0,315.0,23.0,833.0,1.0,368.0,16521.0,25.0,757.0,7502.0,8895.0,7517.0
2020-10-24,0.0,299.0,2971.0,792.0,1135.0,11552.0,327.0,1656.0,2421.0,101.0,12473.0,916.0,58.0,178.0,45422.0,7452.0,790.0,2316.0,1020.0,19644.0,79.0,621.0,491.0,80.0,10168.0,11742.0,2216.0,9789.0,1312.0,1675.0,15442.0,1477.0,16434.0,1872.0,60.0,166.0,37.0,414.0,10.0,231.0,16710.0,0.0,614.0,4662.0,8821.0,7014.0
2020-10-25,287.0,288.0,2474.0,946.0,703.0,4880.0,2243.0,884.0,828.0,91.0,7300.0,1005.0,17.0,196.0,52010.0,12025.0,714.0,2079.0,939.0,21273.0,136.0,446.0,195.0,107.0,10303.0,10241.0,2051.0,3855.0,901.0,1115.0,11256.0,514.0,15896.0,1824.0,64.0,152.0,23.0,308.0,4.0,202.0,17347.0,13.0,341.0,3210.0,8747.0,6088.0
2020-10-26,85.0,284.0,2781.0,527.0,1555.0,19845.0,2569.0,902.0,1413.0,181.0,10275.0,1241.0,37.0,122.0,26771.0,15941.0,1256.0,2291.0,700.0,17012.0,251.0,1013.0,485.0,75.0,10266.0,16300.0,3028.0,2844.0,2887.0,1500.0,20012.0,1069.0,26807.0,1731.0,67.0,422.0,27.0,649.0,10.0,487.0,16550.0,31.0,1053.0,10127.0,8928.0,5426.0
2020-10-27,107.0,311.0,4373.0,663.0,1586.0,22191.0,2760.0,936.0,2378.0,0.0,15667.0,1203.0,126.0,0.0,33417.0,19248.0,1547.0,2194.0,667.0,21994.0,251.0,814.0,774.0,106.0,8077.0,18820.0,3465.0,4724.0,2785.0,2605.0,24346.0,2414.0,24350.0,1709.0,102.0,442.0,23.0,861.0,17.0,391.0,16202.0,20.0,1328.0,9745.0,8939.0,6677.0
2020-10-28,50.0,275.0,4468.0,988.0,1902.0,17982.0,2689.0,984.0,2776.0,234.0,12977.0,1012.0,80.0,408.0,36437.0,19849.0,1211.0,3286.0,863.0,24991.0,284.0,1055.0,697.0,76.0,10245.0,20156.0,3926.0,5343.0,3363.0,2488.0,24631.0,3389.0,23901.0,1696.0,42.0,587.0,36.0,912.0,10.0,515.0,17717.0,26.0,1384.0,9279.0,9035.0,7474.0
2020-10-29,98.0,319.0,5047.0,1015.0,1498.0,15074.0,2891.0,970.0,2772.0,166.0,13050.0,1081.0,95.0,188.0,47637.0,19406.0,1686.0,3908.0,762.0,26831.0,215.0,910.0,777.0,100.0,11066.0,23629.0,4103.0,6481.0,2573.0,1798.0,24194.0,3262.0,23614.0,1673.0,78.0,633.0,27.0,968.0,8.0,431.0,18283.0,29.0,1545.0,8974.0,9049.0,7342.0
2020-10-30,91.0,241.0,5716.0,1022.0,1953.0,15388.0,1803.0,1960.0,2769.0,149.0,13605.0,976.0,133.0,344.0,49215.0,13998.0,2055.0,3878.0,397.0,31084.0,242.0,1180.0,808.0,140.0,9771.0,23897.0,3729.0,6546.0,2282.0,1797.0,24952.0,4056.0,22890.0,1791.0,60.0,681.0,29.0,839.0,4.0,617.0,18140.0,0.0,1817.0,8943.0,9052.0,8312.0
2020-10-31,69.0,327.0,4790.0,1095.0,1415.0,6309.0,1225.0,0.0,2179.0,197.0,11428.0,954.0,81.0,203.0,35641.0,10523.0,1678.0,3581.0,546.0,31758.0,132.0,619.0,847.0,218.0,8679.0,19171.0,2789.0,5753.0,1883.0,1341.0,16049.0,2987.0,16673.0,1852.0,28.0,483.0,25.0,542.0,7.0,385.0,18665.0,0.0,1449.0,5128.0,8943.0,8752.0
2020-11-01,63.0,321.0,4476.0,1175.0,764.0,2662.0,2427.0,941.0,1165.0,197.0,6551.0,1271.0,62.0,178.0,46290.0,15253.0,1151.0,3989.0,748.0,29907.0,171.0,748.0,320.0,106.0,8264.0,17578.0,2257.0,5324.0,1727.0,557.0,10979.0,1297.0,15970.0,1943.0,32.0,458.0,22.0,195.0,9.0,323.0,18253.0,0.0,802.0,3627.0,8836.0,7959.0
2020-11-02,22.0,381.0,5190.0,596.0,1553.0,13843.0,4041.0,929.0,1427.0,174.0,9241.0,1256.0,80.0,109.0,52518.0,19355.0,2166.0,4219.0,298.0,22253.0,313.0,759.0,533.0,84.0,7738.0,21364.0,2813.0,4041.0,3216.0,1176.0,15515.0,1569.0,31925.0,2295.0,28.0,701.0,45.0,710.0,22.0,647.0,18652.0,36.0,1878.0,10517.0,9032.0,6754.0
2020-11-03,135.0,396.0,6364.0,1242.0,1776.0,12082.0,4054.0,984.0,2480.0,166.0,12090.0,1241.0,208.0,237.0,36330.0,21203.0,2646.0,3928.0,435.0,28244.0,367.0,1405.0,713.0,174.0,7600.0,26692.0,7614.0,7733.0,1962.0,2027.0,22090.0,3608.0,25943.0,2401.0,33.0,703.0,35.0,1020.0,14.0,683.0,19768.0,13.0,2412.0,9597.0,9073.0,8899.0
2020-11-04,90.0,421.0,7111.0,1227.0,1908.0,9213.0,3754.0,982.0,2848.0,233.0,15726.0,1028.0,131.0,293.0,40558.0,22278.0,2915.0,4709.0,563.0,30550.0,357.0,1435.0,801.0,129.0,6946.0,29143.0,4980.0,8651.0,2354.0,1685.0,24183.0,4482.0,24027.0,2775.0,25.0,822.0,39.0,1059.0,19.0,690.0,19404.0,41.0,2181.0,8712.0,9121.0,9524.0
2020-11-05,0.0,489.0,6953.0,1364.0,1921.0,7644.0,3839.0,1988.0,2890.0,224.0,13237.0,959.0,242.0,189.0,58046.0,21580.0,2447.0,5318.0,492.0,34505.0,404.0,1683.0,658.0,146.0,7226.0,29086.0,4819.0,9714.0,2579.0,1564.0,23604.0,4744.0,24062.0,2859.0,20.0,774.0,39.0,935.0,24.0,602.0,20582.0,58.0,2282.0,7827.0,9041.0,9850.0
2020-11-06,184.0,495.0,8090.0,1465.0,1785.0,6638.0,2301.0,0.0,2399.0,314.0,11546.0,844.0,228.0,266.0,60486.0,15934.0,2555.0,4673.0,317.0,37809.0,215.0,1596.0,674.0,102.0,6616.0,29875.0,4995.0,10260.0,1828.0,1612.0,23552.0,4454.0,23660.0,2901.0,26.0,899.0,22.0,1174.0,25.0,650.0,20396.0,0.0,2677.0,7376.0,9166.0,9721.0
2020-11-07,64.0,501.0,5324.0,1410.0,1211.0,3044.0,675.0,996.0,2543.0,116.0,7721.0,737.0,193.0,0.0,86852.0,10135.0,1889.0,5162.0,539.0,39811.0,92.0,1190.0,570.0,102.0,5656.0,26785.0,3761.0,9937.0,577.0,889.0,14592.0,4451.0,18766.0,2927.0,17.0,656.0,15.0,671.0,3.0,388.0,20498.0,0.0,2112.0,4187.0,9213.0,10746.0
2020-11-08,54.0,525.0,5744.0,1663.0,996.0,1449.0,3816.0,983.0,1529.0,111.0,3611.0,1043.0,125.0,412.0,38619.0,15995.0,1489.0,4140.0,265.0,32616.0,208.0,1060.0,180.0,153.0,4669.0,23713.0,3263.0,6752.0,1051.0,464.0,9842.0,2097.0,20245.0,2970.0,23.0,575.0,22.0,331.0,8.0,385.0,21798.0,18.0,1318.0,2979.0,9246.0,9397.0
2020-11-09,40.0,563.0,6246.0,635.0,1605.0,8613.0,4390.0,1038.0,1467.0,198.0,6048.0,1053.0,128.0,90.0,20155.0,19617.0,2383.0,3945.0,230.0,25271.0,453.0,1569.0,480.0,141.0,4644.0,27454.0,4202.0,3240.0,2058.0,1084.0,16563.0,3725.0,31511.0,2911.0,11.0,810.0,49.0,915.0,22.0,707.0,20977.0,41.0,2823.0,8679.0,9306.0,8687.0
2020-11-10,90.0,507.0,7437.0,1346.0,1541.0,7662.0,3945.0,1057.0,2597.0,165.0,9057.0,1088.0,132.0,220.0,22180.0,22706.0,2751.0,3927.0,358.0,35098.0,533.0,1542.0,789.0,109.0,5383.0,27221.0,4742.0,7304.0,2591.0,2217.0,20620.0,4497.0,27789.0,3120.0,28.0,775.0,35.0,1115.0,12.0,603.0,19851.0,35.0,3536.0,7390.0,9259.0,10179.0
2020-11-11,49.0,410.0,9172.0,1202.0,1728.0,2002.0,3414.0,1098.0,3082.0,185.0,8919.0,1052.0,375.0,238.0,35879.0,23526.0,3316.0,5097.0,385.0,32961.0,455.0,1891.0,699.0,150.0,5618.0,24683.0,5197.0,9799.0,2024.0,1925.0,20033.0,5709.0,27757.0,3473.0,20.0,817.0,23.0,1331.0,8.0,662.0,21608.0,44.0,3341.0,6359.0,9423.0,10611.0
2020-11-12,109.0,490.0,8258.0,1622.0,1332.0,6467.0,4212.0,1167.0,3056.0,207.0,7874.0,1148.0,258.0,197.0,33172.0,21385.0,3038.0,4836.0,467.0,37978.0,395.0,1733.0,711.0,121.0,6067.0,26051.0,5911.0,10142.0,1771.0,1508.0,19201.0,5564.0,24826.0,3504.0,8.0,903.0,21.0,1323.0,8.0,637.0,21983.0,19.0,3499.0,5963.0,9571.0,11057.0
2020-11-13,0.0,532.0,7016.0,1364.0,1275.0,5697.0,2498.0,1248.0,2866.0,198.0,7358.0,1043.0,264.0,316.0,23794.0,15794.0,2835.0,4238.0,427.0,40902.0,316.0,1372.0,612.0,117.0,5897.0,27571.0,5996.0,9489.0,1200.0,1713.0,18442.0,6730.0,24389.0,3020.0,17.0,856.0,25.0,1411.0,5.0,697.0,22702.0,0.0,3822.0,5681.0,9775.0,11787.0
2020-11-14,147.0,597.0,5095.0,1849.0,1056.0,2360.0,816.0,1315.0,2362.0,127.0,4196.0,989.0,224.0,244.0,32095.0,8840.0,1695.0,6495.0,377.0,37255.0,89.0,1100.0,547.0,103.0,5418.0,23854.0,5111.0,9460.0,509.0,920.0,10584.0,3513.0,18223.0,3157.0,11.0,636.0,18.0,507.0,3.0,379.0,22572.0,37.0,3482.0,3204.0,9846.0,12524.0
2020-11-15,42.0,602.0,4613.0,2259.0,733.0,1053.0,3519.0,1263.0,1313.0,107.0,1891.0,1251.0,211.0,213.0,27228.0,14693.0,2198.0,5203.0,453.0,33979.0,278.0,1101.0,164.0,110.0,4842.0,24745.0,3540.0,7096.0,1326.0,501.0,6676.0,1581.0,16232.0,3117.0,12.0,625.0,11.0,564.0,4.0,405.0,22778.0,0.0,2813.0,2315.0,9953.0,10681.0
2020-11-16,37.0,694.0,6074.0,1395.0,1255.0,5830.0,4828.0,1251.0,1945.0,228.0,5426.0,1328.0,187.0,104.0,9406.0,20356.0,2422.0,4290.0,330.0,27354.0,442.0,1982.0,424.0,173.0,4280.0,21152.0,4878.0,4931.0,1311.0,1388.0,12836.0,2544.0,26951.0,3443.0,7.0,950.0,26.0,1069.0,5.0,722.0,22410.0,31.0,4994.0,6578.0,10046.0,9832.0
2020-11-17,67.0,711.0,7522.0,2075.0,1633.0,4824.0,3938.0,1309.0,3251.0,198.0,4246.0,1330.0,271.0,228.0,45522.0,23703.0,3209.0,4512.0,372.0,32191.0,366.0,1662.0,889.0,140.0,4583.0,20406.0,5308.0,8262.0,1665.0,2013.0,15898.0,4458.0,23487.0,3697.0,13.0,964.0,36.0,1607.0,8.0,635.0,20985.0,37.0,5613.0,5416.0,10549.0,11968.0
2020-11-18,48.0,786.0,6434.0,2239.0,1180.0,3681.0,3899.0,1382.0,3164.0,268.0,5514.0,1221.0,411.0,288.0,28383.0,23751.0,3227.0,4440.0,415.0,34282.0,380.0,2316.0,668.0,121.0,5686.0,23975.0,6304.0,10269.0,1818.0,2064.0,14822.0,4961.0,21080.0,3768.0,5.0,949.0,19.0,1442.0,8.0,652.0,23610.0,15.0,6109.0,4854.0,10946.0,12496.0
2020-11-19,76.0,836.0,6605.0,2597.0,1237.0,3007.0,3983.0,1457.0,2958.0,232.0,6470.0,1222.0,361.0,351.0,21150.0,22293.0,2551.0,4397.0,329.0,36176.0,642.0,2096.0,519.0,141.0,5931.0,22464.0,6001.0,10108.0,1861.0,1546.0,13197.0,7609.0,18041.0,3824.0,19.0,976.0,19.0,1422.0,4.0,564.0,24318.0,22.0,6254.0,4490.0,11273.0,13357.0
2020-11-20,65.0,737.0,6466.0,3169.0,1315.0,3075.0,2279.0,1588.0,3573.0,245.0,5809.0,1001.0,300.0,461.0,22882.0,14769.0,2309.0,4320.0,341.0,37242.0,376.0,2179.0,571.0,102.0,6004.0,24213.0,6140.0,9272.0,984.0,1690.0,12666.0,5458.0,17100.0,4048.0,18.0,913.0,16.0,1306.0,4.0,519.0,24822.0,32.0,5774.0,4328.0,11834.0,14575.0
2020-11-21,49.0,565.0,5151.0,2735.0,697.0,1258.0,1123.0,1564.0,3308.0,187.0,3191.0,1009.0,349.0,469.0,17881.0,8819.0,1498.0,3334.0,318.0,34767.0,116.0,1134.0,602.0,80.0,5358.0,17856.0,4714.0,9685.0,231.0,1024.0,7243.0,4492.0,12533.0,3958.0,15.0,760.0,14.0,1252.0,1.0,288.0,24581.0,1.0,4995.0,2573.0,12263.0,14580.0
2020-11-22,48.0,795.0,2437.0,3196.0,547.0,585.0,3146.0,1483.0,1973.0,304.0,1508.0,1187.0,232.0,423.0,13157.0,15074.0,1387.0,3929.0,250.0,28337.0,457.0,1339.0,173.0,133.0,5181.0,10141.0,3573.0,5837.0,1021.0,470.0,4620.0,2422.0,11895.0,3128.0,3.0,698.0,31.0,477.0,1.0,279.0,25173.0,0.0,5067.0,1872.0,12748.0,12079.0
2020-11-23,47.0,744.0,4609.0,2187.0,1186.0,3944.0,4382.0,1471.0,2323.0,252.0,4379.0,1326.0,204.0,297.0,4452.0,19408.0,2131.0,3806.0,219.0,22930.0,580.0,2391.0,372.0,116.0,3947.0,10141.0,4100.0,4207.0,1811.0,1302.0,9158.0,3877.0,19024.0,3071.0,15.0,924.0,27.0,1215.0,4.0,610.0,24326.0,26.0,6842.0,5434.0,13444.0,10945.0
2020-11-24,77.0,644.0,5740.0,3646.0,1589.0,2865.0,3712.0,1496.0,3603.0,254.0,5861.0,1313.0,383.0,353.0,9155.0,22046.0,2151.0,6360.0,257.0,23232.0,898.0,2101.0,614.0,152.0,4910.0,15360.0,5292.0,7753.0,1953.0,2226.0,10958.0,5674.0,16677.0,3801.0,8.0,988.0,22.0,1570.0,7.0,415.0,23675.0,38.0,7579.0,4433.0,14112.0,12287.0
2020-11-25,106.0,656.0,5389.0,3469.0,924.0,2669.0,3568.0,1563.0,4009.0,220.0,4929.0,1255.0,413.0,363.0,16282.0,22763.0,2018.0,6393.0,307.0,25853.0,637.0,2377.0,771.0,96.0,4468.0,16846.0,5709.0,9739.0,1849.0,1766.0,10021.0,6066.0,16813.0,4780.0,13.0,974.0,30.0,1691.0,6.0,513.0,25487.0,22.0,7606.0,4293.0,13545.0,13882.0
2020-11-26,76.0,645.0,5018.0,3705.0,1179.0,2412.0,3327.0,1621.0,4080.0,310.0,4050.0,1308.0,370.0,496.0,13563.0,20142.0,1981.0,6268.0,205.0,29003.0,753.0,2123.0,534.0,108.0,5751.0,17059.0,5191.0,9005.0,1527.0,1609.0,9648.0,6903.0,14761.0,4472.0,22.0,1010.0,17.0,1246.0,3.0,477.0,27543.0,40.0,7780.0,3950.0,29132.0,15331.0
2020-11-27,0.0,545.0,4236.0,3712.0,1279.0,2724.0,1792.0,1691.0,3987.0,248.0,4463.0,1151.0,374.0,618.0,12459.0,14940.0,1747.0,6819.0,243.0,28352.0,414.0,1916.0,563.0,143.0,4465.0,15183.0,4584.0,8499.0,1100.0,1583.0,9928.0,6462.0,14555.0,4426.0,23.0,990.0,6.0,1712.0,4.0,447.0,27100.0,32.0,7041.0,4067.0,29845.0,16218.0
2020-11-28,102.0,835.0,3737.0,4212.0,564.0,1001.0,739.0,1684.0,2919.0,152.0,2668.0,1173.0,355.0,541.0,12580.0,8784.0,1193.0,5595.0,299.0,26323.0,100.0,1200.0,564.0,121.0,5565.0,11483.0,4040.0,8134.0,196.0,1106.0,5492.0,3825.0,11086.0,3216.0,17.0,837.0,16.0,1165.0,1.0,236.0,26683.0,23.0,6179.0,2310.0,30103.0,16294.0
2020-11-29,33.0,557.0,2390.0,4170.0,627.0,556.0,2814.0,1639.0,1830.0,182.0,1074.0,1531.0,256.0,322.0,9784.0,13294.0,1044.0,3951.0,303.0,20648.0,612.0,1269.0,139.0,102.0,4572.0,5734.0,4476.0,5554.0,1254.0,428.0,3415.0,2753.0,10851.0,3759.0,8.0,757.0,11.0,347.0,1.0,228.0,26338.0,3.0,6224.0,1691.0,29281.0,12978.0
2020-11-30,45.0,832.0,3373.0,2981.0,1184.0,3286.0,3475.0,1572.0,2900.0,318.0,3573.0,1712.0,188.0,283.0,4005.0,19217.0,2199.0,4136.0,254.0,16377.0,690.0,2242.0,451.0,126.0,4038.0,9066.0,3251.0,3826.0,2043.0,1292.0,7441.0,3480.0,18197.0,4033.0,21.0,1002.0,33.0,1499.0,7.0,448.0,26402.0,38.0,7999.0,5267.0,31219.0,9946.0
2020-12-01,52.0,705.0,3937.0,4426.0,1293.0,2682.0,3138.0,1689.0,3539.0,292.0,5181.0,1876.0,524.0,550.0,8083.0,23202.0,2185.0,6635.0,268.0,19350.0,930.0,2621.0,674.0,96.0,4908.0,13870.0,2976.0,4272.0,1982.0,2635.0,9515.0,5819.0,16684.0,4260.0,17.0,777.0,24.0,1717.0,5.0,362.0,25345.0,37.0,7919.0,4252.0,30110.0,12498.0
2020-12-02,62.0,782.0,3568.0,3942.0,1161.0,2598.0,3280.0,1701.0,4534.0,348.0,4561.0,1906.0,450.0,420.0,14064.0,24421.0,1882.0,6212.0,162.0,20709.0,686.0,2451.0,624.0,123.0,5594.0,14838.0,4055.0,4916.0,2184.0,1774.0,8916.0,6547.0,16676.0,5068.0,15.0,1044.0,15.0,1727.0,9.0,420.0,28145.0,27.0,7802.0,4423.0,31923.0,13141.0
2020-12-03,51.0,801.0,3655.0,4189.0,1254.0,2361.0,3614.0,1774.0,3955.0,290.0,4624.0,2017.0,470.0,540.0,12696.0,22253.0,1648.0,5525.0,263.0,23225.0,794.0,2870.0,651.0,103.0,5891.0,13230.0,4652.0,7661.0,2070.0,1795.0,8165.0,6986.0,15860.0,5450.0,14.0,992.0,17.0,1522.0,0.0,400.0,27403.0,42.0,7782.0,4319.0,32381.0,14496.0
2020-12-04,50.0,846.0,3591.0,4267.0,975.0,2549.0,2037.0,1896.0,4084.0,369.0,4747.0,1715.0,562.0,336.0,11221.0,15727.0,1383.0,6697.0,457.0,24099.0,526.0,2308.0,712.0,97.0,6529.0,12430.0,5040.0,8062.0,1269.0,1636.0,8436.0,7338.0,15834.0,4321.0,14.0,966.0,17.0,1728.0,7.0,382.0,28782.0,33.0,6903.0,4559.0,32736.0,15131.0
2020-12-05,45.0,840.0,2865.0,4323.0,739.0,1094.0,577.0,1878.0,2899.0,270.0,3313.0,1976.0,479.0,460.0,12923.0,10234.0,903.0,3870.0,298.0,21052.0,207.0,1425.0,531.0,139.0,6761.0,9175.0,3762.0,8072.0,552.0,1021.0,4966.0,4864.0,12893.0,2501.0,9.0,745.0,13.0,1078.0,1.0,252.0,29039.0,0.0,5809.0,2518.0,31896.0,13825.0
2020-12-06,34.0,695.0,2067.0,4356.0,437.0,596.0,2764.0,1796.0,1886.0,416.0,1112.0,2750.0,249.0,413.0,11022.0,16465.0,1250.0,2219.0,222.0,18887.0,584.0,1376.0,151.0,40.0,7094.0,4424.0,2763.0,5231.0,1949.0,480.0,3279.0,1803.0,13731.0,4673.0,9.0,688.0,4.0,860.0,3.0,262.0,28142.0,11.0,6557.0,1939.0,30402.0,11590.0
2020-12-07,43.0,753.0,2512.0,3086.0,1077.0,3347.0,3980.0,1649.0,2613.0,419.0,4252.0,3123.0,287.0,250.0,3411.0,22799.0,1324.0,3221.0,214.0,13720.0,712.0,3291.0,386.0,79.0,6119.0,8315.0,3705.0,3660.0,2564.0,1645.0,5242.0,3782.0,21585.0,4734.0,11.0,944.0,23.0,1709.0,7.0,500.0,26097.0,32.0,7818.0,5827.0,32137.0,8641.0
2020-12-08,35.0,752.0,2631.0,4387.0,1296.0,2710.0,3328.0,1851.0,4520.0,363.0,5856.0,3188.0,544.0,361.0,13713.0,27633.0,1675.0,5415.0,218.0,14842.0,890.0,3264.0,725.0,106.0,6544.0,12164.0,3670.0,7439.0,3125.0,2160.0,4051.0,7446.0,21065.0,4570.0,13.0,936.0,16.0,1766.0,7.0,392.0,26190.0,2.0,7804.0,4669.0,33198.0,10811.0
2020-12-09,28.0,873.0,2480.0,4403.0,1286.0,2749.0,3075.0,1939.0,4620.0,403.0,6417.0,3281.0,545.0,490.0,14595.0,29042.0,1533.0,6197.0,303.0,12756.0,680.0,3029.0,659.0,96.0,8709.0,13747.0,3523.0,7365.0,2166.0,1847.0,8440.0,8398.0,21909.0,4146.0,5.0,973.0,21.0,1715.0,2.0,453.0,27927.0,34.0,7393.0,5240.0,31712.0,12585.0
2020-12-10,46.0,802.0,3090.0,4219.0,940.0,2668.0,3097.0,1967.0,4396.0,424.0,5879.0,3293.0,359.0,840.0,13750.0,27250.0,1395.0,5047.0,304.0,16999.0,660.0,3758.0,505.0,121.0,8837.0,13105.0,4788.0,7067.0,3707.0,1813.0,10777.0,6693.0,22916.0,3907.0,18.0,927.0,23.0,1579.0,2.0,435.0,28585.0,40.0,6534.0,4637.0,30424.0,13371.0
2020-12-11,52.0,879.0,2835.0,4381.0,763.0,2885.0,1287.0,1975.0,4135.0,324.0,6210.0,3088.0,759.0,501.0,13406.0,20606.0,1194.0,4153.0,249.0,18727.0,629.0,2908.0,516.0,52.0,9122.0,11498.0,4512.0,6460.0,2190.0,1744.0,11339.0,7717.0,24390.0,2720.0,8.0,956.0,30.0,1459.0,9.0,403.0,28137.0,24.0,5679.0,4678.0,32106.0,13514.0
2020-12-12,50.0,788.0,2637.0,4268.0,811.0,1581.0,497.0,1961.0,3363.0,301.0,3655.0,3166.0,342.0,377.0,13947.0,12498.0,692.0,3470.0,429.0,19903.0,210.0,1380.0,446.0,101.0,9877.0,8978.0,3782.0,6333.0,505.0,830.0,6598.0,6538.0,19588.0,1337.0,10.0,764.0,27.0,795.0,0.0,256.0,28080.0,15.0,4995.0,2864.0,29136.0,12811.0
2020-12-13,44.0,661.0,2506.0,4451.0,344.0,735.0,2095.0,1853.0,1472.0,349.0,1998.0,3985.0,330.0,360.0,11533.0,19073.0,639.0,1893.0,264.0,17938.0,587.0,2083.0,182.0,49.0,8461.0,4858.0,2110.0,4435.0,2034.0,413.0,4247.0,3057.0,22266.0,3837.0,6.0,683.0,31.0,735.0,4.0,285.0,27328.0,35.0,4932.0,2086.0,26919.0,9176.0
2020-12-14,32.0,809.0,2741.0,3112.0,869.0,3805.0,2743.0,1911.0,2360.0,339.0,5179.0,4290.0,298.0,300.0,3063.0,26929.0,1199.0,2804.0,327.0,12030.0,1023.0,3397.0,348.0,112.0,6630.0,6908.0,3286.0,3252.0,3565.0,1542.0,9920.0,3534.0,35197.0,3487.0,6.0,930.0,32.0,1403.0,6.0,544.0,26689.0,43.0,5884.0,5915.0,29617.0,6451.0
2020-12-15,32.0,637.0,2758.0,4273.0,902.0,3200.0,1959.0,1838.0,3327.0,401.0,7915.0,4387.0,589.0,349.0,11532.0,31354.0,1185.0,2982.0,421.0,14844.0,1040.0,3451.0,595.0,60.0,11166.0,12447.0,4739.0,6171.0,3045.0,2125.0,12193.0,7001.0,34378.0,2981.0,8.0,947.0,40.0,1673.0,7.0,440.0,26509.0,0.0,5353.0,5166.0,32102.0,8416.0
2020-12-16,20.0,787.0,2389.0,4077.0,855.0,2753.0,2042.0,1834.0,3918.0,457.0,8265.0,3611.0,734.0,411.0,17615.0,31951.0,1153.0,4428.0,481.0,17572.0,892.0,3544.0,434.0,94.0,12778.0,11953.0,4403.0,5991.0,3991.0,1654.0,11772.0,8824.0,35427.0,2635.0,11.0,714.0,35.0,1590.0,15.0,450.0,28214.0,24.0,5129.0,4818.0,29718.0,10622.0
2020-12-17,53.0,580.0,1949.0,4124.0,794.0,2733.0,1739.0,1917.0,3272.0,410.0,7620.0,3130.0,657.0,358.0,18254.0,29758.0,874.0,4045.0,576.0,18236.0,870.0,3968.0,449.0,52.0,11956.0,10992.0,4396.0,5697.0,3151.0,1512.0,10992.0,9640.0,34438.0,2904.0,15.0,741.0,36.0,1441.0,15.0,431.0,28552.0,58.0,4910.0,4386.0,27515.0,12047.0
2020-12-18,41.0,538.0,2151.0,3962.0,643.0,2729.0,1002.0,1931.0,2752.0,419.0,8860.0,2754.0,564.0,354.0,15674.0,21693.0,901.0,2967.0,522.0,17992.0,643.0,2914.0,338.0,93.0,12224.0,11261.0,4090.0,5340.0,2061.0,1427.0,12222.0,7917.0,36419.0,1731.0,18.0,677.0,48.0,1218.0,8.0,475.0,28209.0,28.0,3888.0,4343.0,26410.0,12630.0
2020-12-19,17.0,461.0,1504.0,3705.0,482.0,1429.0,166.0,1944.0,1975.0,242.0,5366.0,2453.0,580.0,271.0,17565.0,13902.0,587.0,2141.0,766.0,16308.0,395.0,1757.0,424.0,88.0,12997.0,8593.0,3102.0,5158.0,1219.0,884.0,6938.0,5509.0,25590.0,824.0,22.0,681.0,32.0,629.0,5.0,309.0,28948.0,0.0,3534.0,2677.0,22195.0,11742.0
2020-12-20,25.0,422.0,1353.0,2961.0,216.0,635.0,1277.0,1893.0,766.0,286.0,3426.0,3099.0,284.0,309.0,12799.0,20298.0,525.0,1238.0,725.0,15104.0,1004.0,2310.0,91.0,108.0,11156.0,4633.0,2179.0,3350.0,2663.0,428.0,4385.0,3752.0,33066.0,3064.0,9.0,929.0,20.0,703.0,14.0,299.0,29350.0,41.0,3685.0,1955.0,20316.0,8325.0
2020-12-21,31.0,389.0,2096.0,1505.0,674.0,3308.0,1799.0,1858.0,1595.0,402.0,7985.0,2867.0,565.0,252.0,5797.0,28979.0,833.0,1894.0,961.0,10872.0,1145.0,3878.0,227.0,82.0,9822.0,7190.0,3126.0,2489.0,3687.0,1504.0,11020.0,5160.0,48192.0,2345.0,13.0,924.0,42.0,1021.0,14.0,621.0,28776.0,30.0,4080.0,5623.0,19103.0,6545.0
2020-12-22,36.0,503.0,2541.0,2284.0,674.0,2589.0,1615.0,1922.0,2763.0,477.0,10974.0,3075.0,665.0,303.0,11795.0,33969.0,935.0,3292.0,927.0,13318.0,1270.0,3655.0,399.0,70.0,10390.0,12363.0,4442.0,5009.0,2657.0,2129.0,13436.0,6595.0,46475.0,1972.0,19.0,910.0,59.0,1282.0,11.0,560.0,27250.0,25.0,4426.0,4606.0,19256.0,8513.0
2020-12-23,30.0,510.0,2843.0,2334.0,728.0,2356.0,772.0,1917.0,2233.0,433.0,14191.0,1472.0,696.0,367.0,14929.0,21143.0,870.0,2610.0,918.0,14522.0,666.0,2976.0,262.0,50.0,11494.0,9077.0,4064.0,5459.0,4046.0,2040.0,14537.0,11376.0,42936.0,1881.0,24.0,890.0,50.0,1222.0,16.0,587.0,29935.0,33.0,4091.0,4475.0,19650.0,10136.0
2020-12-24,57.0,553.0,1802.0,1850.0,593.0,1719.0,257.0,1893.0,1643.0,50.0,4389.0,1586.0,574.0,363.0,21634.0,13148.0,617.0,1198.0,1025.0,18040.0,399.0,1773.0,253.0,129.0,11495.0,5048.0,3585.0,4310.0,1041.0,1783.0,9996.0,5036.0,32392.0,1784.0,4.0,913.0,34.0,815.0,6.0,292.0,29018.0,12.0,3823.0,3048.0,18102.0,11490.0
2020-12-25,50.0,375.0,1283.0,1703.0,439.0,492.0,469.0,1916.0,350.0,25.0,2680.0,2684.0,448.0,201.0,20262.0,11543.0,262.0,698.0,1296.0,19037.0,511.0,1824.0,52.0,84.0,9815.0,3678.0,1281.0,3812.0,874.0,365.0,4820.0,2793.0,14419.0,1097.0,1.0,926.0,29.0,746.0,8.0,293.0,29258.0,0.0,3200.0,1721.0,17543.0,11035.0
2020-12-26,15.0,499.0,1157.0,1428.0,361.0,1098.0,332.0,1825.0,618.0,266.0,3048.0,2184.0,364.0,173.0,3093.0,9808.0,342.0,609.0,735.0,10431.0,508.0,1580.0,54.0,101.0,9005.0,3211.0,1718.0,1387.0,569.0,614.0,6433.0,2966.0,41110.0,538.0,14.0,760.0,23.0,359.0,2.0,466.0,28284.0,57.0,2693.0,2357.0,15118.0,7709.0
2020-12-27,54.0,318.0,1696.0,1519.0,220.0,530.0,337.0,1841.0,316.0,751.0,3803.0,3062.0,418.0,156.0,8822.0,15738.0,475.0,902.0,765.0,8913.0,838.0,2515.0,16.0,115.0,7398.0,7914.0,1898.0,2049.0,2095.0,517.0,5971.0,3208.0,48520.0,2012.0,5.0,757.0,29.0,569.0,4.0,425.0,27787.0,0.0,2559.0,2116.0,14205.0,6113.0
2020-12-28,44.0,574.0,2107.0,772.0,543.0,2641.0,1438.0,1816.0,1350.0,907.0,11045.0,2475.0,476.0,160.0,2960.0,27563.0,1045.0,1972.0,1545.0,8585.0,1367.0,3478.0,239.0,124.0,7518.0,12955.0,3626.0,2620.0,3041.0,1957.0,15129.0,7091.0,46409.0,1738.0,12.0,896.0,38.0,927.0,24.0,778.0,27002.0,51.0,3136.0,5035.0,15197.0,4385.0
2020-12-29,64.0,581.0,2964.0,1101.0,531.0,2270.0,1729.0,1957.0,1850.0,1031.0,16579.0,2768.0,965.0,283.0,11395.0,31055.0,942.0,2971.0,1720.0,11224.0,1861.0,3259.0,325.0,109.0,9449.0,13397.0,5490.0,4637.0,6315.0,2410.0,18993.0,8872.0,83090.0,1527.0,16.0,888.0,37.0,990.0,26.0,699.0,26513.0,0.0,3236.0,4463.0,15805.0,6988.0
2020-12-30,66.0,589.0,2702.0,1052.0,657.0,1980.0,1046.0,1923.0,2391.0,762.0,17147.0,1227.0,732.0,438.0,26457.0,19592.0,932.0,2764.0,1620.0,16202.0,711.0,2810.0,187.0,135.0,9664.0,11008.0,6588.0,4875.0,4965.0,2412.0,21109.0,10459.0,72161.0,990.0,4.0,870.0,31.0,977.0,22.0,639.0,27747.0,44.0,2932.0,4210.0,15692.0,7986.0
2020-12-31,68.0,407.0,2001.0,1064.0,501.0,1626.0,274.0,1939.0,1170.0,167.0,13348.0,1203.0,418.0,249.0,19927.0,10270.0,597.0,1410.0,1753.0,23477.0,314.0,1243.0,215.0,88.0,8169.0,6945.0,6928.0,4322.0,1736.0,1752.0,15594.0,6999.0,53946.0,342.0,4.0,846.0,24.0,440.0,10.0,434.0,27039.0,35.0,2074.0,3055.0,14380.0,9699.0
2021-01-01,49.0,268.0,1585.0,341.0,202.0,469.0,340.0,1902.0,255.0,627.0,3463.0,2046.0,379.0,296.0,19348.0,10022.0,262.0,1307.0,3394.0,22211.0,568.0,1424.0,21.0,85.0,8588.0,5739.0,2961.0,3938.0,1219.0,388.0,7662.0,2618.0,32482.0,417.0,0.0,721.0,14.0,436.0,16.0,346.0,26301.0,30.0,1907.0,1684.0,12203.0,9432.0
2021-01-02,26.0,447.0,1632.0,421.0,300.0,1051.0,171.0,1837.0,696.0,529.0,5006.0,1670.0,342.0,201.0,3466.0,8834.0,390.0,856.0,4961.0,11831.0,621.0,1190.0,81.0,148.0,7395.0,4432.0,3244.0,1194.0,636.0,725.0,10530.0,2530.0,61654.0,594.0,16.0,683.0,23.0,179.0,6.0,526.0,24150.0,0.0,1966.0,2727.0,11180.0,5038.0
2021-01-03,57.0,185.0,1885.0,803.0,183.0,732.0,1029.0,1869.0,361.0,665.0,6299.0,2479.0,391.0,168.0,12489.0,14303.0,427.0,870.0,6110.0,14245.0,824.0,2044.0,66.0,158.0,6632.0,7624.0,3753.0,3034.0,2989.0,744.0,9959.0,2754.0,56335.0,2316.0,21.0,730.0,19.0,436.0,10.0,447.0,23351.0,56.0,2715.0,2225.0,9877.0,4576.0
2021-01-04,59.0,660.0,2286.0,334.0,564.0,2907.0,1310.0,1273.0,1071.0,569.0,13029.0,1929.0,432.0,147.0,4022.0,27433.0,927.0,2047.0,5325.0,10800.0,1229.0,2795.0,160.0,224.0,6367.0,14151.0,5228.0,3130.0,4959.0,2501.0,22182.0,6982.0,77972.0,1800.0,10.0,771.0,31.0,612.0,30.0,938.0,24246.0,34.0,2653.0,5287.0,13695.0,4158.0
2021-01-05,40.0,725.0,2950.0,802.0,760.0,2625.0,1002.0,1854.0,1896.0,573.0,17491.0,1657.0,720.0,299.0,20489.0,27959.0,814.0,3068.0,7832.0,15378.0,1374.0,2298.0,281.0,164.0,7087.0,12054.0,8982.0,4729.0,2137.0,3354.0,30761.0,7546.0,66637.0,1612.0,20.0,869.0,30.0,950.0,31.0,795.0,24217.0,0.0,2882.0,4178.0,14494.0,5334.0
2021-01-06,0.0,697.0,2082.0,799.0,250.0,2302.0,867.0,1838.0,562.0,427.0,17917.0,1588.0,1085.0,331.0,25379.0,26110.0,510.0,2907.0,6503.0,20331.0,1237.0,1971.0,163.0,191.0,9673.0,8790.0,9112.0,5719.0,2980.0,2663.0,14626.0,5028.0,58784.0,537.0,20.0,907.0,10.0,423.0,40.0,710.0,23541.0,45.0,1787.0,3354.0,13830.0,6911.0
2021-01-07,141.0,673.0,1985.0,685.0,518.0,1810.0,753.0,1805.0,1098.0,466.0,15035.0,1432.0,784.0,223.0,21703.0,24531.0,717.0,2716.0,8227.0,18020.0,1170.0,1704.0,149.0,245.0,8111.0,10548.0,9470.0,4951.0,4072.0,2045.0,26806.0,7148.0,53187.0,2058.0,15.0,871.0,10.0,375.0,23.0,739.0,23652.0,22.0,2218.0,3177.0,12171.0,8997.0
2021-01-08,97.0,655.0,2286.0,532.0,459.0,1935.0,394.0,1767.0,1401.0,337.0,13203.0,1193.0,554.0,296.0,19814.0,16666.0,799.0,1778.0,4843.0,17533.0,616.0,1458.0,136.0,184.0,7329.0,9410.0,8868.0,4841.0,2973.0,1843.0,32909.0,5690.0,48105.0,1143.0,12.0,885.0,13.0,424.0,12.0,651.0,23309.0,56.0,1769.0,3055.0,11479.0,5676.0
2021-01-09,0.0,562.0,1540.0,633.0,254.0,1302.0,105.0,1833.0,646.0,339.0,8508.0,990.0,425.0,324.0,20177.0,8477.0,445.0,1419.0,6886.0,19978.0,331.0,632.0,104.0,133.0,6601.0,4622.0,6655.0,4403.0,860.0,752.0,19318.0,4735.0,40035.0,551.0,10.0,773.0,8.0,298.0,4.0,414.0,22851.0,0.0,1795.0,1686.0,9537.0,4846.0
2021-01-10,96.0,376.0,1386.0,601.0,125.0,808.0,620.0,1792.0,230.0,288.0,4351.0,1353.0,290.0,198.0,15944.0,13481.0,441.0,696.0,4926.0,18627.0,878.0,1207.0,42.0,240.0,5447.0,5569.0,5231.0,3082.0,2410.0,426.0,13949.0,2317.0,37174.0,1857.0,15.0,717.0,9.0,271.0,13.0,435.0,23315.0,0.0,2093.0,1296.0,9138.0,5011.0
2021-01-11,63.0,656.0,1687.0,176.0,442.0,2849.0,750.0,1731.0,759.0,259.0,9472.0,1261.0,335.0,200.0,3581.0,22584.0,841.0,1358.0,3052.0,12532.0,1255.0,1779.0,153.0,189.0,4939.0,9053.0,7690.0,1987.0,3576.0,1860.0,32541.0,4648.0,58592.0,1618.0,12.0,890.0,16.0,476.0,25.0,639.0,22934.0,17.0,2142.0,3467.0,10220.0,4288.0
2021-01-12,73.0,707.0,2138.0,519.0,468.0,2271.0,535.0,1972.0,1135.0,227.0,10847.0,1116.0,856.0,221.0,19753.0,24106.0,668.0,1926.0,3553.0,14242.0,950.0,1286.0,189.0,121.0,6086.0,9436.0,9897.0,3697.0,2923.0,2092.0,37401.0,5334.0,50647.0,1357.0,23.0,925.0,9.0,808.0,33.0,563.0,22850.0,15.0,2267.0,2611.0,9809.0,5116.0
2021-01-13,50.0,660.0,1646.0,474.0,343.0,2044.0,535.0,1967.0,980.0,241.0,10965.0,1007.0,630.0,324.0,23852.0,20397.0,595.0,1513.0,3913.0,15774.0,1084.0,1186.0,113.0,193.0,6498.0,7795.0,9967.0,4424.0,2729.0,1767.0,39007.0,6595.0,46509.0,1177.0,7.0,911.0,4.0,741.0,17.0,462.0,24763.0,29.0,1881.0,2491.0,9554.0,6409.0
2021-01-14,78.0,641.0,1531.0,380.0,320.0,2023.0,552.0,1941.0,715.0,244.0,8130.0,855.0,453.0,258.0,21228.0,18306.0,577.0,1438.0,3491.0,17246.0,1031.0,1146.0,143.0,175.0,6025.0,7412.0,10195.0,3525.0,2045.0,1478.0,38434.0,4743.0,43473.0,1236.0,8.0,1043.0,1.0,576.0,24.0,454.0,24715.0,11.0,1751.0,2239.0,8962.0,7925.0
2021-01-15,92.0,581.0,1543.0,349.0,462.0,2070.0,233.0,1933.0,763.0,202.0,9356.0,719.0,617.0,318.0,21271.0,13432.0,510.0,1241.0,3232.0,16146.0,567.0,777.0,135.0,141.0,5294.0,6055.0,10509.0,3353.0,573.0,1523.0,43010.0,4205.0,41451.0,780.0,1.0,1072.0,4.0,377.0,25.0,398.0,24092.0,9.0,1393.0,2158.0,8314.0,8199.0
2021-01-16,0.0,474.0,1317.0,402.0,180.0,1141.0,77.0,1924.0,379.0,157.0,5262.0,677.0,388.0,190.0,21406.0,6595.0,237.0,875.0,2946.0,16310.0,244.0,450.0,86.0,154.0,5581.0,3271.0,8754.0,3218.0,1060.0,572.0,25033.0,2160.0,31249.0,110.0,9.0,1020.0,6.0,214.0,11.0,267.0,23586.0,0.0,1317.0,1337.0,7550.0,7729.0
2021-01-17,45.0,292.0,1008.0,322.0,110.0,697.0,570.0,1899.0,174.0,162.0,2653.0,931.0,266.0,236.0,16642.0,9156.0,318.0,573.0,2117.0,12545.0,812.0,830.0,37.0,200.0,4782.0,4835.0,6027.0,2156.0,1909.0,293.0,18667.0,1250.0,29592.0,1550.0,8.0,1017.0,6.0,258.0,7.0,226.0,22857.0,28.0,1578.0,894.0,6436.0,5990.0
2021-01-18,111.0,586.0,1614.0,118.0,300.0,2936.0,544.0,1356.0,520.0,164.0,7713.0,914.0,600.0,168.0,3736.0,18461.0,537.0,976.0,1996.0,8825.0,1088.0,1215.0,85.0,187.0,4292.0,6919.0,10704.0,1509.0,2484.0,1690.0,35810.0,2111.0,45958.0,469.0,2.0,1252.0,10.0,394.0,28.0,446.0,21734.0,0.0,1688.0,2943.0,5862.0,3034.0
2021-01-19,114.0,670.0,1647.0,305.0,334.0,2344.0,482.0,1778.0,902.0,178.0,9647.0,776.0,610.0,217.0,23608.0,19474.0,511.0,1410.0,2485.0,10497.0,902.0,1248.0,227.0,151.0,5567.0,7152.0,13712.0,2745.0,2464.0,1698.0,42499.0,4732.0,40526.0,1137.0,4.0,1311.0,10.0,612.0,22.0,342.0,21152.0,18.0,1646.0,2334.0,6818.0,3939.0
2021-01-20,71.0,678.0,1733.0,332.0,489.0,2415.0,455.0,1804.0,776.0,164.0,8262.0,857.0,669.0,444.0,26784.0,16815.0,506.0,1311.0,2598.0,13571.0,876.0,1023.0,115.0,143.0,5804.0,6640.0,12871.0,3000.0,1785.0,1445.0,41984.0,4946.0,35986.0,903.0,4.0,1526.0,17.0,670.0,25.0,355.0,21887.0,28.0,1648.0,2278.0,6435.0,4383.0
2021-01-21,37.0,739.0,1777.0,218.0,214.0,2271.0,566.0,1813.0,643.0,122.0,7607.0,715.0,495.0,399.0,22848.0,15034.0,562.0,1344.0,2357.0,14078.0,910.0,1017.0,119.0,119.0,5741.0,6322.0,13425.0,2878.0,1544.0,1439.0,40907.0,4196.0,32502.0,998.0,2.0,1648.0,5.0,514.0,24.0,347.0,21513.0,13.0,1709.0,2057.0,6289.0,5583.0
2021-01-22,83.0,786.0,1433.0,280.0,420.0,2524.0,266.0,1748.0,599.0,129.0,8510.0,590.0,484.0,350.0,23292.0,11571.0,605.0,1257.0,1905.0,13633.0,512.0,766.0,143.0,116.0,5445.0,4683.0,14592.0,2699.0,1905.0,1506.0,42292.0,3722.0,30330.0,546.0,2.0,1694.0,6.0,635.0,34.0,331.0,20921.0,15.0,1483.0,2041.0,5967.0,5348.0
2021-01-23,50.0,833.0,1256.0,162.0,203.0,1357.0,121.0,1752.0,352.0,130.0,4252.0,514.0,532.0,419.0,23924.0,5018.0,334.0,844.0,1370.0,13331.0,223.0,479.0,122.0,203.0,4881.0,2419.0,10328.0,2719.0,551.0,537.0,23847.0,2368.0,22345.0,298.0,4.0,1496.0,5.0,265.0,12.0,212.0,21127.0,0.0,1318.0,1101.0,5856.0,4928.0
2021-01-24,47.0,538.0,938.0,287.0,100.0,796.0,772.0,1024.0,134.0,126.0,2416.0,722.0,257.0,246.0,18436.0,6747.0,432.0,459.0,1369.0,11629.0,693.0,792.0,29.0,138.0,4089.0,4604.0,6389.0,1816.0,1590.0,293.0,17355.0,1147.0,17554.0,1006.0,3.0,1274.0,11.0,224.0,11.0,189.0,19290.0,26.0,1523.0,731.0,5277.0,3915.0
2021-01-25,42.0,879.0,1411.0,57.0,389.0,3286.0,827.0,847.0,448.0,109.0,7020.0,683.0,358.0,192.0,4240.0,15505.0,814.0,1004.0,928.0,8562.0,1103.0,1300.0,119.0,193.0,3958.0,6789.0,11436.0,1551.0,2775.0,1652.0,32858.0,1884.0,30737.0,742.0,2.0,1527.0,4.0,546.0,31.0,387.0,18241.0,26.0,2080.0,2492.0,5642.0,2516.0
2021-01-26,78.0,876.0,1567.0,326.0,332.0,2700.0,598.0,1651.0,857.0,128.0,9221.0,532.0,639.0,348.0,22086.0,15817.0,857.0,1569.0,1331.0,10593.0,965.0,931.0,236.0,208.0,4724.0,7156.0,15252.0,2877.0,2035.0,1850.0,37567.0,4186.0,27730.0,723.0,7.0,1496.0,17.0,654.0,14.0,276.0,17741.0,28.0,1839.0,1838.0,7103.0,2779.0
2021-01-27,63.0,887.0,1459.0,226.0,330.0,2512.0,560.0,1718.0,619.0,158.0,8563.0,502.0,691.0,496.0,26916.0,13362.0,713.0,1459.0,1463.0,15204.0,931.0,841.0,138.0,185.0,4691.0,7156.0,13977.0,3174.0,2581.0,1516.0,35889.0,4105.0,26303.0,669.0,2.0,1528.0,9.0,683.0,17.0,344.0,19138.0,27.0,1592.0,1875.0,7489.0,3776.0
2021-01-28,58.0,896.0,1408.0,209.0,303.0,2547.0,695.0,1867.0,561.0,119.0,8052.0,406.0,690.0,423.0,23770.0,12566.0,882.0,1370.0,1247.0,14372.0,785.0,769.0,160.0,136.0,4391.0,6144.0,12738.0,2901.0,2182.0,1294.0,33449.0,2368.0,24773.0,676.0,2.0,1440.0,9.0,551.0,27.0,285.0,19238.0,29.0,1717.0,1781.0,7279.0,5529.0
2021-01-29,48.0,901.0,1476.0,142.0,394.0,2941.0,349.0,1852.0,551.0,113.0,8080.0,361.0,401.0,363.0,22858.0,9947.0,795.0,1307.0,1411.0,13574.0,533.0,785.0,158.0,182.0,4170.0,5864.0,12003.0,2737.0,1723.0,1290.0,32425.0,4252.0,22433.0,479.0,2.0,1413.0,2.0,653.0,18.0,295.0,19032.0,41.0,1543.0,1767.0,6912.0,5181.0
2021-01-30,52.0,876.0,1089.0,131.0,195.0,1550.0,130.0,1766.0,336.0,160.0,4074.0,389.0,468.0,469.0,24392.0,4208.0,484.0,1124.0,1244.0,12715.0,411.0,306.0,152.0,124.0,3676.0,4706.0,8401.0,2668.0,444.0,580.0,18235.0,2695.0,17167.0,240.0,2.0,1275.0,2.0,291.0,14.0,175.0,18359.0,0.0,1366.0,1020.0,6871.0,4685.0
2021-01-31,35.0,865.0,1130.0,153.0,113.0,844.0,832.0,959.0,94.0,120.0,2594.0,506.0,368.0,367.0,19235.0,5857.0,538.0,578.0,1006.0,11252.0,775.0,645.0,34.0,141.0,3235.0,2503.0,5530.0,1825.0,1737.0,353.0,11762.0,1164.0,15783.0,858.0,4.0,1185.0,2.0,282.0,10.0,183.0,17648.0,28.0,1739.0,743.0,6562.0,3177.0
2021-02-01,45.0,942.0,1211.0,77.0,262.0,3299.0,967.0,699.0,387.0,128.0,7273.0,488.0,405.0,244.0,4347.0,12297.0,1221.0,1048.0,871.0,7925.0,1231.0,758.0,190.0,138.0,3548.0,4326.0,7111.0,1313.0,2732.0,1619.0,22577.0,1551.0,22972.0,688.0,1.0,1335.0,12.0,639.0,44.0,319.0,16643.0,17.0,1903.0,2165.0,7719.0,2030.0
2021-02-02,53.0,1007.0,1627.0,159.0,367.0,2615.0,719.0,1711.0,730.0,139.0,9181.0,428.0,688.0,302.0,23337.0,13417.0,1150.0,1652.0,1006.0,9660.0,742.0,719.0,203.0,79.0,4017.0,6802.0,9077.0,2676.0,2077.0,1560.0,26098.0,4315.0,20266.0,583.0,5.0,1362.0,3.0,917.0,29.0,294.0,16474.0,14.0,1932.0,1652.0,7795.0,2394.0
2021-02-03,67.0,1052.0,1507.0,162.0,314.0,2356.0,883.0,1708.0,516.0,116.0,9704.0,441.0,672.0,265.0,26362.0,11507.0,1069.0,1576.0,1314.0,13189.0,876.0,648.0,198.0,57.0,4198.0,6496.0,8383.0,2752.0,2630.0,1267.0,23872.0,3737.0,19914.0,538.0,1.0,1257.0,5.0,982.0,24.0,325.0,16714.0,2.0,1863.0,1733.0,8102.0,3285.0
2021-02-04,35.0,1089.0,1261.0,152.0,292.0,2361.0,910.0,1759.0,549.0,133.0,8123.0,408.0,592.0,444.0,23448.0,10012.0,1172.0,1561.0,1019.0,13659.0,1044.0,688.0,180.0,134.0,4317.0,6053.0,7230.0,2668.0,2241.0,959.0,21192.0,3396.0,18493.0,602.0,2.0,1209.0,1.0,776.0,29.0,253.0,16688.0,9.0,1968.0,1441.0,7909.0,5082.0
2021-02-05,34.0,1130.0,1357.0,138.0,270.0,2411.0,493.0,1787.0,424.0,132.0,8645.0,434.0,590.0,401.0,22139.0,8383.0,1106.0,1370.0,785.0,14218.0,480.0,424.0,177.0,100.0,4086.0,5965.0,6653.0,2580.0,1552.0,990.0,20241.0,3260.0,16308.0,404.0,0.0,1215.0,3.0,843.0,22.0,288.0,16627.0,1.0,1684.0,1506.0,7901.0,4923.0
2021-02-06,45.0,1124.0,1145.0,115.0,240.0,1256.0,182.0,1732.0,276.0,115.0,4828.0,389.0,422.0,368.0,20586.0,3090.0,733.0,1160.0,1020.0,13442.0,288.0,289.0,158.0,137.0,3916.0,4728.0,3481.0,2611.0,757.0,498.0,10349.0,2332.0,12320.0,204.0,3.0,1021.0,4.0,326.0,8.0,198.0,16048.0,50.0,1529.0,887.0,7897.0,4310.0
2021-02-07,24.0,953.0,993.0,132.0,157.0,594.0,1115.0,808.0,71.0,105.0,2461.0,442.0,342.0,354.0,19715.0,4184.0,629.0,1079.0,829.0,11641.0,781.0,478.0,31.0,202.0,2257.0,2431.0,2591.0,1975.0,1724.0,304.0,6112.0,1013.0,11664.0,829.0,1.0,923.0,3.0,289.0,10.0,167.0,15916.0,0.0,1960.0,673.0,6670.0,3370.0
2021-02-08,37.0,1239.0,1221.0,44.0,342.0,2541.0,1212.0,561.0,283.0,95.0,7839.0,460.0,544.0,353.0,4317.0,9098.0,1492.0,1279.0,543.0,7970.0,990.0,544.0,141.0,167.0,1759.0,4029.0,4010.0,1319.0,3179.0,357.0,13830.0,1505.0,16194.0,544.0,1.0,1123.0,5.0,805.0,30.0,301.0,15019.0,26.0,2014.0,1751.0,8103.0,2141.0
2021-02-09,40.0,1143.0,1453.0,164.0,253.0,2108.0,913.0,1799.0,577.0,113.0,10321.0,448.0,802.0,438.0,18870.0,10280.0,1482.0,1862.0,999.0,10630.0,842.0,617.0,225.0,151.0,3172.0,6930.0,4768.0,2797.0,2487.0,1439.0,15402.0,4069.0,14225.0,557.0,1.0,1059.0,4.0,890.0,22.0,270.0,14494.0,34.0,2088.0,1350.0,8636.0,2656.0
2021-02-10,39.0,1105.0,1651.0,147.0,427.0,2112.0,1070.0,1692.0,376.0,103.0,9589.0,377.0,680.0,400.0,25387.0,9355.0,1323.0,1860.0,862.0,12956.0,808.0,552.0,198.0,164.0,4426.0,7008.0,4347.0,3048.0,2431.0,1385.0,13405.0,4353.0,13899.0,507.0,0.0,1033.0,2.0,993.0,18.0,310.0,15038.0,31.0,2000.0,1259.0,8642.0,3409.0
2021-02-11,36.0,1059.0,1552.0,140.0,279.0,2051.0,966.0,1733.0,371.0,113.0,9055.0,319.0,714.0,358.0,21063.0,8542.0,1372.0,2020.0,919.0,15146.0,773.0,567.0,146.0,154.0,4327.0,6379.0,3382.0,2644.0,2330.0,1055.0,11900.0,3804.0,13139.0,535.0,8.0,996.0,3.0,1280.0,17.0,262.0,15089.0,26.0,1928.0,1170.0,7590.0,5039.0
2021-02-12,36.0,1152.0,1258.0,191.0,240.0,1999.0,506.0,1745.0,379.0,102.0,8859.0,332.0,756.0,407.0,20701.0,5597.0,1222.0,1707.0,1076.0,13908.0,424.0,449.0,157.0,138.0,4170.0,6586.0,3259.0,2550.0,1448.0,1005.0,11747.0,3569.0,12573.0,357.0,1.0,914.0,0.0,979.0,3.0,247.0,14861.0,10.0,1622.0,1130.0,7763.0,4773.0
2021-02-13,40.0,1088.0,1162.0,155.0,381.0,1123.0,163.0,1658.0,198.0,123.0,5159.0,341.0,669.0,435.0,21231.0,3762.0,662.0,1337.0,786.0,13532.0,278.0,216.0,181.0,156.0,3423.0,5334.0,1811.0,2415.0,572.0,329.0,5766.0,2771.0,9035.0,165.0,2.0,791.0,1.0,381.0,5.0,185.0,14185.0,3.0,1386.0,719.0,7706.0,5182.0
2021-02-14,35.0,775.0,1166.0,128.0,116.0,593.0,1068.0,1100.0,68.0,113.0,2890.0,405.0,414.0,312.0,16546.0,4394.0,696.0,823.0,820.0,11068.0,713.0,413.0,39.0,102.0,2840.0,2543.0,1361.0,1872.0,1442.0,244.0,3589.0,1211.0,8994.0,740.0,2.0,692.0,1.0,363.0,14.0,160.0,14207.0,35.0,1331.0,485.0,6287.0,3094.0
2021-02-15,17.0,801.0,1483.0,74.0,274.0,2727.0,1349.0,1134.0,274.0,81.0,8935.0,527.0,617.0,343.0,4376.0,9248.0,1081.0,1548.0,711.0,7351.0,946.0,455.0,139.0,199.0,2690.0,5178.0,2329.0,1331.0,3168.0,1563.0,8891.0,1901.0,14735.0,486.0,0.0,862.0,1.0,965.0,13.0,332.0,13233.0,42.0,1810.0,1305.0,7945.0,2332.0
2021-02-16,28.0,1075.0,1641.0,140.0,368.0,2382.0,1246.0,1352.0,502.0,121.0,12633.0,509.0,813.0,385.0,19590.0,10007.0,754.0,2853.0,638.0,10386.0,708.0,493.0,268.0,163.0,3368.0,8694.0,2918.0,2676.0,2555.0,1097.0,9898.0,4205.0,12941.0,365.0,5.0,930.0,1.0,1301.0,29.0,305.0,12828.0,26.0,2467.0,1137.0,7906.0,3143.0
2021-02-17,27.0,1112.0,1882.0,154.0,354.0,2525.0,1086.0,1386.0,365.0,107.0,10964.0,549.0,1002.0,548.0,25018.0,9233.0,1400.0,3093.0,896.0,12074.0,689.0,676.0,229.0,154.0,4557.0,9073.0,2346.0,2815.0,2333.0,872.0,8656.0,4965.0,11942.0,388.0,0.0,961.0,1.0,1340.0,19.0,320.0,13447.0,20.0,2561.0,1215.0,7325.0,4286.0
2021-02-18,35.0,1071.0,1688.0,145.0,402.0,2556.0,1463.0,1663.0,388.0,111.0,11727.0,466.0,953.0,614.0,22501.0,8727.0,1435.0,2995.0,753.0,13762.0,1069.0,538.0,217.0,199.0,4675.0,8777.0,2315.0,3058.0,2705.0,910.0,8222.0,4134.0,11794.0,396.0,1.0,872.0,2.0,1028.0,9.0,302.0,13433.0,32.0,2632.0,1009.0,7241.0,6237.0
2021-02-19,27.0,1153.0,2083.0,193.0,512.0,2811.0,548.0,1668.0,431.0,107.0,11313.0,434.0,788.0,444.0,24116.0,7778.0,1424.0,2912.0,978.0,15479.0,410.0,549.0,182.0,130.0,4537.0,8510.0,2148.0,2712.0,1686.0,956.0,7999.0,4028.0,10728.0,258.0,1.0,804.0,0.0,1062.0,18.0,338.0,12953.0,20.0,2442.0,1094.0,7419.0,6531.0
2021-02-20,27.0,1184.0,1643.0,144.0,269.0,1555.0,227.0,1322.0,260.0,107.0,6791.0,474.0,584.0,632.0,22371.0,3044.0,884.0,2623.0,679.0,14931.0,274.0,273.0,170.0,193.0,4669.0,7038.0,1187.0,2721.0,649.0,416.0,4031.0,2781.0,8313.0,147.0,3.0,712.0,1.0,507.0,8.0,216.0,12742.0,2.0,2518.0,691.0,7857.0,6295.0
2021-02-21,13.0,1039.0,1217.0,156.0,343.0,805.0,1925.0,1144.0,72.0,131.0,4078.0,593.0,832.0,457.0,22046.0,4406.0,870.0,1628.0,686.0,13452.0,669.0,478.0,35.0,221.0,4179.0,3890.0,648.0,2419.0,1998.0,247.0,2686.0,1599.0,8097.0,493.0,0.0,700.0,4.0,655.0,15.0,221.0,12604.0,44.0,2956.0,528.0,6546.0,4489.0
2021-02-22,27.0,1021.0,1877.0,72.0,515.0,3338.0,1800.0,972.0,343.0,176.0,11473.0,614.0,965.0,390.0,4646.0,10181.0,2111.0,2855.0,557.0,9630.0,983.0,665.0,180.0,226.0,3808.0,6310.0,1522.0,1634.0,3547.0,894.0,6863.0,2538.0,11656.0,443.0,0.0,809.0,3.0,1133.0,19.0,411.0,11823.0,47.0,3257.0,1407.0,8104.0,3206.0
2021-02-23,36.0,1021.0,1951.0,223.0,577.0,2918.0,1733.0,1279.0,688.0,143.0,15875.0,540.0,1069.0,400.0,20064.0,11300.0,1903.0,4385.0,570.0,13314.0,813.0,563.0,321.0,192.0,4368.0,12146.0,1684.0,3382.0,2438.0,1089.0,7404.0,5404.0,9763.0,362.0,0.0,869.0,6.0,1610.0,12.0,445.0,11749.0,36.0,3460.0,1257.0,9107.0,4182.0
2021-02-24,24.0,986.0,2437.0,220.0,757.0,2751.0,1822.0,1191.0,544.0,199.0,13841.0,547.0,1151.0,590.0,31519.0,9912.0,1783.0,4668.0,608.0,16424.0,725.0,633.0,195.0,258.0,4983.0,12142.0,1539.0,3337.0,2645.0,852.0,6507.0,4977.0,8846.0,337.0,0.0,906.0,7.0,1736.0,16.0,461.0,11198.0,50.0,3588.0,1077.0,9561.0,5850.0
2021-02-25,23.0,916.0,1875.0,126.0,469.0,2644.0,1681.0,1602.0,505.0,272.0,14625.0,493.0,1203.0,565.0,25403.0,9468.0,1732.0,4948.0,773.0,19886.0,827.0,623.0,236.0,237.0,5089.0,11539.0,1391.0,3923.0,2848.0,912.0,6199.0,4830.0,8025.0,373.0,1.0,860.0,2.0,1452.0,10.0,527.0,11086.0,45.0,3339.0,1119.0,9572.0,8147.0
2021-02-26,27.0,986.0,2484.0,219.0,711.0,2800.0,1079.0,1459.0,520.0,243.0,14844.0,425.0,1572.0,720.0,25207.0,7659.0,1630.0,4469.0,729.0,20499.0,376.0,456.0,202.0,263.0,4921.0,12100.0,1477.0,3761.0,1815.0,948.0,6497.0,4582.0,6783.0,248.0,1.0,849.0,1.0,1518.0,11.0,493.0,11534.0,30.0,3210.0,1080.0,9205.0,8003.0
2021-02-27,17.0,952.0,2211.0,278.0,448.0,1487.0,332.0,1347.0,356.0,447.0,7870.0,479.0,1202.0,645.0,23996.0,3453.0,1269.0,4326.0,972.0,18916.0,272.0,237.0,124.0,175.0,4634.0,10099.0,751.0,3432.0,842.0,451.0,3226.0,3107.0,4949.0,160.0,1.0,632.0,5.0,597.0,3.0,382.0,11359.0,0.0,2809.0,723.0,9193.0,8172.0
2021-02-28,23.0,764.0,1397.0,270.0,223.0,711.0,2588.0,961.0,91.0,302.0,4602.0,597.0,1027.0,620.0,19952.0,4687.0,1170.0,2764.0,321.0,17455.0,645.0,446.0,53.0,336.0,3749.0,4786.0,452.0,2830.0,2077.0,-575.0,2249.0,1242.0,4873.0,461.0,1.0,671.0,4.0,994.0,9.0,392.0,11571.0,45.0,3469.0,547.0,8424.0,5833.0
2021-03-01,19.0,892.0,2169.0,477.0,727.0,3211.0,2403.0,869.0,394.0,288.0,12380.0,603.0,1113.0,392.0,4703.0,10964.0,2312.0,4211.0,357.0,13114.0,919.0,520.0,151.0,233.0,3965.0,7937.0,1198.0,2096.0,3357.0,1464.0,5406.0,2826.0,7192.0,360.0,1.0,782.0,1.0,1400.0,8.0,552.0,10565.0,38.0,4157.0,1419.0,9891.0,4285.0
2021-03-02,40.0,851.0,2439.0,319.0,894.0,2758.0,1154.0,1311.0,747.0,323.0,16828.0,548.0,1459.0,581.0,22857.0,11312.0,2697.0,6278.0,559.0,17083.0,646.0,524.0,268.0,362.0,5022.0,15698.0,1451.0,3950.0,2800.0,1209.0,5908.0,6189.0,6919.0,133.0,4.0,850.0,5.0,1550.0,8.0,639.0,10535.0,38.0,4056.0,1230.0,11837.0,5336.0
2021-03-03,28.0,847.0,2383.0,314.0,910.0,2752.0,2198.0,1174.0,667.0,384.0,15275.0,489.0,1421.0,797.0,26788.0,10137.0,2217.0,6369.0,460.0,20884.0,746.0,459.0,206.0,283.0,4092.0,15250.0,1353.0,4278.0,2423.0,1019.0,5986.0,4869.0,6172.0,390.0,0.0,901.0,5.0,1800.0,16.0,658.0,11385.0,29.0,3866.0,1240.0,11520.0,7235.0
2021-03-04,22.0,780.0,2342.0,365.0,621.0,2682.0,3004.0,1482.0,590.0,273.0,14688.0,473.0,1536.0,758.0,25279.0,9654.0,2181.0,7269.0,520.0,22865.0,595.0,435.0,186.0,345.0,4662.0,15829.0,1570.0,4271.0,2522.0,881.0,5648.0,4883.0,5937.0,355.0,1.0,874.0,2.0,1788.0,12.0,601.0,11024.0,26.0,4071.0,1065.0,11322.0,10057.0
2021-03-05,21.0,777.0,2744.0,353.0,985.0,2731.0,1426.0,1329.0,658.0,298.0,13198.0,457.0,1541.0,704.0,23507.0,8296.0,2301.0,6201.0,530.0,24036.0,322.0,434.0,196.0,182.0,5312.0,14857.0,1603.0,4342.0,1286.0,920.0,5762.0,4069.0,5467.0,234.0,2.0,854.0,1.0,1620.0,10.0,703.0,11022.0,13.0,3519.0,1279.0,11302.0,10155.0
2021-03-06,23.0,819.0,2238.0,403.0,400.0,1510.0,497.0,1079.0,394.0,303.0,9146.0,459.0,1318.0,648.0,23306.0,3363.0,1142.0,2696.0,520.0,23641.0,194.0,227.0,141.0,201.0,4508.0,13574.0,1099.0,4064.0,396.0,382.0,2884.0,3452.0,4628.0,147.0,3.0,670.0,2.0,647.0,4.0,465.0,10595.0,49.0,3042.0,766.0,11770.0,9144.0
2021-03-07,27.0,683.0,1944.0,195.0,393.0,786.0,2995.0,930.0,94.0,352.0,4012.0,602.0,1180.0,511.0,21825.0,4846.0,1161.0,6494.0,432.0,20765.0,472.0,438.0,30.0,248.0,3883.0,6170.0,531.0,3288.0,2207.0,210.0,2059.0,1451.0,4410.0,139.0,0.0,575.0,2.0,350.0,5.0,572.0,10253.0,46.0,4091.0,582.0,11187.0,7167.0
2021-03-08,20.0,629.0,2504.0,297.0,1251.0,3685.0,3502.0,1073.0,491.0,420.0,10708.0,642.0,1309.0,459.0,5327.0,11511.0,3181.0,5653.0,306.0,13902.0,639.0,514.0,144.0,510.0,4284.0,9954.0,3044.0,2280.0,3600.0,748.0,5149.0,1982.0,6890.0,513.0,3.0,697.0,0.0,873.0,20.0,846.0,9445.0,32.0,4576.0,1702.0,13215.0,5572.0
2021-03-09,41.0,631.0,2395.0,515.0,1110.0,3383.0,2774.0,609.0,962.0,415.0,15417.0,546.0,1485.0,588.0,23302.0,13997.0,2629.0,8312.0,631.0,19749.0,638.0,546.0,234.0,283.0,5256.0,17260.0,1032.0,4989.0,1978.0,952.0,5701.0,5928.0,6488.0,395.0,2.0,800.0,0.0,1753.0,14.0,798.0,9079.0,34.0,4590.0,1388.0,13755.0,3261.0
2021-03-10,69.0,602.0,2856.0,608.0,1338.0,3387.0,3121.0,837.0,777.0,431.0,14608.0,588.0,1960.0,779.0,30303.0,13163.0,2570.0,9011.0,591.0,22409.0,632.0,440.0,264.0,329.0,5296.0,21045.0,925.0,4564.0,2301.0,860.0,5546.0,5326.0,6251.0,332.0,1.0,964.0,7.0,1896.0,13.0,856.0,9270.0,30.0,4595.0,1385.0,14556.0,6377.0
2021-03-11,29.0,681.0,3041.0,576.0,1170.0,3497.0,3159.0,1186.0,823.0,383.0,11308.0,491.0,1361.0,720.0,27166.0,12553.0,2357.0,9444.0,641.0,25673.0,578.0,555.0,178.0,298.0,5975.0,18775.0,887.0,5236.0,2363.0,770.0,5397.0,5332.0,5933.0,344.0,2.0,1057.0,1.0,1785.0,22.0,780.0,9794.0,25.0,4668.0,1340.0,14046.0,9084.0
2021-03-12,0.0,698.0,3007.0,733.0,1058.0,3752.0,2019.0,1182.0,823.0,398.0,15006.0,464.0,1587.0,706.0,25229.0,10471.0,2503.0,8863.0,538.0,26824.0,297.0,485.0,191.0,268.0,6375.0,21049.0,830.0,5010.0,1268.0,847.0,5859.0,4994.0,5716.0,268.0,3.0,1101.0,4.0,1801.0,9.0,950.0,9908.0,0.0,4092.0,1342.0,14941.0,12946.0
2021-03-13,38.0,653.0,2525.0,603.0,1031.0,2174.0,679.0,995.0,561.0,374.0,7057.0,488.0,936.0,691.0,29759.0,4837.0,1626.0,7706.0,383.0,26062.0,178.0,254.0,180.0,213.0,5952.0,17259.0,528.0,4964.0,457.0,520.0,2845.0,3953.0,4379.0,159.0,4.0,1020.0,6.0,753.0,1.0,737.0,10083.0,0.0,4226.0,923.0,15082.0,13276.0
2021-03-14,23.0,543.0,1904.0,376.0,582.0,1383.0,4637.0,947.0,129.0,218.0,3361.0,644.0,1280.0,863.0,26343.0,6846.0,1134.0,4926.0,575.0,21315.0,643.0,627.0,49.0,313.0,5500.0,10896.0,282.0,4383.0,1578.0,205.0,1991.0,1040.0,4425.0,537.0,4.0,961.0,3.0,861.0,13.0,698.0,9437.0,53.0,4634.0,703.0,13378.0,9012.0
2021-03-15,30.0,475.0,2746.0,980.0,1606.0,5258.0,4374.0,876.0,691.0,475.0,10674.0,752.0,1466.0,465.0,6471.0,15794.0,1508.0,3456.0,347.0,15267.0,818.0,608.0,184.0,211.0,4942.0,14396.0,738.0,2972.0,2892.0,885.0,5622.0,2714.0,6698.0,382.0,4.0,1161.0,2.0,1688.0,15.0,1107.0,9393.0,45.0,5201.0,1923.0,15503.0,6792.0
2021-03-16,41.0,446.0,2855.0,840.0,1726.0,4599.0,4201.0,1124.0,1445.0,382.0,14099.0,672.0,1783.0,517.0,29975.0,18364.0,3458.0,6502.0,552.0,20396.0,482.0,579.0,296.0,243.0,5908.0,25052.0,1004.0,6118.0,2040.0,1112.0,6138.0,6786.0,5849.0,369.0,3.0,1243.0,3.0,1916.0,6.0,1007.0,8998.0,43.0,5446.0,1654.0,16749.0,9642.0
2021-03-17,33.0,590.0,3510.0,933.0,1728.0,4835.0,4008.0,1254.0,1197.0,385.0,12105.0,654.0,1702.0,842.0,38501.0,16736.0,3070.0,10759.0,581.0,23059.0,622.0,620.0,265.0,179.0,6131.0,27278.0,680.0,6186.0,1679.0,972.0,5878.0,6431.0,5976.0,360.0,2.0,1314.0,3.0,1797.0,8.0,1058.0,9803.0,36.0,5346.0,1825.0,18912.0,11833.0
2021-03-18,38.0,494.0,3209.0,879.0,1446.0,5036.0,4162.0,1414.0,1112.0,364.0,10744.0,647.0,1751.0,804.0,34998.0,15700.0,2762.0,11132.0,510.0,24935.0,625.0,563.0,281.0,210.0,7346.0,25998.0,793.0,6174.0,1795.0,937.0,6428.0,5736.0,5623.0,422.0,5.0,1356.0,3.0,1843.0,15.0,1044.0,9699.0,28.0,5305.0,1647.0,20049.0,15053.0
2021-03-19,50.0,519.0,3639.0,1187.0,1417.0,5182.0,2541.0,1355.0,1186.0,407.0,9762.0,587.0,1252.0,770.0,35088.0,13226.0,2532.0,10625.0,525.0,25735.0,260.0,412.0,254.0,224.0,7602.0,26405.0,728.0,5593.0,925.0,1030.0,4719.0,5406.0,5176.0,262.0,1.0,1222.0,4.0,1635.0,9.0,1001.0,9632.0,32.0,4687.0,1545.0,21030.0,15850.0
2021-03-20,36.0,659.0,2687.0,814.0,1055.0,2845.0,943.0,1152.0,834.0,336.0,5529.0,567.0,1375.0,856.0,35327.0,5956.0,1514.0,9046.0,768.0,23832.0,177.0,321.0,206.0,191.0,6969.0,21849.0,418.0,6096.0,401.0,516.0,2962.0,4380.0,4246.0,170.0,7.0,1229.0,3.0,831.0,0.0,709.0,9299.0,0.0,4232.0,1112.0,21061.0,15292.0
2021-03-21,28.0,344.0,2431.0,670.0,818.0,1576.0,4467.0,983.0,150.0,410.0,2406.0,790.0,993.0,520.0,30581.0,8910.0,1705.0,5481.0,520.0,20159.0,508.0,780.0,78.0,90.0,6300.0,14578.0,290.0,4267.0,1281.0,290.0,2316.0,1579.0,5388.0,528.0,16.0,1111.0,2.0,1060.0,9.0,649.0,9284.0,45.0,4769.0,788.0,20428.0,11145.0
2021-03-22,46.0,303.0,3010.0,1333.0,1719.0,6285.0,4851.0,1046.0,956.0,365.0,8275.0,804.0,1063.0,430.0,15792.0,19453.0,3517.0,7587.0,365.0,13846.0,776.0,876.0,165.0,101.0,5608.0,16741.0,807.0,3743.0,1977.0,981.0,6196.0,2687.0,6458.0,450.0,1.0,1103.0,3.0,1621.0,17.0,1107.0,8457.0,51.0,5475.0,2263.0,22216.0,7893.0
2021-03-23,47.0,448.0,3525.0,1185.0,1852.0,6037.0,4375.0,1378.0,1891.0,293.0,11019.0,793.0,1556.0,640.0,14678.0,22656.0,3058.0,9637.0,680.0,18765.0,606.0,790.0,353.0,102.0,7556.0,29978.0,1013.0,6149.0,1654.0,1288.0,7442.0,7652.0,5481.0,399.0,21.0,1111.0,6.0,2273.0,11.0,967.0,8861.0,63.0,5297.0,1994.0,26182.0,11476.0
2021-03-24,49.0,472.0,3428.0,1429.0,1965.0,5566.0,3988.0,1141.0,1673.0,324.0,8892.0,651.0,1432.0,803.0,65373.0,21910.0,2587.0,11265.0,594.0,21267.0,638.0,905.0,298.0,103.0,7684.0,34151.0,887.0,6136.0,1272.0,1164.0,6983.0,7706.0,6224.0,419.0,13.0,1163.0,3.0,2132.0,17.0,1001.0,9221.0,56.0,5226.0,1931.0,29762.0,14174.0
2021-03-25,45.0,449.0,3199.0,1759.0,1869.0,5623.0,4129.0,1425.0,1802.0,361.0,7965.0,702.0,1152.0,726.0,45641.0,20041.0,1466.0,10167.0,569.0,23798.0,602.0,781.0,260.0,93.0,7557.0,35143.0,764.0,6651.0,1531.0,1032.0,7383.0,6365.0,5616.0,490.0,6.0,1587.0,4.0,1866.0,21.0,871.0,9167.0,23.0,5225.0,2142.0,28731.0,16669.0
2021-03-26,77.0,425.0,3284.0,1690.0,1843.0,5740.0,2537.0,1213.0,1790.0,334.0,7765.0,674.0,1151.0,512.0,41869.0,15784.0,3132.0,9082.0,610.0,23987.0,324.0,489.0,290.0,67.0,8782.0,31757.0,675.0,6516.0,925.0,1253.0,7712.0,6294.0,4567.0,365.0,6.0,1690.0,3.0,1674.0,6.0,895.0,8885.0,5.0,4497.0,1999.0,29081.0,18132.0
2021-03-27,41.0,493.0,2642.0,1831.0,1056.0,3056.0,983.0,1050.0,1321.0,326.0,3984.0,614.0,894.0,791.0,42619.0,7591.0,1441.0,7263.0,604.0,23776.0,167.0,391.0,293.0,63.0,7470.0,29253.0,373.0,5869.0,205.0,640.0,4149.0,5196.0,3731.0,171.0,7.0,1514.0,7.0,861.0,4.0,602.0,9088.0,55.0,3889.0,1207.0,30021.0,17424.0
2021-03-28,38.0,285.0,3231.0,1129.0,856.0,1691.0,4497.0,918.0,300.0,360.0,1749.0,765.0,585.0,458.0,37014.0,10992.0,1724.0,4609.0,537.0,19611.0,526.0,819.0,26.0,55.0,6780.0,16965.0,343.0,4439.0,1215.0,287.0,2978.0,1980.0,5029.0,673.0,6.0,1455.0,6.0,932.0,7.0,477.0,8711.0,46.0,4512.0,994.0,29058.0,11932.0
2021-03-29,56.0,304.0,2782.0,2146.0,1867.0,6154.0,5176.0,995.0,1487.0,439.0,6960.0,677.0,1204.0,422.0,9094.0,20385.0,4322.0,6700.0,366.0,12916.0,630.0,883.0,182.0,40.0,5855.0,20870.0,829.0,3825.0,1855.0,1081.0,7441.0,2962.0,4196.0,616.0,12.0,1745.0,6.0,917.0,17.0,865.0,8277.0,6.0,5471.0,2532.0,32404.0,8346.0
2021-03-30,66.0,434.0,3117.0,2237.0,1972.0,5197.0,4207.0,1213.0,2623.0,728.0,8668.0,693.0,1019.0,420.0,30702.0,23994.0,3612.0,9288.0,410.0,16013.0,638.0,889.0,388.0,52.0,7629.0,32874.0,907.0,6204.0,1304.0,1558.0,8278.0,8468.0,3779.0,499.0,10.0,1966.0,4.0,1871.0,6.0,849.0,8275.0,48.0,5107.0,2093.0,37303.0,10533.0
2021-03-31,43.0,349.0,3378.0,2248.0,1698.0,4727.0,3694.0,1236.0,2422.0,309.0,7288.0,713.0,1114.0,607.0,59038.0,21452.0,3483.0,9055.0,746.0,22516.0,587.0,845.0,238.0,42.0,7819.0,35251.0,848.0,6156.0,1385.0,1335.0,9063.0,8290.0,3967.0,529.0,8.0,2154.0,3.0,1515.0,17.0,806.0,9169.0,16.0,4810.0,2132.0,39302.0,11226.0
2021-04-01,62.0,336.0,3076.0,2361.0,2154.0,4690.0,4013.0,1651.0,2362.0,705.0,6267.0,554.0,913.0,654.0,50659.0,15492.0,3058.0,8637.0,587.0,23649.0,279.0,1006.0,223.0,62.0,7213.0,30546.0,734.0,6115.0,748.0,1169.0,5743.0,6976.0,3674.0,580.0,4.0,2192.0,3.0,1380.0,15.0,624.0,8792.0,3.0,4826.0,1985.0,40806.0,17569.0
2021-04-02,59.0,341.0,3294.0,2392.0,1368.0,4894.0,1919.0,1371.0,2234.0,404.0,3859.0,519.0,524.0,566.0,46677.0,10629.0,3229.0,6566.0,508.0,21932.0,238.0,797.0,255.0,34.0,7595.0,28073.0,393.0,5808.0,620.0,1296.0,3889.0,6836.0,2747.0,464.0,7.0,2104.0,7.0,1258.0,6.0,700.0,9021.0,59.0,4133.0,1205.0,42308.0,19893.0
2021-04-03,57.0,348.0,2813.0,2021.0,931.0,2701.0,740.0,1239.0,1376.0,431.0,2164.0,467.0,490.0,422.0,13917.0,7152.0,1955.0,3874.0,453.0,21261.0,119.0,698.0,204.0,56.0,6860.0,22947.0,359.0,5498.0,158.0,720.0,4617.0,3403.0,2506.0,228.0,4.0,1938.0,8.0,693.0,3.0,612.0,8817.0,40.0,3304.0,1317.0,44756.0,20341.0
2021-04-04,55.0,264.0,2327.0,1099.0,636.0,1513.0,3860.0,986.0,138.0,565.0,1934.0,558.0,397.0,302.0,66794.0,7041.0,1863.0,1890.0,318.0,18025.0,309.0,686.0,54.0,64.0,5334.0,9902.0,231.0,4151.0,333.0,283.0,4293.0,1449.0,2413.0,897.0,4.0,1816.0,5.0,703.0,5.0,653.0,8646.0,0.0,3706.0,1022.0,41998.0,13738.0
2021-04-05,42.0,141.0,2006.0,2035.0,1093.0,1562.0,4004.0,968.0,735.0,559.0,1441.0,706.0,922.0,341.0,10793.0,11508.0,4293.0,1933.0,441.0,10680.0,643.0,1060.0,7.0,65.0,5559.0,8245.0,693.0,3611.0,1161.0,293.0,7754.0,3103.0,2744.0,687.0,8.0,2196.0,5.0,773.0,11.0,715.0,8328.0,0.0,4398.0,1290.0,42551.0,10179.0
2021-04-06,35.0,256.0,2834.0,2595.0,1742.0,5260.0,3556.0,1278.0,1649.0,529.0,5605.0,709.0,996.0,331.0,8045.0,23728.0,3445.0,4814.0,418.0,7767.0,740.0,1074.0,168.0,55.0,6367.0,14910.0,775.0,5231.0,1576.0,1189.0,10951.0,6813.0,3312.0,761.0,11.0,2686.0,4.0,1155.0,8.0,888.0,8294.0,28.0,3615.0,2690.0,49584.0,13276.0
2021-04-07,46.0,317.0,2850.0,2717.0,1583.0,4741.0,2957.0,1272.0,3217.0,622.0,7067.0,713.0,771.0,348.0,12951.0,25774.0,3215.0,7325.0,398.0,13708.0,658.0,1182.0,387.0,48.0,7760.0,27887.0,722.0,5407.0,923.0,1527.0,10688.0,7824.0,3253.0,777.0,6.0,2544.0,15.0,1428.0,11.0,848.0,8672.0,12.0,3625.0,2387.0,54740.0,15415.0
2021-04-08,47.0,286.0,2483.0,2206.0,1096.0,4466.0,2803.0,1622.0,2599.0,601.0,5310.0,725.0,685.0,426.0,84999.0,23299.0,2734.0,8053.0,469.0,17221.0,666.0,1071.0,286.0,37.0,7659.0,28487.0,798.0,4989.0,1080.0,1279.0,10436.0,7760.0,3147.0,506.0,3.0,2835.0,16.0,910.0,5.0,770.0,9150.0,12.0,3405.0,2490.0,55941.0,19419.0
2021-04-09,41.0,360.0,3443.0,2192.0,1198.0,4497.0,1352.0,1433.0,2535.0,446.0,4854.0,548.0,648.0,419.0,41243.0,18042.0,2799.0,6296.0,451.0,18938.0,368.0,869.0,183.0,66.0,7655.0,24856.0,754.0,4942.0,589.0,1250.0,10602.0,7626.0,2952.0,707.0,2.0,2944.0,10.0,830.0,5.0,712.0,8704.0,31.0,3058.0,2416.0,55791.0,19676.0
2021-04-10,48.0,238.0,1961.0,2414.0,1129.0,2362.0,462.0,1175.0,1617.0,470.0,2222.0,532.0,451.0,446.0,43284.0,8849.0,1717.0,5077.0,302.0,17567.0,210.0,665.0,201.0,47.0,8142.0,21703.0,516.0,4310.0,106.0,548.0,5695.0,5626.0,2380.0,359.0,3.0,2327.0,6.0,331.0,1.0,496.0,8702.0,0.0,2732.0,1682.0,52676.0,17463.0
2021-04-11,36.0,125.0,2053.0,1151.0,444.0,1305.0,3122.0,843.0,422.0,528.0,988.0,760.0,277.0,346.0,34895.0,12123.0,1606.0,2837.0,385.0,15746.0,537.0,1048.0,29.0,59.0,6658.0,12013.0,234.0,3302.0,870.0,287.0,3973.0,2390.0,2376.0,1374.0,4.0,2026.0,7.0,603.0,2.0,396.0,8320.0,23.0,2965.0,1181.0,50678.0,12112.0
2021-04-12,33.0,234.0,2223.0,2457.0,966.0,4729.0,2944.0,754.0,1936.0,619.0,3889.0,739.0,648.0,225.0,8536.0,26734.0,4017.0,3597.0,354.0,9789.0,733.0,1376.0,181.0,58.0,6721.0,13227.0,738.0,2323.0,1069.0,1049.0,9061.0,3471.0,2880.0,1085.0,7.0,2359.0,9.0,544.0,1.0,738.0,8173.0,19.0,3572.0,2742.0,54562.0,7856.0
2021-04-13,27.0,207.0,3161.0,2293.0,708.0,4281.0,2517.0,1166.0,3099.0,602.0,5110.0,694.0,559.0,286.0,39113.0,28559.0,3081.0,5307.0,421.0,13447.0,643.0,1209.0,270.0,55.0,5440.0,21283.0,776.0,3883.0,843.0,1233.0,10228.0,8870.0,2495.0,1030.0,2.0,2726.0,9.0,1001.0,6.0,595.0,8326.0,6.0,3154.0,2375.0,59187.0,11680.0
2021-04-14,0.0,169.0,2716.0,2317.0,1343.0,3900.0,2185.0,1222.0,2927.0,690.0,3730.0,732.0,579.0,400.0,43505.0,25080.0,3822.0,5216.0,297.0,16168.0,612.0,1214.0,214.0,27.0,8694.0,21130.0,651.0,4076.0,636.0,891.0,10378.0,7093.0,2512.0,1077.0,4.0,2727.0,12.0,812.0,3.0,601.0,8944.0,20.0,2971.0,2214.0,62797.0,14553.0
2021-04-15,71.0,179.0,2333.0,2163.0,1279.0,3807.0,2126.0,1516.0,2698.0,677.0,3292.0,706.0,488.0,289.0,38045.0,23085.0,3027.0,4604.0,417.0,16974.0,654.0,1216.0,196.0,67.0,8889.0,17847.0,672.0,3852.0,750.0,860.0,9799.0,7665.0,2345.0,1219.0,7.0,2890.0,14.0,689.0,4.0,549.0,8995.0,0.0,2846.0,2147.0,61400.0,16427.0
2021-04-16,59.0,149.0,2350.0,2148.0,1302.0,4021.0,1076.0,1384.0,2627.0,786.0,3234.0,652.0,340.0,380.0,36442.0,17694.0,2411.0,3706.0,419.0,15943.0,337.0,818.0,209.0,39.0,8251.0,15763.0,720.0,3264.0,638.0,766.0,10118.0,6440.0,2347.0,818.0,4.0,2909.0,11.0,628.0,4.0,579.0,9321.0,0.0,2583.0,2121.0,63082.0,17479.0
2021-04-17,34.0,138.0,2030.0,2144.0,471.0,2322.0,418.0,1300.0,1565.0,852.0,1546.0,716.0,547.0,0.0,35861.0,8805.0,1829.0,2680.0,270.0,15370.0,202.0,589.0,156.0,60.0,8521.0,12153.0,418.0,3474.0,93.0,478.0,5366.0,4983.0,1722.0,578.0,13.0,2754.0,10.0,403.0,4.0,331.0,8632.0,10.0,2069.0,1430.0,62606.0,14984.0
2021-04-18,0.0,100.0,2009.0,995.0,387.0,1312.0,2434.0,887.0,410.0,822.0,844.0,862.0,235.0,498.0,29344.0,12307.0,1606.0,1645.0,403.0,12694.0,688.0,1108.0,31.0,13.0,7158.0,7283.0,241.0,2265.0,642.0,234.0,3958.0,2514.0,2584.0,1792.0,27.0,2541.0,7.0,341.0,5.0,346.0,8589.0,4.0,2604.0,1048.0,55802.0,10282.0
2021-04-19,69.0,148.0,2075.0,2197.0,722.0,5433.0,2096.0,888.0,2106.0,941.0,3358.0,848.0,543.0,156.0,6696.0,27974.0,3750.0,2527.0,386.0,8864.0,759.0,1215.0,167.0,24.0,6819.0,9246.0,658.0,1768.0,764.0,744.0,8776.0,2713.0,2738.0,1310.0,21.0,2831.0,11.0,453.0,9.0,575.0,8164.0,2.0,2965.0,2744.0,55149.0,6506.0
2021-04-20,43.0,138.0,2515.0,2075.0,1239.0,4457.0,2002.0,1318.0,3117.0,843.0,3823.0,659.0,482.0,214.0,43098.0,29369.0,3010.0,3607.0,398.0,12074.0,578.0,1329.0,278.0,33.0,8472.0,13926.0,685.0,2931.0,677.0,1034.0,10693.0,7538.0,2541.0,1226.0,12.0,3016.0,11.0,700.0,9.0,532.0,8271.0,1.0,2864.0,2391.0,61028.0,8940.0
2021-04-21,25.0,134.0,2608.0,2047.0,1256.0,4068.0,1681.0,1170.0,2885.0,927.0,2973.0,620.0,445.0,296.0,34968.0,25455.0,2756.0,3427.0,615.0,13844.0,683.0,1384.0,209.0,33.0,9579.0,12762.0,727.0,3006.0,485.0,745.0,9812.0,7706.0,2709.0,1271.0,17.0,3001.0,4.0,618.0,1.0,538.0,8996.0,8.0,2719.0,2309.0,61967.0,12162.0
2021-04-22,65.0,156.0,2472.0,1809.0,362.0,3801.0,1708.0,1735.0,2529.0,889.0,2645.0,626.0,399.0,280.0,34318.0,22979.0,2739.0,2796.0,433.0,16050.0,711.0,1181.0,200.0,20.0,9235.0,10858.0,653.0,2989.0,841.0,900.0,9787.0,6248.0,2409.0,1250.0,11.0,2930.0,7.0,509.0,3.0,463.0,8840.0,0.0,2384.0,2265.0,54791.0,16235.0
2021-04-23,17.0,139.0,1957.0,1676.0,738.0,3636.0,798.0,1453.0,2535.0,895.0,2624.0,568.0,392.0,267.0,32340.0,18024.0,2596.0,2328.0,461.0,14761.0,361.0,944.0,195.0,25.0,8060.0,9505.0,731.0,2523.0,435.0,831.0,9999.0,5501.0,2020.0,966.0,20.0,2916.0,15.0,380.0,3.0,510.0,8828.0,0.0,2068.0,2165.0,49438.0,14277.0
2021-04-24,36.0,128.0,1888.0,1541.0,320.0,1889.0,400.0,1276.0,1254.0,773.0,1321.0,597.0,217.0,263.0,32633.0,8667.0,1399.0,1936.0,429.0,13817.0,220.0,523.0,109.0,15.0,8020.0,7219.0,440.0,2201.0,99.0,416.0,5055.0,4568.0,1564.0,521.0,13.0,2741.0,9.0,241.0,3.0,287.0,8780.0,3.0,1695.0,1456.0,40596.0,12711.0
2021-04-25,23.0,69.0,1575.0,806.0,180.0,1138.0,1759.0,896.0,410.0,611.0,833.0,772.0,169.0,197.0,24465.0,12217.0,1307.0,1253.0,436.0,13158.0,596.0,1040.0,44.0,45.0,6224.0,3451.0,215.0,1542.0,488.0,191.0,3862.0,1756.0,2119.0,1578.0,6.0,2296.0,5.0,246.0,7.0,317.0,8803.0,2.0,1987.0,1188.0,38553.0,7930.0
2021-04-26,38.0,130.0,1901.0,1307.0,761.0,4270.0,1850.0,823.0,1797.0,760.0,2611.0,893.0,478.0,133.0,5952.0,25269.0,3287.0,1692.0,420.0,8444.0,967.0,1522.0,223.0,15.0,5305.0,5709.0,610.0,1256.0,682.0,873.0,8885.0,3069.0,2627.0,1551.0,18.0,2838.0,16.0,329.0,3.0,502.0,8053.0,0.0,2145.0,2441.0,37312.0,5062.0
2021-04-27,27.0,123.0,2258.0,1402.0,646.0,3760.0,1382.0,1255.0,2904.0,845.0,3262.0,808.0,403.0,224.0,30317.0,25012.0,2770.0,2584.0,368.0,10404.0,696.0,1437.0,239.0,27.0,8650.0,8895.0,733.0,2019.0,564.0,398.0,9773.0,7267.0,2177.0,1433.0,9.0,2995.0,12.0,424.0,5.0,481.0,7848.0,6.0,2138.0,2038.0,43301.0,7915.0
2021-04-28,50.0,118.0,2142.0,1392.0,488.0,3448.0,1237.0,1309.0,2439.0,668.0,2501.0,800.0,429.0,244.0,31539.0,21438.0,2415.0,2365.0,469.0,13385.0,763.0,1342.0,207.0,16.0,7283.0,8427.0,664.0,2240.0,467.0,918.0,9281.0,7144.0,2499.0,1476.0,11.0,2958.0,7.0,370.0,5.0,419.0,9284.0,0.0,2007.0,2009.0,40444.0,9590.0
2021-04-29,34.0,108.0,2108.0,1196.0,595.0,3347.0,652.0,1505.0,2007.0,783.0,2239.0,756.0,369.0,208.0,26538.0,19154.0,2125.0,1951.0,544.0,14320.0,812.0,1425.0,153.0,15.0,7763.0,6796.0,649.0,1850.0,509.0,949.0,8889.0,5931.0,2230.0,1147.0,5.0,2975.0,10.0,329.0,2.0,414.0,8731.0,1.0,1613.0,1711.0,37674.0,11627.0
2021-04-30,0.0,100.0,1646.0,1213.0,371.0,3487.0,466.0,1244.0,2046.0,463.0,2188.0,689.0,413.0,195.0,24299.0,15065.0,1389.0,1593.0,567.0,13446.0,380.0,1068.0,198.0,12.0,5782.0,6469.0,600.0,1636.0,378.0,1017.0,9025.0,5424.0,1825.0,988.0,4.0,2933.0,7.0,323.0,3.0,441.0,9270.0,0.0,1374.0,1677.0,31891.0,10072.0
2021-05-01,50.0,53.0,1532.0,1058.0,107.0,1335.0,348.0,1081.0,944.0,58.0,1183.0,712.0,177.0,288.0,25670.0,6657.0,0.0,1219.0,401.0,12965.0,203.0,707.0,68.0,35.0,5460.0,4612.0,329.0,1307.0,130.0,363.0,3928.0,4753.0,1431.0,509.0,3.0,2508.0,5.0,175.0,0.0,251.0,8697.0,4.0,989.0,1159.0,28817.0,8549.0
2021-05-02,13.0,38.0,1099.0,0.0,244.0,1137.0,631.0,834.0,349.0,481.0,517.0,1021.0,178.0,132.0,9888.0,9124.0,2146.0,726.0,452.0,9148.0,425.0,986.0,9.0,27.0,9185.0,2525.0,197.0,1083.0,381.0,208.0,3125.0,1718.0,1521.0,788.0,4.0,2086.0,1.0,43.0,8.0,296.0,8489.0,5.0,1249.0,832.0,25980.0,5094.0
2021-05-03,21.0,51.0,1423.0,1381.0,280.0,4331.0,367.0,697.0,1396.0,509.0,2229.0,973.0,406.0,117.0,3760.0,20979.0,1368.0,1130.0,382.0,5948.0,358.0,1246.0,177.0,30.0,7757.0,2296.0,713.0,682.0,708.0,914.0,6021.0,3068.0,2084.0,2171.0,8.0,2327.0,7.0,126.0,3.0,511.0,7770.0,3.0,1304.0,2017.0,24733.0,2758.0
2021-05-04,24.0,92.0,1703.0,1080.0,419.0,3651.0,1635.0,1138.0,2494.0,562.0,2431.0,1055.0,429.0,184.0,24371.0,20854.0,2091.0,1680.0,415.0,9116.0,773.0,1414.0,183.0,9.0,7244.0,3896.0,553.0,994.0,343.0,929.0,7566.0,7035.0,2551.0,1806.0,6.0,2620.0,5.0,316.0,3.0,463.0,7975.0,0.0,1402.0,1735.0,28997.0,2472.0
2021-05-05,23.0,91.0,1379.0,844.0,471.0,3615.0,545.0,1219.0,1640.0,460.0,1890.0,887.0,367.0,269.0,26000.0,17166.0,3418.0,1541.0,387.0,10585.0,1036.0,1300.0,154.0,12.0,6752.0,6431.0,596.0,1564.0,362.0,774.0,7912.0,6482.0,2569.0,1547.0,2.0,2941.0,4.0,333.0,4.0,495.0,7639.0,0.0,1366.0,1648.0,26476.0,2576.0
2021-05-06,27.0,67.0,1378.0,722.0,340.0,3515.0,1123.0,1354.0,1435.0,324.0,1587.0,901.0,386.0,280.0,21712.0,15473.0,2671.0,1376.0,430.0,11807.0,786.0,1408.0,134.0,6.0,7458.0,6047.0,557.0,1632.0,373.0,606.0,6979.0,5716.0,2325.0,1564.0,5.0,2706.0,4.0,260.0,2.0,509.0,8386.0,0.0,1277.0,1484.0,22388.0,6038.0
2021-05-07,16.0,89.0,1141.0,649.0,296.0,3294.0,466.0,1369.0,1342.0,397.0,1652.0,848.0,352.0,254.0,19124.0,12037.0,2461.0,1145.0,399.0,10554.0,632.0,1014.0,147.0,9.0,7424.0,4765.0,556.0,1422.0,80.0,632.0,7523.0,5244.0,1981.0,1089.0,6.0,2372.0,3.0,191.0,2.0,438.0,8329.0,4.0,1056.0,1573.0,20107.0,8404.0
2021-05-08,17.0,57.0,1053.0,660.0,127.0,1714.0,241.0,1114.0,665.0,269.0,732.0,802.0,157.0,229.0,20745.0,5319.0,1427.0,680.0,506.0,10176.0,338.0,857.0,111.0,11.0,6636.0,3852.0,324.0,1305.0,311.0,289.0,3445.0,4476.0,1608.0,549.0,2.0,2165.0,3.0,145.0,0.0,352.0,8419.0,0.0,834.0,1061.0,18052.0,8710.0
2021-05-09,6.0,30.0,738.0,371.0,101.0,855.0,1078.0,979.0,253.0,276.0,389.0,1130.0,199.0,162.0,9128.0,7396.0,1900.0,490.0,380.0,8292.0,659.0,1264.0,14.0,6.0,5858.0,2032.0,194.0,857.0,350.0,147.0,2438.0,1657.0,2307.0,1788.0,6.0,1773.0,4.0,49.0,2.0,352.0,8465.0,3.0,918.0,779.0,15191.0,5372.0
2021-05-10,18.0,50.0,915.0,514.0,295.0,3362.0,877.0,742.0,876.0,390.0,1563.0,1300.0,363.0,143.0,3292.0,16751.0,3172.0,905.0,378.0,5080.0,729.0,1206.0,128.0,5.0,5523.0,3098.0,474.0,620.0,404.0,558.0,6016.0,2460.0,2808.0,1409.0,3.0,1824.0,4.0,151.0,5.0,524.0,8115.0,1.0,1125.0,1719.0,13604.0,2817.0
2021-05-11,23.0,42.0,1153.0,558.0,284.0,2990.0,657.0,896.0,1471.0,260.0,1702.0,1157.0,373.0,124.0,19791.0,16485.0,2478.0,1416.0,446.0,6946.0,698.0,1218.0,188.0,4.0,6341.0,4255.0,602.0,1156.0,328.0,726.0,5992.0,6311.0,2328.0,776.0,4.0,2456.0,1.0,224.0,1.0,427.0,8217.0,0.0,1046.0,1383.0,14497.0,2208.0
2021-05-12,0.0,45.0,981.0,509.0,207.0,2808.0,506.0,837.0,1064.0,213.0,1275.0,905.0,303.0,280.0,21498.0,9665.0,2139.0,1190.0,437.0,7852.0,666.0,1245.0,159.0,1.0,6010.0,3730.0,596.0,930.0,294.0,597.0,5942.0,5269.0,2334.0,1390.0,7.0,2676.0,1.0,213.0,3.0,380.0,8380.0,2.0,901.0,1441.0,13029.0,4538.0
2021-05-13,40.0,49.0,850.0,326.0,140.0,943.0,518.0,1109.0,926.0,171.0,1235.0,872.0,285.0,262.0,19461.0,7643.0,2188.0,1039.0,420.0,8085.0,544.0,1137.0,24.0,4.0,5541.0,3288.0,576.0,953.0,258.0,471.0,5684.0,3918.0,2182.0,1576.0,4.0,2635.0,1.0,181.0,0.0,298.0,9462.0,0.0,787.0,672.0,11534.0,6813.0
2021-05-14,0.0,39.0,632.0,377.0,170.0,2557.0,203.0,1363.0,826.0,157.0,1059.0,941.0,283.0,154.0,7025.0,8598.0,1950.0,718.0,461.0,7567.0,381.0,918.0,108.0,2.0,4472.0,2896.0,560.0,835.0,103.0,494.0,5966.0,2579.0,1936.0,968.0,2.0,2577.0,3.0,169.0,3.0,415.0,8790.0,0.0,705.0,1169.0,11394.0,7562.0
2021-05-15,0.0,37.0,683.0,472.0,106.0,1254.0,151.0,1627.0,480.0,165.0,599.0,920.0,134.0,192.0,15685.0,4274.0,1259.0,426.0,375.0,6659.0,147.0,556.0,101.0,4.0,4424.0,2167.0,318.0,729.0,136.0,292.0,2864.0,3969.0,1626.0,504.0,7.0,2109.0,3.0,109.0,0.0,240.0,8554.0,0.0,568.0,802.0,11472.0,6796.0
2021-05-16,45.0,17.0,519.0,426.0,71.0,735.0,677.0,1191.0,116.0,167.0,261.0,1150.0,153.0,227.0,13948.0,5251.0,1395.0,382.0,379.0,5753.0,563.0,679.0,20.0,2.0,2858.0,1109.0,154.0,565.0,233.0,113.0,2215.0,1408.0,1922.0,1562.0,3.0,1838.0,3.0,109.0,1.0,280.0,9328.0,0.0,575.0,653.0,10512.0,3620.0
2021-05-17,14.0,39.0,633.0,432.0,185.0,3576.0,457.0,1179.0,491.0,167.0,1144.0,1156.0,298.0,144.0,3350.0,12327.0,2781.0,633.0,365.0,3455.0,609.0,974.0,53.0,3.0,5325.0,1734.0,555.0,392.0,246.0,503.0,5148.0,2106.0,2858.0,1160.0,0.0,2142.0,2.0,121.0,3.0,183.0,8183.0,0.0,686.0,1671.0,10174.0,2136.0
2021-05-18,0.0,24.0,841.0,339.0,172.0,3264.0,361.0,1378.0,1000.0,135.0,1212.0,1138.0,257.0,149.0,17210.0,11309.0,2292.0,780.0,526.0,4452.0,497.0,925.0,165.0,2.0,4542.0,2344.0,546.0,681.0,253.0,532.0,5965.0,4642.0,2812.0,1104.0,2.0,2538.0,0.0,138.0,0.0,542.0,7920.0,0.0,609.0,1344.0,11937.0,4095.0
2021-05-19,40.0,23.0,605.0,437.0,171.0,3118.0,368.0,1457.0,695.0,77.0,785.0,1017.0,242.0,289.0,19050.0,8432.0,1886.0,657.0,470.0,5506.0,477.0,866.0,68.0,6.0,4615.0,2086.0,674.0,707.0,138.0,358.0,5419.0,3410.0,2812.0,1064.0,5.0,2388.0,1.0,166.0,2.0,541.0,9232.0,0.0,550.0,1212.0,11553.0,5138.0
2021-05-20,0.0,35.0,657.0,406.0,132.0,2409.0,362.0,1756.0,525.0,135.0,692.0,829.0,229.0,259.0,15415.0,7582.0,1982.0,647.0,533.0,5741.0,441.0,816.0,50.0,2.0,4137.0,1679.0,645.0,618.0,190.0,331.0,5459.0,3166.0,2517.0,1071.0,0.0,2369.0,3.0,120.0,1.0,603.0,8937.0,0.0,391.0,1040.0,9385.0,5165.0
2021-05-21,0.0,23.0,564.0,352.0,103.0,2425.0,148.0,1471.0,518.0,91.0,682.0,785.0,181.0,211.0,12800.0,5821.0,1503.0,416.0,384.0,5218.0,233.0,523.0,65.0,5.0,3173.0,1516.0,651.0,484.0,116.0,383.0,5646.0,2317.0,2365.0,733.0,0.0,2253.0,2.0,102.0,1.0,668.0,8709.0,0.0,404.0,984.0,9528.0,4984.0
2021-05-22,0.0,33.0,507.0,219.0,83.0,1434.0,81.0,1252.0,251.0,75.0,337.0,801.0,103.0,248.0,12611.0,2002.0,875.0,258.0,447.0,4717.0,134.0,272.0,85.0,2.0,3422.0,1075.0,401.0,455.0,19.0,159.0,2712.0,1909.0,2000.0,388.0,0.0,1847.0,1.0,75.0,0.0,352.0,8951.0,0.0,266.0,623.0,8697.0,4606.0
2021-05-23,55.0,6.0,347.0,156.0,55.0,773.0,81.0,953.0,74.0,100.0,199.0,860.0,77.0,121.0,9704.0,1798.0,1377.0,164.0,349.0,3995.0,435.0,499.0,9.0,3.0,2727.0,559.0,224.0,307.0,132.0,83.0,1989.0,620.0,2326.0,1354.0,0.0,1568.0,2.0,65.0,0.0,338.0,8406.0,0.0,376.0,470.0,7839.0,2533.0
2021-05-24,0.0,14.0,406.0,284.0,122.0,899.0,406.0,840.0,323.0,79.0,704.0,1100.0,164.0,93.0,2229.0,3671.0,2402.0,213.0,353.0,2490.0,396.0,599.0,1.0,7.0,2483.0,1000.0,506.0,230.0,190.0,332.0,4546.0,1195.0,3368.0,1015.0,5.0,1860.0,0.0,73.0,1.0,383.0,7884.0,1.0,414.0,581.0,7523.0,1334.0
2021-05-25,7.0,15.0,474.0,203.0,145.0,2789.0,393.0,1169.0,538.0,69.0,669.0,1199.0,186.0,125.0,3155.0,7151.0,1511.0,396.0,445.0,3224.0,348.0,600.0,90.0,4.0,2738.0,1267.0,662.0,381.0,168.0,388.0,5443.0,2739.0,3427.0,508.0,6.0,1956.0,2.0,94.0,1.0,428.0,8373.0,0.0,387.0,1148.0,9375.0,2608.0
2021-05-26,11.0,20.0,606.0,220.0,104.0,2534.0,293.0,1216.0,375.0,75.0,555.0,997.0,147.0,220.0,12646.0,6818.0,1876.0,448.0,432.0,3937.0,354.0,528.0,80.0,6.0,3373.0,1230.0,674.0,379.0,96.0,365.0,5272.0,1418.0,3921.0,1056.0,4.0,1827.0,3.0,77.0,0.0,363.0,9039.0,0.0,326.0,923.0,8738.0,3395.0
2021-05-27,11.0,21.0,537.0,242.0,77.0,2215.0,287.0,1434.0,321.0,73.0,517.0,923.0,141.0,98.0,13933.0,5160.0,1928.0,465.0,461.0,4147.0,306.0,549.0,81.0,3.0,3836.0,946.0,681.0,307.0,148.0,288.0,5343.0,92.0,3747.0,986.0,5.0,1784.0,2.0,75.0,0.0,384.0,9252.0,0.0,330.0,849.0,8426.0,3509.0
2021-05-28,0.0,12.0,424.0,164.0,99.0,2023.0,115.0,0.0,338.0,56.0,463.0,815.0,128.0,182.0,11268.0,3690.0,1497.0,0.0,456.0,3738.0,180.0,301.0,59.0,4.0,3345.0,775.0,650.0,321.0,102.0,355.0,5336.0,297.0,3589.0,723.0,3.0,1654.0,1.0,45.0,0.0,347.0,9289.0,0.0,274.0,751.0,7773.0,3306.0
2021-05-29,0.0,12.0,385.0,141.0,40.0,1116.0,53.0,2170.0,186.0,44.0,222.0,823.0,66.0,78.0,10675.0,1606.0,906.0,506.0,367.0,3351.0,101.0,200.0,43.0,2.0,2621.0,579.0,422.0,265.0,31.0,135.0,2922.0,285.0,3000.0,360.0,7.0,1432.0,2.0,40.0,1.0,199.0,9694.0,0.0,178.0,500.0,7656.0,3096.0
2021-05-30,34.0,6.0,327.0,92.0,34.0,603.0,303.0,632.0,40.0,95.0,113.0,1016.0,60.0,150.0,8541.0,2439.0,1005.0,174.0,370.0,2949.0,319.0,368.0,0.0,8.0,2020.0,333.0,354.0,158.0,145.0,91.0,1955.0,1948.0,3164.0,1233.0,0.0,1134.0,2.0,41.0,0.0,185.0,8475.0,0.0,248.0,357.0,6933.0,1703.0
2021-05-31,2.0,22.0,360.0,176.0,81.0,2026.0,236.0,636.0,216.0,58.0,526.0,1103.0,133.0,244.0,1211.0,5104.0,1857.0,275.0,337.0,1820.0,348.0,444.0,51.0,10.0,2480.0,588.0,732.0,153.0,124.0,324.0,4829.0,1898.0,3897.0,954.0,5.0,1442.0,0.0,55.0,2.0,344.0,9500.0,1.0,230.0,854.0,6493.0,1022.0
2021-06-01,15.0,14.0,489.0,156.0,79.0,1682.0,197.0,915.0,432.0,58.0,485.0,929.0,131.0,154.0,9848.0,4487.0,1379.0,315.0,407.0,2483.0,296.0,330.0,44.0,4.0,2559.0,664.0,761.0,241.0,139.0,374.0,5131.0,2783.0,5431.0,833.0,5.0,1476.0,4.0,44.0,2.0,387.0,8832.0,0.0,287.0,652.0,7112.0,2137.0
2021-06-02,8.0,9.0,305.0,128.0,80.0,1498.0,170.0,879.0,280.0,53.0,358.0,751.0,107.0,128.0,8743.0,2939.0,1209.0,269.0,465.0,2897.0,259.0,380.0,61.0,2.0,2761.0,572.0,904.0,164.0,94.0,273.0,5124.0,1364.0,6168.0,779.0,2.0,1422.0,2.0,69.0,0.0,293.0,8933.0,0.0,218.0,551.0,7181.0,2205.0
2021-06-03,6.0,12.0,351.0,123.0,52.0,1466.0,157.0,1183.0,88.0,83.0,437.0,706.0,101.0,143.0,8161.0,2275.0,1106.0,300.0,517.0,1968.0,256.0,345.0,94.0,9.0,2395.0,319.0,398.0,196.0,117.0,280.0,4462.0,1080.0,6256.0,832.0,7.0,1303.0,2.0,48.0,0.0,282.0,8947.0,0.0,210.0,468.0,6602.0,2581.0
2021-06-04,0.0,2.0,284.0,108.0,56.0,1348.0,89.0,857.0,211.0,41.0,331.0,624.0,63.0,125.0,6953.0,2308.0,932.0,137.0,384.0,2557.0,135.0,206.0,34.0,3.0,2117.0,415.0,683.0,225.0,96.0,245.0,4582.0,989.0,5860.0,504.0,4.0,1280.0,1.0,30.0,0.0,262.0,9145.0,0.0,145.0,491.0,6169.0,2266.0
2021-06-05,19.0,5.0,326.0,68.0,26.0,647.0,47.0,943.0,157.0,29.0,153.0,546.0,52.0,120.0,6654.0,1135.0,579.0,81.0,313.0,2436.0,76.0,84.0,37.0,0.0,1568.0,312.0,537.0,179.0,15.0,157.0,2442.0,758.0,4731.0,307.0,2.0,1010.0,1.0,21.0,0.0,145.0,9163.0,0.0,116.0,313.0,6126.0,1897.0
2021-06-06,4.0,5.0,311.0,32.0,24.0,399.0,208.0,570.0,43.0,80.0,99.0,622.0,39.0,68.0,5070.0,1715.0,798.0,117.0,377.0,2275.0,256.0,221.0,3.0,1.0,1468.0,194.0,319.0,121.0,95.0,57.0,1715.0,222.0,5533.0,1023.0,2.0,773.0,0.0,48.0,0.0,151.0,9429.0,0.0,162.0,187.0,5386.0,937.0
2021-06-07,0.0,13.0,307.0,102.0,45.0,1237.0,178.0,597.0,178.0,60.0,300.0,513.0,85.0,55.0,1164.0,3537.0,1339.0,179.0,271.0,1273.0,244.0,239.0,35.0,1.0,1436.0,400.0,800.0,89.0,147.0,221.0,4171.0,490.0,7945.0,821.0,0.0,1119.0,0.0,40.0,3.0,203.0,9977.0,0.0,214.0,584.0,5647.0,535.0
2021-06-08,10.0,18.0,356.0,68.0,57.0,1041.0,131.0,834.0,275.0,77.0,387.0,482.0,69.0,113.0,6018.0,2866.0,915.0,206.0,227.0,1896.0,196.0,214.0,52.0,4.0,1751.0,428.0,879.0,202.0,116.0,255.0,4155.0,1183.0,7896.0,705.0,4.0,1215.0,1.0,60.0,3.0,213.0,10407.0,0.0,198.0,417.0,6609.0,1602.0
2021-06-09,14.0,11.0,287.0,75.0,55.0,841.0,100.0,966.0,184.0,59.0,264.0,419.0,54.0,126.0,5557.0,2282.0,750.0,199.0,398.0,2199.0,178.0,188.0,40.0,2.0,1577.0,382.0,1016.0,140.0,84.0,195.0,4114.0,825.0,8210.0,695.0,0.0,1190.0,0.0,60.0,2.0,207.0,11699.0,0.0,210.0,375.0,6454.0,1385.0
2021-06-10,8.0,11.0,227.0,73.0,30.0,764.0,123.0,1026.0,134.0,60.0,197.0,316.0,54.0,93.0,4475.0,1842.0,784.0,0.0,319.0,2079.0,178.0,225.0,23.0,2.0,1387.0,341.0,454.0,133.0,91.0,122.0,4122.0,729.0,8042.0,794.0,1.0,1181.0,3.0,54.0,4.0,202.0,12505.0,0.0,172.0,304.0,6408.0,1785.0
2021-06-11,0.0,12.0,198.0,61.0,46.0,779.0,81.0,895.0,125.0,42.0,183.0,248.0,53.0,47.0,3871.0,1311.0,682.0,0.0,431.0,1901.0,90.0,119.0,21.0,0.0,1239.0,239.0,842.0,103.0,42.0,126.0,4004.0,484.0,7619.0,522.0,0.0,1128.0,1.0,43.0,4.0,155.0,13510.0,0.0,119.0,318.0,6261.0,1603.0
2021-06-12,0.0,10.0,207.0,45.0,19.0,390.0,42.0,923.0,59.0,33.0,77.0,229.0,38.0,114.0,3972.0,516.0,297.0,255.0,315.0,1723.0,74.0,70.0,17.0,1.0,1041.0,227.0,625.0,127.0,12.0,91.0,2214.0,524.0,6284.0,311.0,3.0,978.0,0.0,39.0,1.0,129.0,14723.0,0.0,138.0,194.0,6076.0,1274.0
2021-06-13,13.0,2.0,103.0,25.0,6.0,209.0,157.0,697.0,18.0,57.0,42.0,311.0,28.0,47.0,2855.0,934.0,468.0,57.0,202.0,1390.0,143.0,120.0,1.0,0.0,878.0,140.0,563.0,69.0,49.0,24.0,1554.0,159.0,7135.0,1092.0,2.0,760.0,0.0,33.0,1.0,111.0,13721.0,0.0,124.0,121.0,5012.0,857.0
2021-06-14,2.0,8.0,147.0,68.0,29.0,765.0,161.0,501.0,96.0,64.0,179.0,308.0,62.0,29.0,689.0,1703.0,794.0,107.0,283.0,907.0,156.0,139.0,21.0,3.0,1040.0,215.0,1103.0,50.0,62.0,116.0,3620.0,0.0,10362.0,811.0,1.0,1128.0,0.0,48.0,6.0,208.0,14185.0,0.0,132.0,328.0,5626.0,420.0
2021-06-15,8.0,7.0,180.0,27.0,33.0,535.0,95.0,887.0,146.0,68.0,213.0,288.0,60.0,73.0,3235.0,1445.0,546.0,113.0,287.0,1255.0,141.0,104.0,19.0,0.0,1024.0,241.0,1301.0,103.0,61.0,118.0,4065.0,1.0,10796.0,741.0,3.0,1202.0,1.0,59.0,7.0,195.0,13397.0,0.0,160.0,233.0,5955.0,1014.0
2021-06-16,3.0,5.0,171.0,48.0,61.0,419.0,110.0,873.0,95.0,65.0,135.0,213.0,41.0,103.0,3058.0,1160.0,512.0,106.0,373.0,1400.0,108.0,75.0,18.0,3.0,1056.0,218.0,1217.0,104.0,38.0,83.0,3978.0,36.0,11052.0,671.0,1.0,1253.0,0.0,57.0,6.0,215.0,14057.0,0.0,135.0,191.0,6221.0,1045.0
2021-06-17,3.0,3.0,131.0,60.0,23.0,450.0,105.0,764.0,113.0,76.0,165.0,203.0,56.0,55.0,2786.0,1033.0,453.0,0.0,302.0,1325.0,84.0,75.0,13.0,0.0,890.0,190.0,1363.0,87.0,49.0,88.0,3995.0,2190.0,11106.0,769.0,1.0,1215.0,0.0,60.0,2.0,197.0,17262.0,1.0,162.0,156.0,5904.0,1188.0
2021-06-18,0.0,4.0,149.0,38.0,28.0,424.0,41.0,711.0,84.0,62.0,149.0,173.0,35.0,73.0,2439.0,737.0,389.0,0.0,393.0,1147.0,74.0,52.0,11.0,1.0,692.0,168.0,1343.0,70.0,28.0,84.0,4012.0,601.0,10320.0,521.0,0.0,1175.0,2.0,49.0,1.0,171.0,17906.0,0.0,89.0,149.0,5575.0,967.0
2021-06-19,0.0,2.0,108.0,56.0,9.0,274.0,27.0,582.0,58.0,61.0,64.0,161.0,26.0,115.0,2624.0,276.0,247.0,202.0,393.0,1197.0,40.0,30.0,8.0,1.0,710.0,133.0,867.0,63.0,1.0,26.0,2266.0,19.0,8446.0,260.0,0.0,940.0,0.0,37.0,0.0,153.0,17611.0,0.0,60.0,103.0,5480.0,852.0
2021-06-20,22.0,1.0,115.0,28.0,9.0,139.0,120.0,475.0,11.0,67.0,59.0,189.0,12.0,65.0,1815.0,609.0,206.0,54.0,284.0,881.0,125.0,61.0,0.0,5.0,568.0,73.0,687.0,53.0,59.0,19.0,1668.0,1.0,10088.0,914.0,4.0,944.0,0.0,47.0,1.0,115.0,17378.0,0.0,88.0,78.0,5091.0,479.0
2021-06-21,0.0,5.0,102.0,47.0,26.0,482.0,94.0,398.0,75.0,122.0,123.0,175.0,37.0,45.0,487.0,1068.0,395.0,91.0,174.0,495.0,102.0,63.0,12.0,0.0,698.0,188.0,1255.0,26.0,35.0,67.0,3862.0,678.0,16307.0,773.0,2.0,1329.0,0.0,45.0,5.0,205.0,16715.0,0.0,72.0,165.0,5294.0,323.0
2021-06-22,9.0,1.0,116.0,57.0,24.0,365.0,93.0,802.0,43.0,167.0,112.0,206.0,26.0,110.0,2204.0,905.0,512.0,69.0,298.0,835.0,33.0,63.0,35.0,3.0,665.0,165.0,1553.0,41.0,36.0,50.0,4425.0,506.0,17403.0,656.0,2.0,1577.0,2.0,92.0,3.0,266.0,17594.0,0.0,103.0,122.0,6143.0,296.0
2021-06-23,4.0,2.0,99.0,51.0,26.0,396.0,62.0,786.0,101.0,175.0,116.0,213.0,20.0,107.0,2320.0,829.0,454.0,66.0,304.0,951.0,20.0,21.0,4.0,5.0,696.0,147.0,1607.0,66.0,34.0,43.0,5025.0,379.0,18350.0,699.0,0.0,1523.0,2.0,63.0,5.0,239.0,20182.0,0.0,80.0,127.0,5809.0,835.0
2021-06-24,5.0,7.0,108.0,65.0,9.0,339.0,86.0,813.0,118.0,169.0,101.0,191.0,12.0,123.0,2007.0,740.0,386.0,0.0,380.0,927.0,39.0,43.0,14.0,3.0,646.0,133.0,1602.0,68.0,41.0,46.0,3896.0,373.0,18712.0,754.0,2.0,1784.0,0.0,88.0,8.0,174.0,20393.0,0.0,76.0,113.0,5703.0,937.0
2021-06-25,0.0,3.0,117.0,55.0,22.0,398.0,28.0,778.0,86.0,226.0,133.0,145.0,34.0,131.0,1986.0,484.0,375.0,0.0,443.0,753.0,41.0,25.0,19.0,0.0,550.0,100.0,1626.0,65.0,20.0,11.0,5693.0,31.0,18169.0,585.0,3.0,1757.0,0.0,52.0,1.0,175.0,21665.0,0.0,66.0,98.0,5630.0,876.0
2021-06-26,0.0,3.0,66.0,40.0,17.0,259.0,16.0,609.0,45.0,216.0,67.0,186.0,27.0,270.0,2128.0,223.0,235.0,132.0,340.0,838.0,30.0,15.0,18.0,6.0,501.0,71.0,1276.0,62.0,15.0,19.0,3757.0,8.0,16301.0,352.0,7.0,1701.0,0.0,32.0,0.0,106.0,20538.0,0.0,63.0,60.0,5266.0,756.0
2021-06-27,0.0,1.0,73.0,38.0,7.0,177.0,115.0,441.0,14.0,314.0,59.0,289.0,15.0,95.0,1578.0,524.0,361.0,34.0,329.0,782.0,89.0,35.0,5.0,6.0,567.0,52.0,803.0,46.0,43.0,12.0,3126.0,8.0,18502.0,1194.0,1.0,1323.0,2.0,55.0,4.0,106.0,21650.0,0.0,84.0,59.0,4883.0,450.0
2021-06-28,18.0,1.0,93.0,87.0,13.0,598.0,105.0,495.0,70.0,332.0,156.0,398.0,47.0,84.0,509.0,898.0,563.0,52.0,342.0,389.0,100.0,42.0,53.0,5.0,527.0,123.0,1953.0,37.0,33.0,41.0,8139.0,444.0,28418.0,1010.0,1.0,2099.0,1.0,55.0,1.0,226.0,20616.0,0.0,73.0,150.0,5283.0,285.0
2021-06-29,11.0,7.0,106.0,86.0,18.0,557.0,78.0,914.0,136.0,815.0,162.0,480.0,37.0,219.0,2314.0,866.0,627.0,32.0,405.0,679.0,71.0,30.0,92.0,4.0,636.0,104.0,2233.0,73.0,17.0,47.0,10724.0,251.0,28199.0,980.0,1.0,2524.0,3.0,65.0,1.0,213.0,21042.0,0.0,104.0,115.0,5846.0,182.0
2021-06-30,7.0,2.0,80.0,75.0,10.0,628.0,73.0,1023.0,103.0,473.0,140.0,387.0,21.0,355.0,2457.0,711.0,729.0,37.0,448.0,776.0,40.0,29.0,107.0,6.0,822.0,98.0,2284.0,52.0,17.0,23.0,13116.0,560.0,28923.0,964.0,3.0,2666.0,2.0,82.0,3.0,261.0,23543.0,0.0,81.0,159.0,5496.0,633.0
2021-07-01,0.0,3.0,108.0,101.0,15.0,676.0,81.0,1118.0,92.0,529.0,170.0,373.0,39.0,222.0,2664.0,670.0,980.0,0.0,512.0,882.0,60.0,34.0,136.0,7.0,940.0,96.0,2416.0,31.0,20.0,25.0,14070.0,284.0,28794.0,1026.0,3.0,2852.0,2.0,54.0,6.0,197.0,23218.0,0.0,74.0,169.0,5288.0,705.0
2021-07-02,0.0,8.0,104.0,95.0,11.0,724.0,51.0,1076.0,114.0,583.0,168.0,355.0,39.0,216.0,2683.0,509.0,1182.0,0.0,448.0,794.0,31.0,23.0,194.0,12.0,1120.0,107.0,2714.0,37.0,21.0,30.0,14980.0,326.0,26340.0,0.0,2.0,3073.0,3.0,61.0,1.0,186.0,24439.0,0.0,79.0,165.0,4891.0,696.0
2021-07-03,0.0,1.0,68.0,99.0,6.0,521.0,19.0,944.0,56.0,577.0,125.0,405.0,27.0,192.0,3006.0,208.0,617.0,65.0,562.0,932.0,22.0,19.0,195.0,12.0,1200.0,54.0,1741.0,58.0,3.0,9.0,10295.0,3.0,24010.0,838.0,2.0,3113.0,0.0,39.0,0.0,99.0,25142.0,0.0,77.0,129.0,4537.0,705.0
2021-07-04,73.0,2.0,73.0,62.0,7.0,366.0,98.0,614.0,9.0,787.0,109.0,677.0,20.0,91.0,2549.0,558.0,999.0,32.0,335.0,808.0,46.0,37.0,9.0,11.0,1512.0,38.0,1353.0,33.0,15.0,8.0,7641.0,2.0,25170.0,1407.0,3.0,2627.0,0.0,65.0,2.0,123.0,24353.0,0.0,110.0,139.0,4418.0,377.0
2021-07-05,0.0,7.0,103.0,78.0,22.0,998.0,87.0,557.0,96.0,827.0,130.0,660.0,50.0,106.0,796.0,1064.0,2181.0,44.0,397.0,480.0,48.0,46.0,118.0,25.0,2192.0,96.0,2573.0,28.0,45.0,47.0,16936.0,415.0,34919.0,1392.0,5.0,2738.0,3.0,70.0,6.0,207.0,23378.0,0.0,110.0,310.0,4678.0,244.0
2021-07-06,30.0,13.0,127.0,127.0,20.0,1042.0,60.0,998.0,141.0,952.0,111.0,618.0,42.0,222.0,3585.0,962.0,1816.0,55.0,533.0,907.0,50.0,35.0,201.0,55.0,3601.0,103.0,3244.0,51.0,33.0,73.0,20523.0,369.0,36060.0,1043.0,2.0,2826.0,4.0,82.0,4.0,200.0,23962.0,0.0,103.0,289.0,5299.0,541.0
2021-07-07,29.0,8.0,148.0,104.0,17.0,1173.0,55.0,1035.0,110.0,993.0,281.0,543.0,58.0,258.0,4081.0,957.0,2061.0,44.0,533.0,1010.0,34.0,67.0,131.0,96.0,5392.0,93.0,3392.0,60.0,39.0,68.0,23095.0,258.0,38597.0,1108.0,4.0,3049.0,2.0,85.0,4.0,204.0,24818.0,1.0,97.0,320.0,5160.0,610.0
2021-07-08,25.0,15.0,199.0,174.0,15.0,1227.0,61.0,1250.0,87.0,882.0,260.0,567.0,39.0,300.0,4442.0,949.0,1997.0,0.0,631.0,1394.0,32.0,76.0,131.0,109.0,6881.0,76.0,3275.0,30.0,41.0,82.0,22804.0,237.0,34016.0,1364.0,3.0,3242.0,0.0,71.0,8.0,183.0,25766.0,0.0,110.0,316.0,5171.0,617.0
2021-07-09,0.0,7.0,178.0,136.0,23.0,1289.0,32.0,1082.0,88.0,960.0,288.0,655.0,64.0,302.0,4580.0,791.0,2327.0,0.0,581.0,1390.0,36.0,28.0,127.0,101.0,10224.0,86.0,3380.0,54.0,25.0,82.0,24571.0,228.0,32803.0,952.0,2.0,3813.0,2.0,76.0,11.0,175.0,25082.0,0.0,77.0,327.0,5670.0,655.0
2021-07-10,0.0,5.0,154.0,156.0,2.0,1004.0,16.0,1020.0,58.0,849.0,164.0,923.0,27.0,293.0,4696.0,311.0,1464.0,102.0,576.0,1400.0,18.0,26.0,113.0,179.0,9303.0,66.0,2051.0,36.0,7.0,25.0,15083.0,7.0,28379.0,659.0,5.0,3939.0,2.0,48.0,0.0,108.0,25033.0,1.0,69.0,255.0,5530.0,507.0
2021-07-11,80.0,5.0,184.0,69.0,11.0,781.0,83.0,689.0,15.0,832.0,158.0,1112.0,22.0,138.0,4256.0,803.0,2063.0,17.0,572.0,1391.0,53.0,79.0,8.0,154.0,8431.0,44.0,1643.0,26.0,28.0,12.0,12315.0,0.0,30503.0,1863.0,4.0,3712.0,0.0,62.0,2.0,101.0,25140.0,0.0,118.0,230.0,5261.0,290.0
2021-07-12,12.0,11.0,245.0,133.0,33.0,1764.0,74.0,586.0,83.0,1081.0,243.0,1218.0,57.0,133.0,1260.0,1765.0,3911.0,56.0,589.0,888.0,34.0,77.0,135.0,218.0,7800.0,96.0,3281.0,39.0,18.0,140.0,25839.0,443.0,44512.0,1662.0,3.0,4542.0,3.0,59.0,16.0,187.0,24702.0,2.0,145.0,571.0,5404.0,174.0
2021-07-13,0.0,8.0,273.0,146.0,24.0,1429.0,84.0,940.0,155.0,1120.0,323.0,1190.0,56.0,290.0,6950.0,1627.0,2935.0,49.0,737.0,1534.0,37.0,112.0,118.0,222.0,10405.0,86.0,4590.0,51.0,29.0,83.0,28468.0,370.0,47706.0,1398.0,9.0,5441.0,1.0,90.0,8.0,146.0,23827.0,1.0,125.0,520.0,6285.0,481.0
2021-07-14,72.0,13.0,302.0,199.0,29.0,1446.0,94.0,991.0,139.0,1152.0,259.0,1037.0,64.0,383.0,8875.0,1520.0,2794.0,64.0,994.0,2153.0,46.0,81.0,123.0,235.0,10978.0,105.0,4062.0,79.0,34.0,56.0,29934.0,350.0,54909.0,1653.0,17.0,5770.0,1.0,88.0,7.0,183.0,25293.0,1.0,156.0,590.0,6907.0,547.0
2021-07-15,34.0,18.0,352.0,169.0,18.0,1390.0,76.0,1276.0,131.0,953.0,220.0,809.0,62.0,324.0,3617.0,1620.0,2688.0,0.0,1170.0,2455.0,39.0,99.0,127.0,206.0,11258.0,93.0,4092.0,62.0,37.0,64.0,29594.0,366.0,62000.0,1808.0,14.0,5804.0,5.0,76.0,7.0,187.0,25704.0,1.0,206.0,623.0,7304.0,623.0
2021-07-16,0.0,18.0,431.0,213.0,16.0,1570.0,57.0,1021.0,139.0,928.0,245.0,778.0,64.0,380.0,10908.0,1281.0,2554.0,0.0,1377.0,2898.0,33.0,79.0,133.0,195.0,11050.0,114.0,4279.0,72.0,29.0,61.0,29738.0,337.0,55263.0,1286.0,24.0,5617.0,0.0,61.0,18.0,226.0,25116.0,1.0,166.0,645.0,6918.0,737.0
2021-07-17,0.0,21.0,336.0,255.0,10.0,1104.0,35.0,953.0,107.0,858.0,197.0,722.0,41.0,384.0,10949.0,499.0,1558.0,139.0,1179.0,3121.0,25.0,66.0,84.0,146.0,10183.0,69.0,3092.0,49.0,4.0,21.0,18573.0,11.0,38475.0,848.0,16.0,5343.0,1.0,43.0,2.0,111.0,25018.0,0.0,125.0,454.0,7666.0,591.0
2021-07-18,86.0,11.0,265.0,148.0,2.0,838.0,113.0,658.0,18.0,1056.0,118.0,854.0,35.0,180.0,12532.0,1431.0,1834.0,25.0,1071.0,3127.0,54.0,110.0,7.0,217.0,8874.0,67.0,2428.0,44.0,35.0,9.0,14504.0,6.0,36181.0,2616.0,16.0,4914.0,4.0,61.0,11.0,144.0,24633.0,5.0,227.0,395.0,7680.0,299.0
2021-07-19,20.0,43.0,336.0,251.0,27.0,2134.0,145.0,600.0,146.0,995.0,223.0,809.0,81.0,156.0,4151.0,2341.0,4327.0,56.0,1110.0,2072.0,62.0,174.0,90.0,199.0,6776.0,104.0,3282.0,46.0,46.0,33.0,29832.0,628.0,47924.0,2415.0,44.0,5406.0,2.0,89.0,24.0,229.0,23770.0,0.0,189.0,857.0,7667.0,182.0
2021-07-20,0.0,23.0,363.0,225.0,5.0,1954.0,96.0,975.0,191.0,1014.0,300.0,800.0,97.0,461.0,18181.0,2297.0,2968.0,71.0,1260.0,3558.0,44.0,204.0,140.0,166.0,6856.0,124.0,4237.0,95.0,34.0,111.0,31852.0,517.0,39877.0,2261.0,57.0,5742.0,3.0,141.0,11.0,173.0,23704.0,4.0,228.0,737.0,8780.0,598.0
2021-07-21,85.0,34.0,419.0,212.0,39.0,790.0,121.0,1069.0,179.0,1046.0,234.0,700.0,121.0,453.0,21539.0,2226.0,2601.0,85.0,1188.0,4259.0,38.0,238.0,94.0,172.0,6233.0,126.0,3770.0,102.0,40.0,69.0,31903.0,582.0,35548.0,2460.0,78.0,6352.0,1.0,128.0,16.0,261.0,24471.0,3.0,228.0,874.0,8151.0,655.0
2021-07-22,34.0,31.0,421.0,371.0,36.0,1914.0,135.0,1103.0,176.0,895.0,213.0,732.0,84.0,404.0,21909.0,2120.0,2852.0,0.0,1386.0,5057.0,43.0,234.0,103.0,171.0,6370.0,108.0,4172.0,78.0,43.0,58.0,31086.0,477.0,31278.0,2617.0,84.0,6746.0,3.0,119.0,13.0,215.0,23811.0,3.0,202.0,724.0,9586.0,726.0
2021-07-23,0.0,25.0,342.0,412.0,39.0,1656.0,54.0,1061.0,191.0,789.0,190.0,635.0,106.0,412.0,19561.0,1594.0,2472.0,0.0,1345.0,5143.0,56.0,190.0,75.0,127.0,5259.0,122.0,3630.0,104.0,46.0,93.0,30227.0,444.0,27817.0,2061.0,96.0,6843.0,1.0,97.0,22.0,251.0,23947.0,4.0,249.0,743.0,11094.0,763.0
2021-07-24,0.0,22.0,325.0,386.0,23.0,1158.0,57.0,880.0,125.0,727.0,127.0,771.0,91.0,570.0,25624.0,638.0,1553.0,161.0,1126.0,5140.0,23.0,118.0,61.0,94.0,4607.0,82.0,2356.0,126.0,7.0,32.0,18210.0,11.0,22852.0,1264.0,88.0,6721.0,1.0,43.0,6.0,175.0,24072.0,0.0,199.0,538.0,12381.0,745.0
2021-07-25,79.0,16.0,316.0,272.0,13.0,784.0,193.0,648.0,27.0,851.0,81.0,1029.0,67.0,360.0,15242.0,1663.0,2056.0,26.0,1276.0,4743.0,68.0,212.0,4.0,142.0,3834.0,74.0,1710.0,109.0,51.0,22.0,12711.0,2.0,22187.0,3666.0,71.0,6820.0,4.0,89.0,11.0,199.0,23239.0,15.0,241.0,480.0,14230.0,286.0
2021-07-26,9.0,31.0,365.0,468.0,28.0,2112.0,200.0,525.0,193.0,791.0,202.0,966.0,192.0,267.0,5307.0,3098.0,4170.0,74.0,1114.0,3117.0,78.0,348.0,88.0,91.0,3979.0,106.0,2919.0,84.0,82.0,108.0,25805.0,839.0,29980.0,3141.0,125.0,7249.0,2.0,139.0,18.0,315.0,23032.0,2.0,290.0,951.0,16809.0,213.0
2021-07-27,44.0,30.0,547.0,750.0,43.0,1600.0,216.0,950.0,198.0,769.0,257.0,985.0,173.0,612.0,26871.0,2845.0,2870.0,65.0,1301.0,4522.0,67.0,420.0,107.0,95.0,3444.0,138.0,3656.0,175.0,49.0,85.0,28938.0,654.0,29581.0,2796.0,126.0,7741.0,2.0,166.0,19.0,349.0,22420.0,0.0,332.0,740.0,19761.0,681.0
2021-07-28,25.0,47.0,506.0,615.0,44.0,1752.0,231.0,1033.0,188.0,655.0,202.0,887.0,220.0,644.0,27934.0,2638.0,2694.0,64.0,1361.0,5696.0,82.0,375.0,70.0,111.0,4452.0,167.0,3171.0,159.0,44.0,99.0,27102.0,656.0,30237.0,2712.0,130.0,8082.0,2.0,184.0,20.0,422.0,23270.0,10.0,292.0,785.0,22291.0,717.0
2021-07-29,23.0,37.0,532.0,668.0,45.0,1782.0,346.0,1184.0,170.0,635.0,209.0,847.0,181.0,765.0,25190.0,2529.0,2843.0,0.0,1501.0,6171.0,64.0,378.0,54.0,94.0,3432.0,153.0,2872.0,170.0,66.0,116.0,25671.0,621.0,28432.0,3196.0,125.0,8000.0,0.0,154.0,20.0,346.0,23564.0,3.0,353.0,782.0,22161.0,846.0
2021-07-30,0.0,45.0,543.0,633.0,67.0,1797.0,182.0,992.0,218.0,742.0,141.0,750.0,249.0,748.0,24309.0,1964.0,2752.0,0.0,1427.0,6619.0,36.0,229.0,65.0,80.0,2941.0,153.0,2706.0,153.0,57.0,135.0,25816.0,685.0,24749.0,2654.0,156.0,8078.0,0.0,122.0,16.0,354.0,23807.0,2.0,298.0,803.0,22083.0,962.0
2021-07-31,0.0,40.0,420.0,671.0,28.0,1186.0,94.0,958.0,143.0,277.0,117.0,836.0,127.0,794.0,23471.0,783.0,1603.0,155.0,1098.0,6513.0,26.0,233.0,50.0,64.0,2313.0,91.0,2105.0,156.0,6.0,58.0,14827.0,4.0,20569.0,1655.0,87.0,7660.0,3.0,71.0,2.0,250.0,22804.0,0.0,303.0,656.0,22332.0,916.0
2021-08-01,69.0,25.0,346.0,431.0,35.0,1056.0,393.0,756.0,29.0,493.0,77.0,910.0,87.0,519.0,19600.0,2122.0,2154.0,26.0,1352.0,5321.0,112.0,388.0,5.0,69.0,2099.0,91.0,1327.0,152.0,41.0,31.0,9623.0,1.0,20985.0,4827.0,68.0,7527.0,2.0,118.0,6.0,245.0,23508.0,19.0,386.0,535.0,20890.0,484.0
2021-08-02,19.0,65.0,402.0,931.0,40.0,2251.0,462.0,581.0,186.0,598.0,154.0,885.0,221.0,345.0,5184.0,3754.0,3969.0,59.0,884.0,3190.0,97.0,538.0,52.0,82.0,2209.0,164.0,2544.0,137.0,94.0,181.0,19847.0,1151.0,29840.0,4233.0,110.0,7990.0,2.0,161.0,29.0,455.0,22010.0,10.0,424.0,1234.0,22898.0,265.0
2021-08-03,31.0,99.0,595.0,996.0,124.0,1950.0,429.0,967.0,271.0,575.0,242.0,922.0,232.0,692.0,26829.0,3547.0,2855.0,72.0,1217.0,4845.0,70.0,480.0,101.0,78.0,2792.0,164.0,3134.0,233.0,53.0,139.0,21655.0,960.0,30472.0,3670.0,120.0,8171.0,1.0,196.0,14.0,446.0,22589.0,1.0,487.0,990.0,24832.0,827.0
2021-08-04,12.0,132.0,497.0,1196.0,82.0,1875.0,500.0,1143.0,247.0,580.0,209.0,930.0,258.0,872.0,28784.0,3531.0,2787.0,52.0,1492.0,6596.0,80.0,566.0,68.0,48.0,3331.0,176.0,2767.0,271.0,65.0,138.0,20625.0,852.0,32338.0,3780.0,154.0,8182.0,2.0,159.0,21.0,502.0,23120.0,3.0,579.0,1070.0,26822.0,984.0
2021-08-05,27.0,149.0,601.0,1242.0,75.0,1836.0,549.0,1295.0,108.0,525.0,166.0,914.0,242.0,752.0,26460.0,3538.0,2924.0,0.0,1781.0,7230.0,63.0,493.0,50.0,71.0,2901.0,172.0,2276.0,244.0,44.0,144.0,19617.0,819.0,31659.0,4216.0,108.0,8325.0,6.0,241.0,12.0,463.0,22660.0,8.0,564.0,1121.0,24297.0,1052.0
2021-08-06,0.0,139.0,571.0,1289.0,110.0,2133.0,392.0,1213.0,233.0,599.0,179.0,850.0,242.0,738.0,25077.0,2793.0,2746.0,0.0,1828.0,6599.0,74.0,423.0,77.0,59.0,2396.0,181.0,2534.0,230.0,33.0,133.0,19199.0,818.0,28036.0,3344.0,122.0,8178.0,0.0,131.0,12.0,478.0,22320.0,2.0,584.0,1153.0,23957.0,1081.0
2021-08-07,0.0,182.0,563.0,1220.0,56.0,1275.0,176.0,979.0,213.0,389.0,156.0,983.0,126.0,165.0,25755.0,1141.0,1850.0,156.0,1837.0,6902.0,41.0,313.0,54.0,56.0,2307.0,122.0,1872.0,255.0,19.0,68.0,11013.0,6.0,22540.0,2236.0,57.0,7747.0,2.0,75.0,1.0,322.0,22866.0,0.0,457.0,1046.0,25100.0,1054.0
2021-08-08,0.0,69.0,436.0,1101.0,45.0,923.0,774.0,742.0,44.0,446.0,107.0,1097.0,146.0,1322.0,20450.0,2925.0,2593.0,35.0,1411.0,5735.0,125.0,518.0,2.0,51.0,2037.0,64.0,952.0,208.0,101.0,46.0,7272.0,3.0,22887.0,5697.0,106.0,7270.0,5.0,177.0,6.0,331.0,22160.0,13.0,752.0,1009.0,22699.0,619.0
2021-08-09,37.0,220.0,617.0,1736.0,159.0,2597.0,805.0,607.0,246.0,573.0,176.0,1082.0,290.0,449.0,5775.0,5559.0,4614.0,80.0,1509.0,4200.0,120.0,617.0,42.0,87.0,2162.0,200.0,2610.0,181.0,68.0,216.0,15125.0,1485.0,32162.0,5352.0,142.0,8245.0,12.0,193.0,29.0,669.0,21378.0,3.0,792.0,2320.0,23731.0,300.0
2021-08-10,18.0,286.0,874.0,2396.0,179.0,2218.0,782.0,966.0,381.0,484.0,261.0,990.0,343.0,781.0,28576.0,5649.0,3472.0,86.0,1819.0,5636.0,107.0,650.0,61.0,51.0,2119.0,198.0,3132.0,312.0,74.0,248.0,17257.0,1201.0,31518.0,5128.0,85.0,8174.0,10.0,256.0,14.0,576.0,21571.0,6.0,921.0,2030.0,26597.0,781.0
2021-08-11,17.0,274.0,859.0,2674.0,180.0,1992.0,882.0,1175.0,333.0,402.0,220.0,1002.0,368.0,844.0,30920.0,5445.0,3603.0,104.0,1733.0,6968.0,127.0,631.0,47.0,101.0,2566.0,223.0,2807.0,326.0,59.0,248.0,15832.0,1057.0,33349.0,5359.0,120.0,8204.0,12.0,268.0,5.0,610.0,21932.0,7.0,983.0,2085.0,27356.0,1122.0
2021-08-12,16.0,379.0,968.0,1769.0,241.0,2158.0,1047.0,1425.0,308.0,419.0,190.0,966.0,281.0,1024.0,28554.0,5785.0,3493.0,0.0,1978.0,7270.0,108.0,579.0,50.0,94.0,2664.0,196.0,2676.0,371.0,94.0,199.0,14883.0,1040.0,31726.0,5579.0,131.0,7918.0,8.0,283.0,15.0,539.0,22277.0,6.0,1072.0,2167.0,22261.0,1247.0
2021-08-13,0.0,410.0,952.0,3508.0,260.0,2273.0,623.0,1151.0,367.0,401.0,223.0,834.0,290.0,926.0,26453.0,4638.0,3270.0,0.0,2074.0,7409.0,73.0,495.0,49.0,51.0,2304.0,211.0,2610.0,383.0,74.0,264.0,13930.0,1016.0,28973.0,4314.0,83.0,7788.0,10.0,140.0,3.0,546.0,22144.0,1.0,1005.0,2208.0,21372.0,1263.0
2021-08-14,0.0,397.0,832.0,2993.0,172.0,1352.0,272.0,1305.0,298.0,165.0,142.0,943.0,203.0,765.0,24427.0,2071.0,1888.0,188.0,1758.0,7188.0,49.0,368.0,39.0,43.0,2260.0,148.0,1722.0,408.0,7.0,95.0,8065.0,8.0,25057.0,2676.0,64.0,7315.0,6.0,97.0,1.0,435.0,21624.0,1.0,817.0,1679.0,19949.0,1353.0
2021-08-15,30.0,200.0,797.0,1851.0,63.0,766.0,1301.0,894.0,46.0,381.0,77.0,1103.0,163.0,535.0,21172.0,4525.0,2212.0,45.0,1441.0,5664.0,154.0,568.0,7.0,54.0,2236.0,128.0,998.0,323.0,74.0,56.0,5577.0,10.0,25326.0,6208.0,57.0,6922.0,14.0,200.0,16.0,376.0,20765.0,7.0,1288.0,1651.0,18847.0,695.0
2021-08-16,6.0,451.0,876.0,3322.0,276.0,2829.0,1405.0,597.0,341.0,412.0,217.0,1027.0,358.0,451.0,5829.0,8918.0,4412.0,109.0,1496.0,3674.0,180.0,676.0,89.0,82.0,2304.0,221.0,2499.0,286.0,112.0,318.0,9638.0,1781.0,36906.0,5914.0,104.0,7597.0,12.0,345.0,6.0,625.0,20958.0,5.0,1484.0,3951.0,18163.0,417.0
2021-08-17,16.0,477.0,1213.0,4129.0,420.0,2247.0,1387.0,1061.0,524.0,433.0,300.0,980.0,287.0,665.0,28114.0,8759.0,3437.0,123.0,1704.0,5273.0,146.0,704.0,76.0,86.0,2785.0,208.0,2933.0,544.0,77.0,385.0,12028.0,1330.0,37919.0,4921.0,125.0,7758.0,14.0,485.0,19.0,637.0,20914.0,5.0,1497.0,2838.0,21692.0,890.0
2021-08-18,5.0,522.0,1293.0,3614.0,377.0,2266.0,1371.0,1355.0,486.0,420.0,209.0,1026.0,357.0,673.0,28405.0,8688.0,3273.0,0.0,1818.0,7162.0,133.0,623.0,63.0,51.0,2484.0,197.0,2717.0,541.0,84.0,381.0,12629.0,1275.0,38739.0,4743.0,108.0,7687.0,10.0,426.0,6.0,689.0,21058.0,5.0,1656.0,2710.0,19944.0,1447.0
2021-08-19,7.0,535.0,1310.0,3968.0,429.0,2007.0,1368.0,1738.0,468.0,311.0,167.0,993.0,330.0,866.0,23973.0,8835.0,3596.0,0.0,2098.0,7260.0,160.0,623.0,67.0,68.0,2208.0,212.0,2543.0,595.0,94.0,333.0,11768.0,1028.0,36500.0,4901.0,63.0,7471.0,12.0,407.0,16.0,670.0,20992.0,5.0,1592.0,2512.0,19320.0,1560.0
2021-08-20,0.0,658.0,1287.0,3551.0,460.0,2245.0,845.0,1467.0,505.0,311.0,171.0,774.0,218.0,684.0,22319.0,6822.0,3184.0,0.0,2125.0,7224.0,101.0,409.0,82.0,53.0,2440.0,222.0,2824.0,628.0,105.0,388.0,11777.0,1045.0,32231.0,3803.0,76.0,7035.0,5.0,376.0,8.0,741.0,21000.0,1.0,1510.0,2560.0,19918.0,1600.0
2021-08-21,0.0,534.0,1106.0,3069.0,249.0,1285.0,384.0,1302.0,373.0,193.0,135.0,996.0,101.0,673.0,22636.0,3101.0,1947.0,340.0,1688.0,7470.0,73.0,383.0,55.0,57.0,2461.0,185.0,1838.0,591.0,11.0,244.0,6507.0,1.0,28533.0,2354.0,56.0,6341.0,6.0,149.0,4.0,592.0,20564.0,4.0,1242.0,1748.0,19351.0,1732.0
2021-08-22,14.0,397.0,983.0,2945.0,127.0,956.0,1891.0,918.0,73.0,333.0,107.0,1055.0,318.0,503.0,17300.0,6582.0,2626.0,82.0,1590.0,5923.0,169.0,537.0,8.0,35.0,2382.0,107.0,973.0,517.0,111.0,116.0,4106.0,3.0,28743.0,5924.0,73.0,5669.0,4.0,314.0,9.0,554.0,19454.0,17.0,1837.0,1633.0,18622.0,1003.0
2021-08-23,1.0,800.0,1154.0,3583.0,533.0,2654.0,1911.0,860.0,470.0,355.0,214.0,1015.0,374.0,371.0,5166.0,12901.0,5000.0,134.0,1571.0,4168.0,249.0,714.0,86.0,42.0,2459.0,233.0,2743.0,415.0,81.0,447.0,9839.0,1708.0,39715.0,5021.0,69.0,6468.0,15.0,512.0,14.0,1179.0,18833.0,10.0,2216.0,3851.0,18857.0,610.0
2021-08-24,11.0,844.0,1621.0,3794.0,617.0,2460.0,1601.0,1357.0,677.0,257.0,254.0,960.0,437.0,644.0,24853.0,12722.0,3265.0,180.0,2051.0,6076.0,150.0,767.0,96.0,42.0,2816.0,234.0,3124.0,782.0,161.0,538.0,9870.0,1270.0,37682.0,4128.0,88.0,6735.0,4.0,559.0,6.0,1336.0,19536.0,12.0,2327.0,2916.0,19191.0,692.0
2021-08-25,2.0,888.0,1450.0,3714.0,630.0,2395.0,1733.0,1551.0,638.0,254.0,250.0,1035.0,402.0,574.0,23706.0,11623.0,3528.0,189.0,1866.0,7548.0,181.0,672.0,130.0,40.0,2613.0,251.0,2685.0,849.0,89.0,509.0,9088.0,1515.0,38777.0,4031.0,107.0,6812.0,6.0,497.0,7.0,1414.0,19630.0,9.0,2454.0,2765.0,19970.0,727.0
2021-08-26,9.0,921.0,1404.0,4203.0,617.0,2187.0,1713.0,1862.0,596.0,324.0,214.0,743.0,351.0,650.0,19683.0,10402.0,3067.0,0.0,1875.0,7221.0,256.0,576.0,75.0,49.0,2798.0,258.0,2555.0,953.0,122.0,542.0,8192.0,1269.0,37613.0,4247.0,70.0,6555.0,2.0,277.0,8.0,1394.0,19509.0,8.0,2434.0,2694.0,19616.0,1581.0
2021-08-27,0.0,905.0,1378.0,4241.0,578.0,2217.0,1004.0,1636.0,595.0,213.0,183.0,675.0,324.0,570.0,18249.0,8406.0,3062.0,0.0,1997.0,7826.0,196.0,507.0,88.0,50.0,2450.0,290.0,2450.0,946.0,85.0,538.0,8111.0,915.0,33743.0,2669.0,89.0,6266.0,4.0,193.0,5.0,1435.0,19492.0,1.0,2314.0,2596.0,18340.0,2032.0
2021-08-28,0.0,768.0,1345.0,4010.0,322.0,1372.0,451.0,1405.0,377.0,208.0,133.0,781.0,330.0,619.0,17590.0,3740.0,1581.0,521.0,1706.0,6860.0,81.0,381.0,59.0,34.0,2311.0,204.0,1614.0,1015.0,49.0,273.0,4031.0,3.0,27599.0,1915.0,55.0,5285.0,3.0,204.0,0.0,1000.0,19286.0,0.0,1722.0,1677.0,17912.0,2082.0
2021-08-29,7.0,486.0,1081.0,3107.0,173.0,833.0,2090.0,1058.0,139.0,311.0,81.0,910.0,255.0,619.0,13630.0,7089.0,2343.0,110.0,1292.0,5959.0,237.0,602.0,8.0,48.0,2171.0,151.0,1004.0,868.0,132.0,143.0,2694.0,5.0,26135.0,4778.0,49.0,4361.0,6.0,216.0,5.0,956.0,18325.0,9.0,2335.0,1385.0,17332.0,1906.0
2021-08-30,1.0,1054.0,1281.0,3788.0,474.0,2945.0,2053.0,1168.0,668.0,287.0,241.0,822.0,359.0,472.0,3795.0,14582.0,4306.0,194.0,1382.0,4257.0,469.0,733.0,88.0,76.0,2274.0,285.0,2335.0,699.0,199.0,565.0,6269.0,2353.0,34773.0,3886.0,83.0,4378.0,6.0,322.0,13.0,1856.0,17813.0,5.0,2981.0,3562.0,19557.0,749.0
2021-08-31,13.0,982.0,1852.0,3845.0,906.0,2358.0,1745.0,1699.0,805.0,256.0,292.0,722.0,408.0,617.0,19425.0,14737.0,2868.0,262.0,1789.0,5498.0,340.0,862.0,144.0,75.0,2788.0,366.0,2520.0,1313.0,178.0,764.0,7136.0,1022.0,45212.0,3212.0,67.0,5340.0,12.0,579.0,10.0,1624.0,18368.0,9.0,3346.0,2974.0,21893.0,1356.0
2021-09-01,6.0,853.0,1555.0,3759.0,554.0,2222.0,1564.0,1836.0,798.0,235.0,262.0,590.0,474.0,679.0,17621.0,12724.0,2836.0,247.0,1751.0,6503.0,354.0,803.0,77.0,42.0,2789.0,390.0,2164.0,1443.0,232.0,666.0,5962.0,1103.0,43532.0,3034.0,56.0,5288.0,11.0,787.0,9.0,1613.0,18985.0,4.0,3524.0,2942.0,23946.0,2075.0
2021-09-02,3.0,895.0,1691.0,3762.0,811.0,2113.0,1640.0,1950.0,816.0,238.0,306.0,540.0,347.0,683.0,15911.0,12073.0,2715.0,0.0,1407.0,6761.0,360.0,838.0,121.0,62.0,2530.0,349.0,2030.0,1470.0,329.0,610.0,5262.0,1425.0,42329.0,2684.0,43.0,5149.0,12.0,710.0,4.0,1523.0,18856.0,0.0,3623.0,3051.0,23496.0,2477.0
2021-09-03,0.0,984.0,1932.0,3305.0,691.0,2155.0,854.0,1946.0,882.0,295.0,310.0,422.0,353.0,561.0,13466.0,9487.0,2284.0,0.0,1703.0,6735.0,358.0,683.0,56.0,49.0,2748.0,389.0,1906.0,1520.0,219.0,741.0,4921.0,1322.0,38630.0,2210.0,54.0,4866.0,8.0,384.0,8.0,1545.0,18780.0,1.0,3497.0,3076.0,22857.0,2693.0
2021-09-04,0.0,896.0,1576.0,3310.0,333.0,1240.0,488.0,1963.0,539.0,147.0,207.0,479.0,255.0,87.0,13336.0,4047.0,1284.0,648.0,1180.0,6157.0,114.0,399.0,80.0,37.0,2358.0,324.0,1007.0,1568.0,101.0,317.0,2718.0,1.0,31810.0,1120.0,24.0,3964.0,9.0,233.0,2.0,992.0,18645.0,0.0,2800.0,1760.0,20033.0,2614.0
2021-09-05,14.0,502.0,1391.0,2406.0,214.0,733.0,677.0,1473.0,184.0,223.0,141.0,592.0,211.0,910.0,10410.0,7013.0,1765.0,130.0,1136.0,5315.0,311.0,721.0,7.0,41.0,2114.0,183.0,604.0,1242.0,306.0,234.0,1905.0,10.0,31803.0,1965.0,28.0,3595.0,12.0,466.0,6.0,954.0,17856.0,8.0,4103.0,1399.0,19391.0,1379.0
2021-09-06,1.0,740.0,1801.0,2447.0,718.0,2800.0,2005.0,1419.0,704.0,206.0,393.0,612.0,390.0,408.0,3042.0,15122.0,3442.0,246.0,1465.0,3361.0,459.0,903.0,113.0,53.0,2472.0,406.0,1663.0,1035.0,417.0,877.0,4237.0,2178.0,44929.0,2571.0,26.0,3981.0,9.0,850.0,13.0,1784.0,17425.0,4.0,5069.0,3995.0,20962.0,773.0
2021-09-07,0.0,1079.0,2301.0,2557.0,930.0,2361.0,1956.0,1760.0,1237.0,182.0,583.0,502.0,486.0,544.0,14534.0,14156.0,2198.0,345.0,1537.0,4720.0,490.0,991.0,97.0,30.0,2794.0,533.0,1814.0,2033.0,478.0,1093.0,4717.0,1399.0,38619.0,2455.0,40.0,4408.0,13.0,790.0,7.0,1438.0,18024.0,5.0,5633.0,3044.0,23638.0,2197.0
2021-09-08,8.0,998.0,2168.0,2254.0,794.0,2190.0,1629.0,1842.0,941.0,174.0,382.0,495.0,467.0,632.0,12828.0,12389.0,2163.0,323.0,1271.0,5923.0,489.0,938.0,85.0,38.0,2357.0,510.0,1523.0,2079.0,377.0,1028.0,3719.0,1395.0,35849.0,2262.0,45.0,4299.0,6.0,731.0,5.0,1382.0,18380.0,7.0,5831.0,3060.0,23914.0,2772.0
2021-09-09,5.0,977.0,2338.0,2508.0,832.0,2105.0,1626.0,1859.0,1042.0,142.0,421.0,382.0,540.0,486.0,10969.0,11146.0,2129.0,0.0,1619.0,5522.0,419.0,1050.0,92.0,34.0,2676.0,528.0,1561.0,2226.0,519.0,998.0,3711.0,1479.0,33974.0,3821.0,26.0,3925.0,3.0,862.0,8.0,1326.0,18341.0,9.0,6089.0,2769.0,23846.0,3663.0
2021-09-10,0.0,869.0,2246.0,0.0,908.0,2324.0,909.0,1887.0,1162.0,136.0,446.0,314.0,493.0,490.0,9966.0,8552.0,2190.0,0.0,1466.0,5621.0,393.0,948.0,100.0,50.0,2208.0,530.0,1239.0,2520.0,412.0,1085.0,3776.0,1515.0,29187.0,1838.0,37.0,3845.0,7.0,681.0,2.0,1183.0,18891.0,4.0,5461.0,2622.0,23562.0,3615.0
2021-09-11,0.0,864.0,1838.0,5048.0,436.0,1306.0,437.0,1907.0,807.0,100.0,251.0,333.0,329.0,0.0,9601.0,3283.0,1319.0,873.0,1346.0,5193.0,135.0,536.0,62.0,35.0,2095.0,476.0,791.0,2648.0,54.0,599.0,1729.0,2.0,23533.0,946.0,14.0,3142.0,3.0,213.0,1.0,665.0,18554.0,1.0,5003.0,1551.0,22923.0,3869.0
2021-09-12,13.0,410.0,1390.0,1157.0,181.0,680.0,1998.0,1888.0,167.0,159.0,137.0,413.0,268.0,976.0,7679.0,6887.0,1608.0,246.0,877.0,4664.0,460.0,889.0,4.0,50.0,1751.0,269.0,433.0,2255.0,474.0,282.0,1280.0,0.0,24060.0,3221.0,31.0,2825.0,1.0,746.0,5.0,778.0,18178.0,11.0,6249.0,1106.0,21352.0,2196.0
2021-09-13,3.0,995.0,1848.0,2077.0,766.0,2930.0,2029.0,1630.0,974.0,126.0,495.0,347.0,472.0,213.0,2062.0,13392.0,3590.0,371.0,1176.0,2800.0,697.0,1333.0,96.0,32.0,2001.0,537.0,1287.0,1849.0,760.0,1361.0,3360.0,2137.0,34658.0,2515.0,31.0,3232.0,6.0,1143.0,3.0,1313.0,17837.0,3.0,7723.0,2764.0,24613.0,1205.0
2021-09-14,9.0,992.0,2599.0,2064.0,1030.0,2498.0,1862.0,1923.0,1835.0,230.0,557.0,317.0,525.0,454.0,10327.0,12219.0,2406.0,458.0,1181.0,4021.0,596.0,1325.0,102.0,25.0,2375.0,767.0,1297.0,3929.0,370.0,1364.0,3416.0,1114.0,31434.0,2176.0,26.0,3584.0,4.0,1153.0,1.0,1012.0,18841.0,6.0,7628.0,2296.0,27802.0,3332.0
2021-09-15,5.0,942.0,2318.0,1783.0,905.0,2322.0,1724.0,1967.0,1369.0,124.0,524.0,308.0,510.0,522.0,9144.0,10273.0,2322.0,479.0,1408.0,4830.0,533.0,1292.0,102.0,27.0,2090.0,722.0,1103.0,4004.0,902.0,1324.0,2900.0,1184.0,30414.0,2039.0,39.0,3317.0,6.0,1289.0,3.0,921.0,19594.0,4.0,7602.0,2242.0,28224.0,4640.0
2021-09-16,11.0,959.0,2212.0,1770.0,995.0,2426.0,1892.0,1979.0,1394.0,153.0,562.0,312.0,532.0,487.0,8128.0,8889.0,2231.0,0.0,1386.0,5117.0,542.0,1302.0,91.0,25.0,2126.0,652.0,1210.0,4441.0,816.0,1143.0,2895.0,994.0,29709.0,1997.0,26.0,3117.0,2.0,1042.0,2.0,810.0,19905.0,6.0,7572.0,1998.0,28118.0,5744.0
2021-09-17,0.0,849.0,2028.0,2042.0,967.0,2390.0,951.0,1986.0,1455.0,140.0,448.0,209.0,391.0,501.0,7373.0,7035.0,2184.0,0.0,1456.0,4552.0,404.0,1083.0,93.0,20.0,2014.0,797.0,1082.0,4478.0,742.0,1248.0,2950.0,829.0,29479.0,1501.0,23.0,2991.0,6.0,1031.0,0.0,684.0,20329.0,2.0,6745.0,1691.0,27692.0,6624.0
2021-09-18,0.0,780.0,1428.0,1734.0,431.0,1260.0,458.0,1982.0,875.0,94.0,303.0,271.0,462.0,391.0,7414.0,2779.0,1286.0,1072.0,1224.0,4578.0,189.0,779.0,56.0,22.0,1664.0,540.0,593.0,5388.0,114.0,545.0,1391.0,1.0,26645.0,662.0,20.0,2505.0,7.0,484.0,0.0,510.0,20174.0,0.0,5255.0,1027.0,26161.0,6234.0
2021-09-19,16.0,451.0,1340.0,740.0,324.0,652.0,2360.0,1941.0,264.0,156.0,188.0,380.0,366.0,51.0,5814.0,5408.0,2124.0,289.0,1150.0,3838.0,494.0,1029.0,2.0,24.0,1353.0,363.0,325.0,3817.0,880.0,291.0,900.0,0.0,31084.0,2470.0,25.0,2111.0,1.0,950.0,1.0,481.0,19744.0,2.0,6424.0,702.0,26398.0,3983.0
2021-09-20,0.0,872.0,1380.0,1594.0,526.0,2940.0,2192.0,1917.0,1037.0,117.0,482.0,341.0,463.0,0.0,1515.0,11259.0,3688.0,501.0,1420.0,2407.0,674.0,1483.0,71.0,18.0,1663.0,711.0,1233.0,3342.0,1180.0,1311.0,2394.0,1178.0,40768.0,2016.0,48.0,2728.0,8.0,1300.0,6.0,988.0,19179.0,0.0,7232.0,1880.0,27688.0,2265.0
2021-09-21,13.0,820.0,2107.0,1356.0,1255.0,2269.0,850.0,1989.0,1812.0,106.0,597.0,357.0,689.0,860.0,7851.0,10458.0,2325.0,526.0,1429.0,3377.0,776.0,1540.0,141.0,12.0,1894.0,882.0,1120.0,6789.0,949.0,1186.0,2723.0,891.0,38848.0,1653.0,38.0,2940.0,7.0,1371.0,2.0,702.0,19706.0,3.0,7201.0,1702.0,29338.0,5159.0
2021-09-22,3.0,768.0,1838.0,1178.0,852.0,2171.0,1835.0,1973.0,1373.0,145.0,525.0,370.0,589.0,477.0,6794.0,9088.0,2101.0,531.0,1354.0,3970.0,710.0,1540.0,136.0,13.0,1810.0,974.0,1082.0,7045.0,829.0,1011.0,2499.0,743.0,36757.0,1698.0,35.0,2749.0,2.0,1215.0,1.0,725.0,21438.0,1.0,6480.0,1531.0,28168.0,6754.0
2021-09-23,11.0,826.0,1816.0,1128.0,589.0,2080.0,1904.0,1994.0,1291.0,109.0,484.0,351.0,546.0,474.0,6229.0,8409.0,2033.0,0.0,1163.0,4061.0,816.0,1565.0,74.0,16.0,1693.0,813.0,999.0,7095.0,1039.0,941.0,2306.0,771.0,35851.0,1597.0,42.0,2524.0,1.0,1194.0,2.0,760.0,21379.0,1.0,6462.0,1378.0,27844.0,7866.0
2021-09-24,0.0,664.0,1829.0,1099.0,804.0,2253.0,1038.0,1987.0,1293.0,99.0,544.0,337.0,643.0,510.0,5879.0,6350.0,1814.0,0.0,1335.0,3797.0,567.0,1344.0,86.0,13.0,1600.0,917.0,947.0,7116.0,689.0,1005.0,2462.0,715.0,32109.0,1132.0,41.0,2379.0,2.0,647.0,1.0,650.0,22041.0,0.0,6192.0,1343.0,27197.0,9058.0
2021-09-25,0.0,539.0,1385.0,1029.0,451.0,1216.0,496.0,1974.0,837.0,78.0,419.0,359.0,464.0,0.0,6012.0,2646.0,1100.0,1183.0,1459.0,3525.0,290.0,1053.0,75.0,13.0,1599.0,643.0,522.0,7676.0,121.0,444.0,1233.0,1.0,28567.0,663.0,22.0,1910.0,4.0,648.0,0.0,404.0,22498.0,0.0,5389.0,886.0,26145.0,8267.0
2021-09-26,22.0,295.0,1386.0,558.0,181.0,723.0,2536.0,1946.0,217.0,136.0,254.0,492.0,390.0,827.0,4706.0,5770.0,2122.0,265.0,1044.0,3099.0,804.0,1302.0,7.0,16.0,1386.0,421.0,295.0,6333.0,1012.0,285.0,821.0,6.0,32083.0,2185.0,24.0,1730.0,1.0,1018.0,3.0,386.0,22236.0,7.0,6736.0,607.0,25861.0,4647.0
2021-09-27,3.0,594.0,1590.0,885.0,884.0,2628.0,2573.0,1955.0,1061.0,117.0,678.0,530.0,796.0,273.0,1309.0,12651.0,3287.0,546.0,1497.0,1772.0,1203.0,1919.0,68.0,8.0,1717.0,975.0,850.0,5655.0,1459.0,1043.0,2459.0,1068.0,41589.0,1929.0,36.0,2145.0,2.0,1209.0,6.0,750.0,21559.0,1.0,8467.0,1661.0,27188.0,3007.0
2021-09-28,17.0,680.0,2611.0,842.0,654.0,2391.0,2142.0,1993.0,1911.0,123.0,474.0,411.0,745.0,409.0,6765.0,11379.0,2157.0,633.0,1447.0,2985.0,1208.0,1909.0,132.0,22.0,1751.0,1234.0,871.0,11049.0,1427.0,1339.0,2224.0,845.0,36547.0,1743.0,22.0,2408.0,0.0,1587.0,1.0,609.0,22430.0,1.0,8171.0,1208.0,28892.0,6552.0
2021-09-29,13.0,669.0,1924.0,774.0,1000.0,2167.0,2050.0,1989.0,1710.0,129.0,735.0,446.0,791.0,802.0,5835.0,9500.0,2232.0,679.0,1267.0,3212.0,1127.0,1988.0,89.0,14.0,1701.0,1208.0,876.0,10826.0,1216.0,1028.0,2036.0,852.0,34836.0,1751.0,19.0,2264.0,1.0,1553.0,1.0,583.0,23888.0,1.0,7549.0,1187.0,29386.0,9666.0
2021-09-30,0.0,647.0,1738.0,689.0,761.0,2164.0,2091.0,1993.0,1517.0,59.0,922.0,401.0,730.0,663.0,5204.0,8387.0,2601.0,0.0,1057.0,3804.0,1190.0,2034.0,107.0,24.0,1717.0,1362.0,777.0,12032.0,1293.0,970.0,1849.0,766.0,32605.0,1826.0,39.0,2238.0,1.0,1289.0,0.0,498.0,24522.0,0.0,7271.0,1194.0,29104.0,11757.0
2021-10-01,0.0,549.0,1807.0,684.0,882.0,2149.0,1228.0,1899.0,1448.0,84.0,831.0,325.0,741.0,562.0,4935.0,6152.0,1798.0,0.0,1586.0,3405.0,1033.0,1660.0,91.0,10.0,1669.0,1344.0,722.0,12590.0,977.0,970.0,1864.0,698.0,29058.0,1164.0,61.0,2132.0,0.0,991.0,1.0,488.0,25219.0,3.0,6412.0,1138.0,28873.0,12034.0
2021-10-02,0.0,467.0,1555.0,712.0,218.0,1147.0,513.0,1998.0,944.0,83.0,552.0,409.0,627.0,0.0,4948.0,2649.0,1142.0,1492.0,1051.0,3312.0,479.0,1256.0,101.0,24.0,1602.0,1090.0,354.0,-12590.0,267.0,531.0,984.0,2.0,26316.0,867.0,31.0,1763.0,1.0,560.0,0.0,300.0,25769.0,0.0,5334.0,786.0,27973.0,11809.0
2021-10-03,45.0,207.0,1371.0,391.0,381.0,679.0,2806.0,1872.0,219.0,117.0,318.0,552.0,540.0,0.0,3744.0,5671.0,2125.0,294.0,893.0,2968.0,1010.0,1634.0,3.0,25.0,1610.0,684.0,305.0,21272.0,1242.0,248.0,690.0,0.0,32058.0,2800.0,27.0,1641.0,1.0,1078.0,2.0,256.0,25781.0,12.0,5983.0,473.0,27351.0,7967.0
2021-10-04,4.0,617.0,1460.0,826.0,733.0,2791.0,2866.0,1978.0,1074.0,146.0,825.0,566.0,892.0,1302.0,1138.0,12217.0,3084.0,629.0,1124.0,1612.0,1671.0,2683.0,99.0,18.0,1899.0,1325.0,839.0,8292.0,1971.0,982.0,1869.0,1192.0,43734.0,2410.0,33.0,2063.0,2.0,1533.0,7.0,657.0,25110.0,4.0,7190.0,1279.0,28810.0,4821.0
2021-10-05,13.0,572.0,2671.0,1009.0,708.0,2290.0,2542.0,1991.0,1925.0,100.0,1148.0,637.0,1046.0,583.0,5558.0,11114.0,2294.0,837.0,982.0,2466.0,1752.0,2298.0,161.0,19.0,1904.0,2085.0,434.0,15037.0,1451.0,1207.0,1803.0,738.0,39278.0,2228.0,45.0,2265.0,0.0,1588.0,3.0,486.0,25133.0,4.0,7150.0,1034.0,29802.0,9846.0
2021-10-06,4.0,533.0,2035.0,1013.0,942.0,2545.0,2302.0,1983.0,1748.0,131.0,1048.0,656.0,948.0,666.0,4946.0,10136.0,2229.0,774.0,1206.0,3235.0,1695.0,2426.0,160.0,24.0,2733.0,2007.0,834.0,14744.0,1690.0,968.0,1750.0,842.0,39264.0,2661.0,55.0,2083.0,4.0,1777.0,0.0,492.0,27550.0,2.0,6978.0,1009.0,30438.0,12662.0
2021-10-07,3.0,445.0,1853.0,904.0,694.0,2517.0,2485.0,1995.0,1691.0,144.0,993.0,607.0,954.0,689.0,4615.0,9222.0,2277.0,0.0,2002.0,2938.0,1669.0,2459.0,77.0,16.0,2769.0,1895.0,885.0,14467.0,1793.0,838.0,1665.0,741.0,38465.0,2844.0,54.0,2090.0,1.0,1470.0,4.0,449.0,27246.0,4.0,6401.0,1010.0,30019.0,15125.0
2021-10-08,0.0,475.0,1875.0,1017.0,718.0,2545.0,1246.0,1998.0,1594.0,134.0,1019.0,471.0,1067.0,325.0,4470.0,7016.0,2162.0,0.0,1940.0,3023.0,1359.0,2097.0,104.0,24.0,2483.0,2012.0,810.0,13854.0,1162.0,883.0,1814.0,599.0,35612.0,2490.0,42.0,2012.0,3.0,1299.0,2.0,446.0,29362.0,0.0,5657.0,920.0,30201.0,16362.0
2021-10-09,0.0,325.0,1585.0,1032.0,140.0,1424.0,621.0,1979.0,908.0,94.0,668.0,558.0,814.0,0.0,4734.0,2636.0,1320.0,2046.0,1384.0,2748.0,1002.0,1231.0,71.0,11.0,2735.0,1527.0,444.0,14019.0,402.0,489.0,894.0,16.0,32306.0,1530.0,29.0,1759.0,0.0,670.0,2.0,238.0,28647.0,0.0,4803.0,638.0,28645.0,15908.0
2021-10-10,16.0,195.0,1298.0,611.0,275.0,820.0,3471.0,1943.0,170.0,170.0,339.0,760.0,724.0,0.0,3991.0,6261.0,2358.0,455.0,1357.0,2278.0,1376.0,1908.0,3.0,17.0,2249.0,903.0,297.0,10400.0,1509.0,186.0,529.0,9.0,36418.0,4775.0,28.0,1510.0,2.0,535.0,1.0,243.0,29409.0,0.0,5700.0,480.0,28370.0,11344.0
2021-10-11,0.0,501.0,1597.0,1277.0,719.0,3924.0,3469.0,2038.0,1007.0,166.0,1345.0,765.0,1256.0,1618.0,1120.0,12644.0,3237.0,814.0,1456.0,1516.0,2236.0,2675.0,104.0,18.0,2883.0,2118.0,801.0,9148.0,2406.0,1005.0,1974.0,1121.0,50304.0,4837.0,43.0,1883.0,4.0,1542.0,1.0,616.0,28190.0,0.0,6930.0,1172.0,30563.0,8832.0
2021-10-12,7.0,508.0,2715.0,1265.0,523.0,3435.0,3327.0,2060.0,2022.0,142.0,1508.0,757.0,1229.0,622.0,5880.0,12057.0,2312.0,1141.0,2051.0,2494.0,2408.0,3036.0,163.0,19.0,3718.0,2640.0,947.0,16743.0,1871.0,1243.0,828.0,905.0,48321.0,4212.0,55.0,2084.0,5.0,2052.0,4.0,459.0,28717.0,0.0,6699.0,964.0,33860.0,11996.0
2021-10-13,12.0,495.0,2113.0,1448.0,751.0,3597.0,3183.0,2052.0,1851.0,153.0,1500.0,776.0,1055.0,753.0,5578.0,11340.0,2572.0,1249.0,1626.0,2772.0,2142.0,2992.0,166.0,25.0,3635.0,3000.0,935.0,16383.0,1951.0,1081.0,1869.0,796.0,47773.0,3270.0,49.0,2096.0,3.0,1666.0,13.0,386.0,31299.0,3.0,6786.0,963.0,31248.0,16309.0
2021-10-14,12.0,441.0,2389.0,1850.0,694.0,3890.0,3440.0,2073.0,1758.0,142.0,1541.0,658.0,1277.0,502.0,5187.0,11152.0,2618.0,0.0,1907.0,2668.0,2799.0,2761.0,91.0,8.0,3695.0,2771.0,813.0,-16383.0,1941.0,1100.0,2035.0,668.0,46420.0,5076.0,65.0,2027.0,5.0,1407.0,3.0,375.0,32196.0,1.0,6424.0,957.0,30709.0,18881.0
2021-10-15,0.0,428.0,2381.0,1681.0,675.0,4168.0,1867.0,2068.0,1947.0,126.0,1782.0,600.0,1238.0,723.0,6099.0,8489.0,2301.0,0.0,2180.0,2732.0,2377.0,2275.0,134.0,10.0,3691.0,3236.0,775.0,32211.0,1735.0,1437.0,2011.0,565.0,43560.0,4581.0,63.0,1976.0,9.0,1565.0,1.0,448.0,33208.0,1.0,6051.0,985.0,30694.0,13624.0
2021-10-16,0.0,435.0,2146.0,1896.0,223.0,2376.0,1000.0,1981.0,1301.0,99.0,1158.0,719.0,1117.0,0.0,4899.0,3409.0,1689.0,3274.0,1380.0,2983.0,1253.0,1639.0,111.0,11.0,3658.0,2523.0,443.0,15239.0,553.0,632.0,1114.0,14.0,37878.0,2479.0,56.0,1677.0,3.0,1115.0,0.0,290.0,34303.0,0.0,5077.0,700.0,28537.0,12983.0
2021-10-17,29.0,217.0,1997.0,1245.0,270.0,1490.0,4979.0,1956.0,319.0,166.0,796.0,973.0,820.0,0.0,3778.0,8142.0,3147.0,859.0,1576.0,2437.0,1853.0,2353.0,17.0,22.0,3348.0,1537.0,262.0,11546.0,1797.0,364.0,774.0,0.0,43753.0,5739.0,41.0,1396.0,5.0,1370.0,5.0,259.0,34325.0,4.0,6461.0,680.0,24114.0,11288.0
2021-10-18,2.0,616.0,2728.0,2102.0,709.0,6570.0,4957.0,1913.0,1741.0,181.0,2540.0,1128.0,1101.0,1310.0,1057.0,19165.0,3926.0,1668.0,2397.0,1597.0,2599.0,3633.0,103.0,20.0,3914.0,3931.0,871.0,10141.0,3480.0,1675.0,2121.0,1078.0,57743.0,5219.0,87.0,1837.0,4.0,1715.0,15.0,746.0,33740.0,2.0,7664.0,1571.0,29240.0,9524.0
2021-10-19,13.0,659.0,3970.0,2303.0,764.0,6296.0,4522.0,2076.0,3162.0,143.0,3249.0,1292.0,1346.0,580.0,5934.0,17978.0,3252.0,2361.0,2147.0,2697.0,2935.0,3255.0,246.0,17.0,4580.0,5559.0,967.0,18863.0,3091.0,2145.0,2103.0,818.0,52529.0,4411.0,73.0,1995.0,10.0,2068.0,4.0,580.0,34073.0,8.0,7745.0,1289.0,30862.0,15579.0
2021-10-20,0.0,566.0,3617.0,2005.0,627.0,6552.0,4816.0,2097.0,3053.0,144.0,3281.0,1416.0,1506.0,312.0,6036.0,17297.0,3376.0,2548.0,2026.0,3702.0,3133.0,2938.0,131.0,10.0,5177.0,5592.0,885.0,17158.0,3470.0,1845.0,2106.0,786.0,51661.0,4155.0,51.0,1893.0,5.0,1787.0,5.0,715.0,36339.0,6.0,7327.0,1430.0,29760.0,18912.0
2021-10-21,22.0,594.0,3486.0,2112.0,776.0,6906.0,4826.0,2082.0,3258.0,175.0,3646.0,1243.0,1322.0,608.0,6127.0,16674.0,3541.0,0.0,2465.0,3794.0,2932.0,3307.0,141.0,6.0,5836.0,5706.0,950.0,16110.0,3456.0,1965.0,1990.0,777.0,45193.0,4467.0,72.0,1868.0,4.0,2057.0,1.0,645.0,37141.0,4.0,7696.0,1372.0,28465.0,22415.0
2021-10-22,0.0,629.0,3705.0,2315.0,732.0,7149.0,3354.0,2079.0,3585.0,97.0,4241.0,1210.0,1642.0,449.0,6366.0,13289.0,3155.0,0.0,2427.0,3882.0,2252.0,2704.0,194.0,12.0,5671.0,6274.0,992.0,15261.0,3207.0,2270.0,2107.0,891.0,40665.0,3436.0,79.0,1825.0,6.0,1568.0,1.0,752.0,37678.0,1.0,6748.0,1352.0,28192.0,23785.0
2021-10-23,0.0,444.0,3531.0,2036.0,273.0,4090.0,1370.0,2044.0,2293.0,89.0,2756.0,1456.0,1786.0,0.0,6291.0,5179.0,2075.0,6688.0,1725.0,3908.0,887.0,1801.0,154.0,13.0,6302.0,4728.0,532.0,-15261.0,993.0,1497.0,1138.0,525.0,35103.0,1942.0,83.0,1600.0,5.0,906.0,0.0,463.0,35660.0,3.0,5733.0,954.0,26217.0,23229.0
2021-10-24,21.0,264.0,2794.0,1477.0,386.0,2450.0,5863.0,1997.0,680.0,189.0,1840.0,1627.0,1282.0,0.0,5005.0,11872.0,3937.0,1701.0,1845.0,3725.0,2117.0,2408.0,12.0,16.0,5298.0,2950.0,262.0,26986.0,2850.0,707.0,845.0,319.0,35765.0,4762.0,81.0,1363.0,5.0,1294.0,5.0,502.0,37930.0,16.0,5908.0,727.0,24792.0,20791.0
2021-10-25,0.0,650.0,3446.0,2266.0,816.0,9704.0,6816.0,1995.0,3360.0,162.0,4287.0,1918.0,1192.0,1732.0,1295.0,26379.0,4276.0,3125.0,2180.0,2535.0,3206.0,3658.0,161.0,15.0,5754.0,6265.0,1025.0,9187.0,4746.0,2315.0,2255.0,539.0,47465.0,4337.0,82.0,1738.0,7.0,1505.0,5.0,1224.0,36446.0,13.0,7840.0,2024.0,27663.0,14634.0
2021-10-26,37.0,672.0,4482.0,2300.0,1099.0,9401.0,5643.0,1998.0,4571.0,200.0,6291.0,1841.0,2025.0,659.0,6603.0,27297.0,3639.0,4039.0,1624.0,4054.0,2919.0,3637.0,239.0,15.0,7262.0,8361.0,1009.0,16765.0,4981.0,3166.0,2109.0,1262.0,42124.0,4009.0,90.0,1847.0,2.0,1826.0,5.0,1055.0,36582.0,6.0,6948.0,1699.0,29643.0,19120.0
2021-10-27,43.0,591.0,4306.0,2420.0,819.0,9225.0,5178.0,1979.0,4154.0,109.0,5870.0,1790.0,1996.0,739.0,6528.0,24357.0,2957.0,4041.0,2598.0,4598.0,2758.0,3392.0,138.0,8.0,7665.0,8378.0,944.0,14950.0,4587.0,2631.0,2126.0,891.0,43045.0,3965.0,101.0,1936.0,8.0,1662.0,3.0,1114.0,40096.0,8.0,6697.0,1807.0,26896.0,22574.0
2021-10-28,11.0,467.0,5935.0,2132.0,675.0,9196.0,5256.0,1988.0,4392.0,160.0,4357.0,1629.0,1679.0,673.0,6461.0,22575.0,3611.0,0.0,2541.0,4866.0,2879.0,3330.0,182.0,19.0,7386.0,9387.0,930.0,13197.0,5142.0,2510.0,2169.0,1079.0,41391.0,4610.0,81.0,1742.0,5.0,1573.0,7.0,1143.0,39849.0,13.0,6217.0,1803.0,25528.0,26071.0
2021-10-29,0.0,547.0,5978.0,2189.0,999.0,9290.0,2836.0,1941.0,4547.0,155.0,5761.0,1413.0,1890.0,572.0,6433.0,17078.0,4670.0,0.0,2966.0,5335.0,1800.0,2788.0,219.0,16.0,7941.0,9798.0,962.0,12474.0,4036.0,2985.0,2436.0,977.0,40251.0,3382.0,104.0,1660.0,4.0,1255.0,2.0,1179.0,40251.0,2.0,6001.0,1864.0,24409.0,26870.0
2021-10-30,0.0,413.0,5628.0,2261.0,289.0,4972.0,1457.0,2036.0,3319.0,112.0,5061.0,1730.0,1877.0,0.0,7360.0,7452.0,2722.0,11211.0,1963.0,4878.0,772.0,2219.0,163.0,20.0,8151.0,7145.0,644.0,12106.0,1856.0,1663.0,1368.0,861.0,33569.0,2141.0,65.0,1423.0,12.0,653.0,0.0,605.0,40993.0,3.0,4929.0,1259.0,23096.0,26198.0
2021-10-31,0.0,197.0,4794.0,1200.0,302.0,3059.0,6007.0,1890.0,1126.0,280.0,2793.0,2221.0,1411.0,0.0,6329.0,11487.0,5425.0,1867.0,2855.0,4526.0,1884.0,2114.0,18.0,29.0,7690.0,4894.0,366.0,7424.0,2287.0,1257.0,953.0,301.0,34814.0,5553.0,78.0,1188.0,7.0,1346.0,0.0,687.0,40402.0,3.0,5896.0,1081.0,23948.0,17430.0
2021-11-01,0.0,725.0,5284.0,2178.0,706.0,3582.0,5863.0,1979.0,785.0,249.0,7618.0,2342.0,1571.0,1460.0,1866.0,24398.0,6856.0,2595.0,3723.0,2818.0,2718.0,2307.0,11.0,34.0,7692.0,4514.0,421.0,6993.0,5361.0,1120.0,1011.0,629.0,45109.0,6024.0,89.0,1492.0,8.0,1074.0,2.0,1975.0,39008.0,2.0,7111.0,2343.0,28678.0,13936.0
2021-11-02,61.0,571.0,6583.0,2256.0,1253.0,11715.0,4922.0,1996.0,4573.0,188.0,9943.0,2326.0,2308.0,807.0,2039.0,36145.0,6141.0,6268.0,3174.0,2834.0,2347.0,2949.0,97.0,37.0,9146.0,10429.0,1245.0,11073.0,6713.0,3456.0,2869.0,1162.0,38019.0,5206.0,94.0,1505.0,12.0,1487.0,6.0,1415.0,40443.0,11.0,6726.0,2981.0,29796.0,19455.0
2021-11-03,41.0,570.0,8971.0,2706.0,1094.0,10706.0,4662.0,1998.0,6310.0,252.0,9484.0,2360.0,1945.0,1150.0,10050.0,36463.0,6784.0,6804.0,3024.0,5188.0,1821.0,3452.0,432.0,40.0,10204.0,15515.0,1366.0,10196.0,6805.0,4511.0,2936.0,837.0,35986.0,5340.0,151.0,1541.0,18.0,1586.0,4.0,1652.0,40217.0,8.0,6126.0,2836.0,29764.0,23393.0
2021-11-04,0.0,631.0,9767.0,2440.0,887.0,10183.0,4734.0,1991.0,6932.0,227.0,8496.0,2228.0,1435.0,740.0,9502.0,33748.0,6889.0,0.0,3903.0,5905.0,1888.0,3483.0,219.0,41.0,10874.0,15904.0,1288.0,8971.0,6502.0,3771.0,3002.0,826.0,33661.0,5240.0,179.0,1444.0,16.0,1302.0,6.0,1498.0,40735.0,11.0,5725.0,2842.0,29482.0,27377.0
2021-11-05,0.0,563.0,9694.0,2500.0,945.0,11143.0,2826.0,1993.0,7094.0,174.0,9261.0,1966.0,1522.0,788.0,8998.0,23769.0,6356.0,0.0,3685.0,6764.0,1255.0,2371.0,225.0,50.0,11969.0,15190.0,1283.0,8268.0,5338.0,3662.0,3188.0,731.0,30318.0,4104.0,98.0,1494.0,21.0,954.0,2.0,1457.0,41335.0,0.0,4804.0,2755.0,28193.0,26488.0
2021-11-06,0.0,568.0,8109.0,2631.0,313.0,6454.0,1256.0,1912.0,4159.0,133.0,5744.0,2601.0,947.0,0.0,9605.0,11868.0,4283.0,17834.0,3428.0,6764.0,423.0,1453.0,186.0,27.0,11340.0,12493.0,851.0,8057.0,3015.0,2313.0,1838.0,597.0,27436.0,2191.0,93.0,1058.0,11.0,447.0,1.0,885.0,39165.0,0.0,3888.0,1931.0,27474.0,25063.0
2021-11-07,87.0,230.0,8005.0,1310.0,367.0,4073.0,5286.0,1887.0,1242.0,284.0,3014.0,3343.0,790.0,0.0,8547.0,24287.0,7335.0,4588.0,3161.0,5822.0,1451.0,2362.0,41.0,35.0,11757.0,7316.0,492.0,5293.0,4958.0,1282.0,1210.0,278.0,30586.0,6021.0,123.0,925.0,15.0,1141.0,2.0,958.0,39400.0,12.0,4348.0,1537.0,25304.0,17419.0
2021-11-08,12.0,770.0,7752.0,1855.0,924.0,15267.0,4955.0,1905.0,4966.0,266.0,9290.0,3564.0,1087.0,2016.0,2197.0,47188.0,8969.0,8434.0,5331.0,4197.0,1689.0,3139.0,185.0,38.0,11284.0,13644.0,1347.0,4255.0,7055.0,3373.0,3443.0,502.0,44128.0,5751.0,182.0,1333.0,34.0,1483.0,11.0,2390.0,39160.0,4.0,5103.0,4204.0,27824.0,13068.0
2021-11-09,27.0,690.0,11955.0,1876.0,962.0,13017.0,3853.0,1989.0,7315.0,275.0,14585.0,3519.0,1354.0,810.0,12476.0,50847.0,7089.0,8394.0,2968.0,6032.0,1378.0,2641.0,347.0,63.0,12645.0,18550.0,1642.0,7589.0,6546.0,4481.0,3826.0,1321.0,42246.0,4563.0,193.0,1395.0,20.0,980.0,11.0,1753.0,38058.0,11.0,4606.0,3738.0,28662.0,18988.0
2021-11-10,75.0,625.0,13205.0,1774.0,1107.0,12751.0,3207.0,1981.0,6987.0,263.0,13571.0,3445.0,1181.0,954.0,11883.0,49748.0,6771.0,8370.0,3677.0,7891.0,1388.0,2816.0,243.0,50.0,16249.0,19074.0,1512.0,6291.0,6843.0,3568.0,3891.0,1020.0,42942.0,4445.0,199.0,1412.0,24.0,1111.0,6.0,1966.0,40759.0,16.0,3998.0,3969.0,27259.0,23283.0
2021-11-11,0.0,573.0,10564.0,2334.0,681.0,5055.0,3146.0,1939.0,6449.0,224.0,10455.0,2981.0,1040.0,863.0,12603.0,46081.0,6832.0,0.0,5478.0,8569.0,1422.0,2426.0,179.0,51.0,16053.0,12965.0,1692.0,5416.0,7244.0,3431.0,4337.0,925.0,40999.0,4565.0,176.0,1322.0,15.0,1261.0,6.0,1773.0,40123.0,8.0,3822.0,3952.0,24898.0,24747.0
2021-11-12,0.0,587.0,12627.0,2001.0,975.0,13752.0,1610.0,1964.0,6315.0,218.0,14261.0,2915.0,993.0,0.0,3860.0,33973.0,6132.0,0.0,4642.0,8516.0,765.0,1550.0,252.0,32.0,13800.0,14292.0,1761.0,4844.0,5804.0,3666.0,4905.0,911.0,37765.0,3700.0,134.0,1265.0,23.0,730.0,5.0,1792.0,39256.0,6.0,3484.0,4144.0,23637.0,24058.0
2021-11-13,0.0,475.0,11418.0,2422.0,239.0,8364.0,828.0,1886.0,4151.0,206.0,9182.0,3078.0,561.0,0.0,14646.0,19039.0,3842.0,21060.0,3805.0,8544.0,422.0,971.0,191.0,55.0,11974.0,14442.0,1182.0,4006.0,3345.0,2365.0,2901.0,829.0,32883.0,1820.0,139.0,1081.0,16.0,152.0,0.0,1088.0,38823.0,2.0,2777.0,2709.0,22583.0,23572.0
2021-11-14,88.0,194.0,11181.0,1072.0,348.0,5506.0,3223.0,1793.0,1135.0,354.0,5700.0,4509.0,512.0,0.0,12496.0,34589.0,6950.0,5323.0,4565.0,7569.0,1077.0,1894.0,50.0,64.0,19191.0,9512.0,825.0,3021.0,6421.0,1815.0,2141.0,311.0,35530.0,5204.0,152.0,952.0,38.0,956.0,8.0,1061.0,38420.0,28.0,3487.0,2165.0,21624.0,14490.0
2021-11-15,22.0,587.0,10983.0,2015.0,793.0,20838.0,3869.0,1754.0,4443.0,386.0,11565.0,4130.0,871.0,3166.0,3241.0,62991.0,8364.0,10265.0,4400.0,5144.0,1501.0,2291.0,130.0,64.0,20143.0,16590.0,1977.0,2136.0,8342.0,3795.0,5587.0,574.0,50949.0,4732.0,215.0,1253.0,59.0,977.0,12.0,2861.0,36818.0,27.0,3773.0,6133.0,23852.0,10802.0
2021-11-16,43.0,616.0,16440.0,2025.0,1052.0,18431.0,2839.0,1862.0,6670.0,346.0,22549.0,3948.0,1021.0,937.0,19778.0,63184.0,6653.0,10767.0,3632.0,7698.0,1221.0,2175.0,491.0,66.0,20702.0,24239.0,2438.0,4128.0,7616.0,4276.0,6328.0,1296.0,46429.0,4446.0,156.0,1260.0,51.0,891.0,18.0,2140.0,36626.0,24.0,3600.0,5626.0,25101.0,16308.0
2021-11-17,63.0,549.0,15001.0,2124.0,857.0,18148.0,2785.0,1844.0,7270.0,388.0,14208.0,4173.0,873.0,1151.0,20294.0,61244.0,7276.0,11289.0,4646.0,10172.0,445.0,1761.0,299.0,79.0,23559.0,24882.0,2454.0,-3076.0,7418.0,3662.0,6475.0,1205.0,45894.0,4278.0,132.0,1272.0,63.0,802.0,20.0,2434.0,37374.0,24.0,3219.0,6181.0,23867.0,18668.0
2021-11-18,51.0,502.0,14865.0,2233.0,721.0,18574.0,2737.0,1812.0,2234.0,475.0,13520.0,4100.0,715.0,1259.0,20366.0,62541.0,7751.0,0.0,3133.0,10638.0,617.0,2053.0,300.0,59.0,20974.0,23242.0,2331.0,2889.0,9171.0,3517.0,6861.0,1130.0,44061.0,4318.0,190.0,1179.0,62.0,763.0,14.0,2335.0,37156.0,23.0,3086.0,6054.0,22234.0,20591.0
2021-11-19,0.0,465.0,14045.0,1763.0,659.0,19151.0,1455.0,1859.0,5614.0,255.0,22972.0,3710.0,464.0,1191.0,21220.0,42338.0,5944.0,0.0,5959.0,10544.0,493.0,1428.0,323.0,122.0,21756.0,23414.0,2623.0,5965.0,7727.0,3232.0,7752.0,1314.0,39608.0,3357.0,139.0,1148.0,49.0,620.0,2.0,2222.0,37120.0,14.0,2648.0,6194.0,23810.0,20050.0
2021-11-20,0.0,405.0,14076.0,1889.0,309.0,11215.0,733.0,1804.0,4262.0,212.0,14416.0,3675.0,837.0,0.0,22678.0,24780.0,4108.0,27209.0,4177.0,11555.0,349.0,899.0,283.0,62.0,20632.0,18883.0,1823.0,2697.0,4544.0,2245.0,4486.0,1092.0,35335.0,1851.0,116.0,939.0,56.0,371.0,2.0,1378.0,36970.0,2.0,2081.0,4137.0,23347.0,18250.0
2021-11-21,213.0,218.0,11625.0,825.0,364.0,6754.0,3462.0,1713.0,1327.0,491.0,8279.0,4489.0,403.0,0.0,19749.0,46631.0,7287.0,6518.0,5634.0,9709.0,1293.0,1784.0,71.0,71.0,22984.0,12334.0,1302.0,1936.0,6739.0,1389.0,3163.0,482.0,37252.0,5085.0,110.0,773.0,43.0,655.0,13.0,1351.0,35681.0,41.0,2771.0,3403.0,21177.0,10635.0
2021-11-22,43.0,556.0,11950.0,1904.0,594.0,25625.0,3233.0,1453.0,4926.0,437.0,14519.0,4702.0,820.0,2616.0,5266.0,74537.0,8348.0,12637.0,3661.0,6404.0,1279.0,2344.0,159.0,86.0,22949.0,19936.0,2822.0,1550.0,10315.0,3421.0,8148.0,953.0,50733.0,3201.0,204.0,1055.0,68.0,544.0,45.0,3534.0,33996.0,38.0,3033.0,9164.0,24856.0,7464.0
2021-11-23,84.0,609.0,14491.0,1924.0,825.0,21139.0,2569.0,1697.0,6136.0,434.0,25912.0,4011.0,655.0,1088.0,30454.0,75734.0,7106.0,12165.0,3891.0,10047.0,1095.0,2018.0,556.0,83.0,23699.0,28380.0,3735.0,2736.0,10165.0,3144.0,9126.0,2077.0,48197.0,4331.0,150.0,1087.0,64.0,860.0,30.0,2800.0,33558.0,35.0,2631.0,8003.0,28170.0,12729.0
2021-11-24,140.0,516.0,14432.0,1880.0,740.0,20175.0,2370.0,1674.0,6246.0,489.0,18046.0,4078.0,621.0,1007.0,32591.0,71882.0,6561.0,11871.0,4763.0,12448.0,874.0,2053.0,421.0,56.0,22173.0,28128.0,3139.0,2796.0,9331.0,2668.0,9654.0,2107.0,46771.0,4534.0,142.0,1063.0,71.0,855.0,27.0,2939.0,33796.0,23.0,2677.0,8469.0,27592.0,14325.0
2021-11-25,146.0,440.0,12096.0,1997.0,735.0,20230.0,2488.0,1729.0,5460.0,451.0,27938.0,4147.0,636.0,1344.0,33464.0,64074.0,6602.0,0.0,4619.0,13764.0,919.0,2091.0,335.0,95.0,21263.0,26735.0,3246.0,2104.0,9152.0,2364.0,9930.0,2114.0,43424.0,4058.0,153.0,996.0,65.0,712.0,36.0,2822.0,34690.0,26.0,2339.0,7987.0,24467.0,16943.0
2021-11-26,0.0,405.0,12018.0,1617.0,819.0,20045.0,1218.0,1696.0,5502.0,535.0,20389.0,3836.0,646.0,1406.0,34436.0,44949.0,5859.0,0.0,4791.0,13686.0,488.0,1391.0,447.0,72.0,21989.0,26182.0,3392.0,1958.0,7575.0,2224.0,11071.0,2025.0,39329.0,3333.0,134.0,926.0,53.0,498.0,23.0,2728.0,33946.0,17.0,2211.0,7967.0,24002.0,15936.0
2021-11-27,0.0,418.0,9596.0,1662.0,218.0,11590.0,728.0,1671.0,3339.0,337.0,12528.0,3878.0,389.0,0.0,37218.0,25529.0,3823.0,27830.0,3735.0,12877.0,315.0,688.0,376.0,95.0,22067.0,20576.0,2476.0,1727.0,5054.0,1478.0,6780.0,1759.0,33300.0,1954.0,81.0,805.0,36.0,107.0,0.0,1796.0,33548.0,6.0,1674.0,5262.0,23759.0,14200.0
2021-11-28,403.0,195.0,7972.0,857.0,384.0,7072.0,3020.0,1484.0,1031.0,586.0,9306.0,5066.0,311.0,0.0,31648.0,44357.0,6677.0,6390.0,4603.0,12932.0,931.0,1785.0,79.0,106.0,21453.0,13115.0,1476.0,1377.0,7069.0,1034.0,4540.0,880.0,39704.0,5050.0,112.0,664.0,42.0,677.0,10.0,1845.0,33860.0,57.0,2180.0,4242.0,21655.0,7483.0
2021-11-29,70.0,195.0,8094.0,1678.0,846.0,25210.0,2681.0,1395.0,3858.0,613.0,17623.0,5403.0,722.0,3338.0,8279.0,73601.0,7720.0,11152.0,5458.0,7975.0,1031.0,1939.0,171.0,95.0,22057.0,19074.0,3330.0,1096.0,9534.0,2509.0,11553.0,1347.0,56290.0,4459.0,120.0,881.0,64.0,664.0,29.0,4688.0,32648.0,46.0,2272.0,11500.0,24317.0,5804.0
2021-11-30,241.0,228.0,10938.0,1795.0,900.0,20870.0,2105.0,1792.0,5709.0,492.0,22028.0,4527.0,587.0,916.0,47177.0,73997.0,6192.0,10466.0,3790.0,12764.0,712.0,2018.0,585.0,138.0,18496.0,29064.0,4486.0,1622.0,7853.0,2257.0,13322.0,2657.0,55694.0,3731.0,161.0,807.0,63.0,659.0,30.0,3788.0,32837.0,35.0,2180.0,9999.0,25216.0,10554.0
2021-12-01,232.0,466.0,8753.0,1772.0,583.0,19670.0,2018.0,1818.0,5341.0,538.0,21154.0,4571.0,522.0,1570.0,49610.0,68022.0,6256.0,10143.0,4159.0,15085.0,723.0,2179.0,570.0,133.0,23030.0,27356.0,2534.0,1141.0,15278.0,2125.0,14361.0,2424.0,54819.0,4100.0,142.0,738.0,74.0,732.0,24.0,4073.0,33389.0,32.0,1980.0,10415.0,22556.0,11960.0
2021-12-02,352.0,406.0,7216.0,1703.0,680.0,18330.0,2289.0,1876.0,4521.0,594.0,18632.0,5158.0,507.0,1622.0,48416.0,62529.0,6201.0,0.0,5408.0,16806.0,727.0,2060.0,438.0,59.0,21475.0,26965.0,3565.0,1149.0,9359.0,1737.0,15602.0,2208.0,50320.0,3950.0,135.0,798.0,60.0,548.0,29.0,4186.0,32930.0,39.0,1801.0,10153.0,21747.0,13531.0
2021-12-03,0.0,357.0,6240.0,1406.0,853.0,17769.0,985.0,1852.0,4465.0,428.0,17686.0,5089.0,460.0,1496.0,49858.0,42496.0,5143.0,0.0,5622.0,17030.0,477.0,1537.0,471.0,69.0,22600.0,25576.0,4652.0,1673.0,7367.0,1908.0,16185.0,2154.0,45667.0,3410.0,110.0,790.0,52.0,449.0,29.0,4293.0,32974.0,29.0,1613.0,9801.0,21495.0,13777.0
2021-12-04,0.0,328.0,5305.0,1394.0,163.0,9638.0,706.0,1757.0,2796.0,307.0,10980.0,4794.0,340.0,0.0,51624.0,23063.0,3526.0,22699.0,5156.0,16632.0,230.0,801.0,359.0,81.0,23050.0,22389.0,3337.0,1490.0,3020.0,1116.0,11111.0,2084.0,38782.0,1778.0,91.0,653.0,54.0,94.0,6.0,2681.0,32602.0,0.0,1244.0,6257.0,20374.0,13206.0
2021-12-05,621.0,172.0,4247.0,585.0,267.0,5978.0,2426.0,1312.0,728.0,706.0,6335.0,7081.0,301.0,0.0,42252.0,42521.0,4927.0,4311.0,2911.0,15021.0,860.0,1866.0,105.0,86.0,20975.0,13250.0,1961.0,916.0,7049.0,775.0,7679.0,927.0,41051.0,4509.0,110.0,551.0,48.0,495.0,17.0,2898.0,32136.0,91.0,1565.0,4938.0,19357.0,6622.0
2021-12-06,184.0,393.0,4396.0,1530.0,668.0,20741.0,2299.0,1012.0,3262.0,619.0,15582.0,7320.0,547.0,3412.0,11308.0,69323.0,7254.0,6849.0,5565.0,9503.0,796.0,2098.0,199.0,87.0,17941.0,19366.0,4057.0,803.0,9425.0,1977.0,8034.0,2254.0,59692.0,4226.0,126.0,816.0,78.0,588.0,40.0,6473.0,31096.0,42.0,1884.0,12662.0,20033.0,4478.0
2021-12-07,0.0,346.0,6041.0,1210.0,641.0,15681.0,1652.0,1756.0,4751.0,576.0,19539.0,6661.0,469.0,1542.0,59019.0,67195.0,5899.0,7310.0,4126.0,15756.0,793.0,1777.0,666.0,81.0,18053.0,28542.0,5194.0,1421.0,8523.0,1847.0,18300.0,3333.0,56252.0,3562.0,129.0,798.0,64.0,609.0,37.0,5517.0,30752.0,7.0,1675.0,11035.0,22687.0,8655.0
2021-12-08,457.0,222.0,4306.0,1315.0,649.0,15081.0,1827.0,1738.0,4428.0,635.0,16210.0,6635.0,550.0,1296.0,61340.0,57694.0,5513.0,6884.0,4003.0,17959.0,650.0,1781.0,486.0,88.0,19730.0,27458.0,3066.0,1279.0,6620.0,1687.0,12068.0,3255.0,58825.0,3454.0,156.0,722.0,37.0,549.0,27.0,5310.0,30209.0,106.0,1620.0,9951.0,20874.0,9371.0
2021-12-09,168.0,352.0,3106.0,1109.0,511.0,13437.0,1719.0,1801.0,3797.0,662.0,14266.0,6931.0,595.0,1781.0,56854.0,51146.0,5087.0,0.0,4097.0,12527.0,805.0,1801.0,369.0,111.0,17443.0,24991.0,4278.0,1032.0,5832.0,1323.0,21349.0,3072.0,56994.0,3542.0,105.0,634.0,55.0,516.0,48.0,5301.0,30873.0,84.0,1387.0,10420.0,19696.0,12376.0
2021-12-10,0.0,309.0,4797.0,1226.0,539.0,13103.0,1073.0,1837.0,3860.0,428.0,12401.0,6690.0,457.0,1794.0,55339.0,34655.0,4751.0,0.0,4004.0,20497.0,481.0,1444.0,427.0,78.0,17744.0,23764.0,5182.0,931.0,4913.0,1476.0,26342.0,2865.0,52491.0,2922.0,148.0,619.0,50.0,389.0,39.0,5184.0,30288.0,46.0,1309.0,9756.0,18561.0,11327.0
2021-12-11,0.0,263.0,3245.0,1117.0,109.0,7113.0,532.0,1454.0,2339.0,393.0,9086.0,7136.0,377.0,0.0,53720.0,15551.0,3225.0,16017.0,4662.0,21042.0,271.0,838.0,373.0,78.0,16603.0,19452.0,3547.0,931.0,2370.0,783.0,16780.0,2395.0,48594.0,1527.0,106.0,512.0,43.0,257.0,1.0,3166.0,29929.0,3.0,944.0,6089.0,19255.0,10133.0
2021-12-12,527.0,138.0,3255.0,518.0,275.0,3907.0,1959.0,1011.0,453.0,715.0,4129.0,10570.0,317.0,0.0,43848.0,31606.0,3829.0,3575.0,4688.0,19215.0,930.0,1543.0,73.0,100.0,13787.0,11379.0,2090.0,716.0,4762.0,677.0,12997.0,1475.0,53157.0,3988.0,134.0,399.0,30.0,344.0,20.0,3212.0,29558.0,121.0,1167.0,4395.0,17956.0,5275.0
2021-12-13,169.0,376.0,2916.0,922.0,684.0,13885.0,2004.0,778.0,3071.0,662.0,11909.0,10426.0,618.0,4306.0,12036.0,60223.0,5953.0,5506.0,3871.0,12712.0,886.0,2230.0,209.0,168.0,12795.0,17460.0,4339.0,494.0,6783.0,1761.0,27349.0,2712.0,87170.0,3278.0,164.0,556.0,51.0,456.0,46.0,6646.0,28343.0,89.0,1547.0,12429.0,18796.0,4073.0
2021-12-14,0.0,326.0,4115.0,1156.0,522.0,10584.0,1725.0,1765.0,4671.0,650.0,16710.0,10090.0,658.0,1676.0,63405.0,52427.0,4786.0,5298.0,4230.0,20677.0,934.0,1965.0,711.0,167.0,13496.0,24266.0,5790.0,946.0,5394.0,1526.0,32627.0,4063.0,102786.0,3123.0,144.0,627.0,57.0,492.0,63.0,5200.0,28363.0,109.0,1359.0,10527.0,21477.0,7283.0
2021-12-15,413.0,301.0,2920.0,984.0,675.0,9284.0,1443.0,1596.0,3765.0,632.0,11617.0,10548.0,648.0,2225.0,65713.0,47273.0,4696.0,4977.0,4141.0,23195.0,841.0,1730.0,537.0,221.0,16345.0,22097.0,5283.0,829.0,4497.0,1345.0,37370.0,4008.0,112699.0,2979.0,187.0,605.0,48.0,459.0,60.0,5024.0,28486.0,92.0,1325.0,9532.0,19872.0,8109.0
2021-12-16,0.0,296.0,2691.0,755.0,488.0,8110.0,1614.0,1644.0,3778.0,695.0,9501.0,11025.0,602.0,1981.0,60866.0,41271.0,4761.0,0.0,3595.0,26109.0,910.0,1765.0,351.0,291.0,15336.0,20027.0,4728.0,812.0,4021.0,1278.0,39273.0,4116.0,106048.0,2784.0,195.0,497.0,45.0,440.0,56.0,4657.0,27743.0,80.0,1199.0,9143.0,18100.0,9590.0
2021-12-17,0.0,325.0,2343.0,582.0,496.0,7745.0,904.0,1655.0,3487.0,508.0,8966.0,10414.0,578.0,2079.0,58128.0,28512.0,4337.0,0.0,7333.0,28632.0,423.0,1416.0,428.0,282.0,14660.0,19397.0,5289.0,743.0,3431.0,1286.0,44724.0,4179.0,95879.0,2195.0,211.0,453.0,43.0,304.0,47.0,4252.0,27434.0,65.0,1015.0,8736.0,18141.0,8899.0
2021-12-18,0.0,228.0,1983.0,921.0,125.0,4753.0,456.0,1456.0,1936.0,448.0,5983.0,10592.0,428.0,0.0,58536.0,12233.0,2831.0,10105.0,5124.0,28064.0,326.0,649.0,374.0,252.0,13255.0,15976.0,3727.0,733.0,1224.0,776.0,26942.0,3388.0,88883.0,1296.0,211.0,387.0,30.0,46.0,20.0,2749.0,27967.0,8.0,802.0,5876.0,17644.0,7503.0
2021-12-19,513.0,120.0,1880.0,577.0,240.0,2850.0,2001.0,834.0,2803.0,835.0,3746.0,13873.0,387.0,0.0,48473.0,26958.0,3689.0,1985.0,4788.0,24259.0,991.0,1485.0,117.0,386.0,12140.0,9609.0,2577.0,499.0,3683.0,585.0,22564.0,2019.0,89129.0,3282.0,241.0,375.0,35.0,229.0,17.0,2606.0,27022.0,92.0,1029.0,4333.0,16910.0,3602.0
2021-12-20,0.0,376.0,1941.0,662.0,591.0,9122.0,1883.0,832.0,367.0,806.0,8599.0,13627.0,864.0,5932.0,15075.0,48245.0,6542.0,3359.0,5269.0,16213.0,748.0,1825.0,229.0,582.0,9388.0,13806.0,6265.0,424.0,5080.0,1560.0,55417.0,3036.0,133966.0,2739.0,309.0,502.0,50.0,554.0,62.0,5366.0,25907.0,96.0,1267.0,11469.0,18762.0,2536.0
2021-12-21,310.0,343.0,2798.0,648.0,552.0,7380.0,1463.0,1654.0,4226.0,883.0,11849.0,12205.0,725.0,2042.0,72832.0,40925.0,5635.0,3586.0,6307.0,30798.0,954.0,1714.0,600.0,733.0,13391.0,18021.0,8644.0,826.0,3391.0,1255.0,74827.0,4668.0,150292.0,2164.0,319.0,552.0,48.0,390.0,52.0,4174.0,25264.0,92.0,1268.0,10776.0,19859.0,6029.0
2021-12-22,199.0,319.0,2157.0,854.0,516.0,7392.0,1966.0,1203.0,3831.0,978.0,7695.0,13191.0,865.0,2877.0,84272.0,34981.0,6647.0,0.0,7411.0,36293.0,948.0,1642.0,582.0,955.0,13314.0,17156.0,10151.0,851.0,4679.0,1124.0,86804.0,5106.0,161561.0,1976.0,491.0,536.0,40.0,379.0,69.0,3690.0,25667.0,79.0,1177.0,11007.0,19095.0,6363.0
2021-12-23,159.0,286.0,2259.0,559.0,484.0,7525.0,1033.0,1921.0,3241.0,917.0,7363.0,7366.0,719.0,3000.0,91608.0,21890.0,7660.0,0.0,11182.0,44595.0,122.0,1432.0,543.0,917.0,12465.0,15392.0,13159.0,775.0,1074.0,1203.0,97433.0,5127.0,160634.0,2090.0,488.0,510.0,46.0,368.0,64.0,3353.0,24703.0,70.0,1193.0,11266.0,18771.0,7312.0
2021-12-24,0.0,321.0,2103.0,501.0,440.0,6523.0,743.0,1529.0,3271.0,268.0,2046.0,8195.0,469.0,3223.0,94124.0,10428.0,6590.0,0.0,13765.0,50599.0,203.0,755.0,576.0,572.0,12555.0,10788.0,9307.0,717.0,383.0,1086.0,75776.0,5815.0,137268.0,1661.0,520.0,455.0,20.0,229.0,80.0,1781.0,24946.0,9.0,1098.0,9632.0,18910.0,6647.0
2021-12-25,0.0,167.0,1622.0,511.0,92.0,2819.0,838.0,983.0,151.0,912.0,1091.0,11467.0,434.0,0.0,104611.0,10419.0,4036.0,7989.0,10404.0,54762.0,335.0,679.0,130.0,832.0,11891.0,6252.0,3317.0,598.0,1221.0,666.0,47377.0,2364.0,70362.0,986.0,470.0,351.0,29.0,177.0,16.0,2026.0,23721.0,51.0,976.0,6455.0,20470.0,5276.0
2021-12-26,602.0,168.0,1732.0,306.0,320.0,4567.0,1278.0,642.0,560.0,1925.0,2015.0,23866.0,538.0,0.0,27697.0,24486.0,9284.0,1370.0,6735.0,24883.0,1186.0,1674.0,28.0,1298.0,11428.0,5029.0,5746.0,349.0,4243.0,698.0,53029.0,1791.0,116275.0,2676.0,671.0,355.0,36.0,237.0,43.0,2439.0,23210.0,159.0,1249.0,7371.0,20138.0,2810.0
2021-12-27,208.0,475.0,2592.0,376.0,748.0,13298.0,1235.0,501.0,4139.0,2241.0,6864.0,23177.0,984.0,3649.0,30383.0,43336.0,21732.0,3005.0,9006.0,30810.0,1319.0,2127.0,486.0,1337.0,9134.0,9843.0,17911.0,566.0,4455.0,1833.0,117037.0,6125.0,195007.0,2514.0,893.0,465.0,43.0,302.0,80.0,4798.0,21922.0,118.0,1676.0,17424.0,26099.0,1864.0
2021-12-28,283.0,547.0,3329.0,530.0,800.0,12819.0,3449.0,1493.0,5768.0,3002.0,9079.0,18236.0,883.0,2714.0,179807.0,41670.0,28828.0,3361.0,16428.0,78313.0,1246.0,1864.0,1053.0,1353.0,15696.0,15571.0,26283.0,1144.0,3190.0,1863.0,138919.0,9231.0,212463.0,2097.0,827.0,480.0,44.0,293.0,96.0,4017.0,21119.0,128.0,1804.0,17668.0,32176.0,2248.0
2021-12-29,299.0,617.0,3170.0,510.0,795.0,15046.0,3616.0,1380.0,5958.0,3851.0,6162.0,20326.0,1386.0,2584.0,208099.0,41448.0,35580.0,3360.0,20554.0,98030.0,1157.0,2076.0,1231.0,1298.0,14759.0,14325.0,29352.0,1271.0,2995.0,1704.0,150758.0,10926.0,272790.0,2100.0,926.0,522.0,38.0,422.0,100.0,4172.0,21073.0,154.0,1949.0,18992.0,36684.0,5454.0
2021-12-30,618.0,708.0,3805.0,595.0,842.0,16062.0,2810.0,1510.0,5567.0,3568.0,5755.0,10190.0,1072.0,9619.0,206243.0,28951.0,40560.0,0.0,20110.0,126888.0,167.0,2201.0,1281.0,1030.0,16680.0,13601.0,32076.0,1497.0,2660.0,1892.0,148466.0,11462.0,236573.0,2103.0,1597.0,481.0,70.0,375.0,82.0,4193.0,20638.0,166.0,2192.0,19746.0,39681.0,5930.0
2021-12-31,0.0,482.0,3684.0,364.0,824.0,12298.0,1076.0,1311.0,5293.0,2132.0,4998.0,9069.0,721.0,11334.0,232200.0,14221.0,30009.0,0.0,23281.0,144243.0,180.0,1278.0,1250.0,747.0,15582.0,12032.0,22807.0,1668.0,216.0,1661.0,105993.0,10599.0,188564.0,796.0,1076.0,481.0,39.0,279.0,43.0,2833.0,19751.0,6.0,1610.0,16133.0,40786.0,7029.0
2022-01-01,0.0,179.0,2999.0,368.0,176.0,4071.0,1356.0,771.0,413.0,3321.0,1094.0,4669.0,430.0,4966.0,219126.0,14571.0,31648.0,5865.0,17071.0,141358.0,671.0,1306.0,299.0,812.0,17426.0,7179.0,10658.0,1451.0,1328.0,892.0,59546.0,5271.0,118269.0,943.0,585.0,374.0,22.0,168.0,43.0,2590.0,18233.0,125.0,1907.0,9398.0,36731.0,5026.0
2022-01-02,762.0,335.0,3470.0,273.0,472.0,9092.0,1918.0,507.0,1103.0,3544.0,1931.0,8801.0,691.0,9488.0,58432.0,35963.0,36246.0,2429.0,16986.0,61046.0,1628.0,2475.0,43.0,1147.0,14493.0,6422.0,10600.0,958.0,3579.0,1008.0,71793.0,5727.0,181065.0,3590.0,881.0,416.0,45.0,242.0,36.0,4056.0,16343.0,196.0,2765.0,12809.0,33520.0,1863.0
2022-01-03,300.0,801.0,5984.0,413.0,899.0,27582.0,6252.0,675.0,5845.0,3977.0,9359.0,25073.0,1508.0,17047.0,67461.0,64502.0,50182.0,5270.0,21302.0,68052.0,1835.0,3490.0,877.0,922.0,18502.0,11670.0,27994.0,1756.0,3900.0,3393.0,147406.0,9979.0,229896.0,3436.0,1466.0,494.0,81.0,652.0,108.0,9145.0,15903.0,176.0,5224.0,32270.0,44869.0,1804.0
2022-01-04,487.0,1236.0,10051.0,553.0,1556.0,28141.0,6766.0,1133.0,8587.0,3722.0,10179.0,28283.0,1500.0,5492.0,271686.0,64507.0,43386.0,6454.0,17656.0,170844.0,1994.0,3442.0,2132.0,1144.0,24437.0,17196.0,40334.0,3900.0,3269.0,4046.0,167769.0,17577.0,275647.0,3567.0,1238.0,741.0,100.0,706.0,95.0,8016.0,15772.0,250.0,7488.0,33364.0,54724.0,1746.0
2022-01-05,1119.0,1648.0,8768.0,584.0,2093.0,26048.0,5525.0,1400.0,9058.0,3377.0,7390.0,25995.0,1655.0,6791.0,332252.0,56308.0,33711.0,6524.0,23817.0,189109.0,1877.0,3837.0,1932.0,786.0,24525.0,16576.0,40901.0,4893.0,1116.0,3829.0,163350.0,24084.0,222170.0,4234.0,1378.0,1192.0,73.0,702.0,101.0,7047.0,15316.0,18.0,9122.0,30650.0,66467.0,4571.0
2022-01-06,0.0,1781.0,8873.0,547.0,1293.0,23666.0,5524.0,1623.0,3911.0,3823.0,6643.0,18261.0,1737.0,5979.0,261481.0,55937.0,29334.0,0.0,21926.0,219441.0,1815.0,3858.0,1904.0,762.0,34726.0,11902.0,41056.0,6018.0,3031.0,4069.0,76364.0,17706.0,172980.0,2622.0,1315.0,1510.0,56.0,668.0,127.0,6220.0,16735.0,260.0,7539.0,26129.0,68413.0,6632.0
2022-01-07,0.0,1801.0,7021.0,630.0,1848.0,23808.0,3176.0,1184.0,8817.0,3959.0,6675.0,12588.0,1654.0,9921.0,328214.0,37057.0,37670.0,0.0,26122.0,108304.0,1010.0,2971.0,1845.0,563.0,27784.0,10900.0,38578.0,5922.0,2130.0,4469.0,150368.0,19920.0,120288.0,3842.0,1250.0,1945.0,66.0,329.0,135.0,6376.0,16568.0,164.0,7652.0,27265.0,63214.0,7177.0
2022-01-08,0.0,1207.0,10686.0,555.0,1171.0,15350.0,1716.0,577.0,7333.0,3012.0,3963.0,19248.0,1291.0,6852.0,303669.0,23750.0,18592.0,14655.0,21384.0,197552.0,864.0,1903.0,1626.0,437.0,32335.0,11106.0,28271.0,6036.0,855.0,3349.0,91785.0,19499.0,93612.0,2953.0,1050.0,2087.0,60.0,389.0,152.0,4435.0,16246.0,14.0,7949.0,17777.0,66237.0,3195.0
2022-01-09,1575.0,793.0,10884.0,329.0,942.0,11229.0,6761.0,640.0,1578.0,4187.0,2764.0,14414.0,1263.0,0.0,296097.0,53748.0,27766.0,3382.0,23909.0,155659.0,2241.0,3058.0,364.0,432.0,27737.0,7785.0,18524.0,4712.0,2595.0,2515.0,93103.0,16510.0,95788.0,5486.0,1104.0,2230.0,64.0,695.0,80.0,5178.0,15830.0,274.0,8949.0,13385.0,61727.0,2810.0
2022-01-10,559.0,2177.0,12613.0,673.0,2269.0,37776.0,7062.0,691.0,7956.0,3515.0,7363.0,22396.0,1996.0,23325.0,93896.0,86096.0,32833.0,7883.0,19290.0,101762.0,2439.0,5349.0,961.0,673.0,28856.0,11406.0,36248.0,4104.0,3251.0,5248.0,176219.0,15075.0,132955.0,5596.0,1236.0,4889.0,84.0,1139.0,78.0,12140.0,17525.0,219.0,13693.0,34530.0,65236.0,1969.0
2022-01-11,357.0,1905.0,16491.0,645.0,2577.0,31714.0,5703.0,1010.0,9894.0,3197.0,12378.0,24343.0,2210.0,9768.0,368149.0,88406.0,24245.0,9216.0,20909.0,220532.0,2566.0,4586.0,1924.0,462.0,31907.0,16173.0,43577.0,8861.0,2848.0,7420.0,172023.0,22923.0,115244.0,5326.0,1208.0,9183.0,79.0,1420.0,101.0,10917.0,17946.0,177.0,12877.0,30919.0,74266.0,5429.0
2022-01-12,989.0,2029.0,16779.0,674.0,2590.0,31164.0,7034.0,1096.0,9157.0,3103.0,11469.0,25751.0,2452.0,8661.0,361719.0,84093.0,20409.0,8921.0,18904.0,196224.0,2628.0,4556.0,2312.0,516.0,33144.0,16878.0,42704.0,8600.0,1888.0,6855.0,160907.0,26573.0,103221.0,5567.0,1215.0,10507.0,98.0,1503.0,96.0,11137.0,21155.0,150.0,13753.0,29613.0,77722.0,7117.0
2022-01-13,0.0,2179.0,16909.0,653.0,3162.0,30114.0,6863.0,1274.0,8555.0,3042.0,11696.0,23614.0,2102.0,14277.0,305322.0,80787.0,19772.0,0.0,17065.0,184615.0,3065.0,4747.0,2109.0,503.0,35195.0,16047.0,43352.0,9785.0,2049.0,6918.0,149948.0,26071.0,96412.0,5381.0,1235.0,12423.0,76.0,1858.0,123.0,10884.0,23820.0,148.0,12721.0,28619.0,75564.0,10046.0
2022-01-14,0.0,2163.0,17010.0,710.0,1758.0,31860.0,4389.0,1293.0,8958.0,2351.0,13232.0,25034.0,2242.0,9582.0,329371.0,57171.0,17447.0,0.0,14555.0,186253.0,2140.0,4104.0,2275.0,301.0,31624.0,16896.0,42207.0,9884.0,3208.0,7580.0,134550.0,26187.0,86325.0,5504.0,1208.0,13608.0,79.0,1015.0,125.0,11350.0,27179.0,128.0,12559.0,27624.0,67857.0,10476.0
2022-01-15,0.0,1697.0,14814.0,808.0,1307.0,21185.0,2379.0,1348.0,5732.0,1971.0,9293.0,26169.0,2412.0,6486.0,324580.0,35628.0,10783.0,21219.0,10753.0,180426.0,1560.0,3160.0,1607.0,288.0,35778.0,14667.0,33811.0,10062.0,1015.0,6012.0,85757.0,25787.0,77948.0,3656.0,1137.0,11567.0,64.0,1039.0,146.0,7748.0,29230.0,6.0,11248.0,19289.0,63967.0,10569.0
2022-01-16,693.0,1017.0,16095.0,359.0,1442.0,15000.0,9996.0,1391.0,1397.0,2918.0,7246.0,28780.0,2121.0,10942.0,278129.0,82788.0,18834.0,6851.0,6329.0,149512.0,3706.0,5449.0,546.0,379.0,41768.0,10445.0,22774.0,7595.0,3933.0,4967.0,75706.0,22075.0,98094.0,7521.0,1194.0,9706.0,78.0,1783.0,81.0,8643.0,30726.0,223.0,12797.0,14757.0,54100.0,6379.0
2022-01-17,0.0,2832.0,18288.0,930.0,3342.0,62740.0,11181.0,1064.0,7548.0,2200.0,20315.0,33493.0,2311.0,9714.0,102144.0,126732.0,23691.0,14890.0,5767.0,83403.0,5082.0,7145.0,1325.0,342.0,31018.0,19652.0,47093.0,8118.0,6183.0,8755.0,156175.0,24196.0,131514.0,8728.0,1451.0,14061.0,136.0,2681.0,106.0,20821.0,31252.0,217.0,18006.0,41796.0,64935.0,5072.0
2022-01-18,991.0,2643.0,28087.0,1151.0,2992.0,60744.0,10160.0,1387.0,10427.0,2226.0,28504.0,38759.0,3186.0,9132.0,464769.0,140186.0,20100.0,15526.0,6843.0,212004.0,4885.0,8041.0,2560.0,286.0,37982.0,30586.0,56039.0,16760.0,6011.0,12286.0,148813.0,39299.0,118857.0,6351.0,1583.0,15995.0,126.0,3255.0,98.0,18541.0,33899.0,210.0,17318.0,39311.0,69658.0,8558.0
2022-01-19,629.0,2383.0,25136.0,1186.0,2969.0,60924.0,8932.0,1618.0,11343.0,2282.0,26025.0,40626.0,3877.0,8725.0,436167.0,144621.0,18867.0,15957.0,5523.0,192320.0,5972.0,7743.0,3073.0,306.0,39720.0,32835.0,59790.0,16610.0,7035.0,10288.0,142069.0,40620.0,111758.0,8767.0,1397.0,16442.0,138.0,3907.0,119.0,18156.0,38850.0,178.0,17105.0,39094.0,72615.0,12815.0
2022-01-20,824.0,2670.0,29605.0,1068.0,2574.0,57283.0,9874.0,1836.0,11114.0,2192.0,26941.0,46831.0,4526.0,7913.0,425183.0,144031.0,20507.0,0.0,6597.0,188797.0,5789.0,8199.0,2838.0,285.0,57192.0,36665.0,62191.0,19105.0,6478.0,9858.0,132632.0,43714.0,100325.0,11039.0,1670.0,15315.0,105.0,3971.0,144.0,18280.0,49513.0,172.0,16403.0,37657.0,71843.0,18479.0
2022-01-21,0.0,2230.0,26658.0,1614.0,2624.0,56456.0,6630.0,1964.0,10701.0,1984.0,26638.0,36120.0,4828.0,4660.0,400851.0,96237.0,18333.0,0.0,6689.0,179106.0,4753.0,6428.0,2495.0,273.0,46141.0,40876.0,61390.0,19649.0,7607.0,9945.0,127494.0,39807.0,91730.0,9696.0,1224.0,14172.0,85.0,2447.0,147.0,18559.0,57212.0,141.0,14717.0,36637.0,72555.0,20156.0
2022-01-22,0.0,1658.0,23329.0,1697.0,938.0,32798.0,2847.0,1957.0,7095.0,1813.0,18359.0,42018.0,3700.0,5199.0,389320.0,61850.0,12108.0,39928.0,4731.0,171263.0,3953.0,4617.0,2774.0,202.0,64580.0,34088.0,47950.0,19371.0,3503.0,13911.0,72822.0,37704.0,81733.0,7947.0,1253.0,11364.0,89.0,2394.0,132.0,12270.0,63205.0,14.0,12159.0,24632.0,72856.0,22473.0
2022-01-23,0.0,789.0,25107.0,757.0,1010.0,20751.0,11049.0,1944.0,1831.0,2815.0,12903.0,40348.0,5076.0,10158.0,301614.0,139256.0,19073.0,9717.0,3692.0,138860.0,6097.0,6559.0,229.0,323.0,64109.0,29100.0,34027.0,14088.0,8120.0,8396.0,66500.0,30983.0,102364.0,15762.0,1300.0,9045.0,98.0,2834.0,108.0,12869.0,65109.0,211.0,15046.0,18334.0,65503.0,15444.0
2022-01-24,1676.0,2156.0,26663.0,2468.0,2539.0,76034.0,12399.0,1403.0,8471.0,2546.0,30398.0,46590.0,5195.0,8478.0,108481.0,193485.0,17879.0,20174.0,4006.0,77696.0,9143.0,11834.0,1713.0,314.0,53462.0,36995.0,61132.0,12082.0,13840.0,13105.0,131291.0,33908.0,127364.0,17530.0,1614.0,12034.0,176.0,5138.0,99.0,28366.0,67809.0,238.0,19901.0,48332.0,67023.0,12915.0
2022-01-25,327.0,1562.0,38134.0,3192.0,2601.0,62545.0,9916.0,1897.0,11812.0,2499.0,39642.0,46747.0,5887.0,7058.0,501635.0,194722.0,17960.0,19213.0,5605.0,190514.0,9087.0,12793.0,3073.0,230.0,57682.0,53420.0,69156.0,19685.0,14252.0,17491.0,118559.0,46669.0,113201.0,17484.0,1598.0,13758.0,138.0,6199.0,138.0,23591.0,74692.0,231.0,19063.0,44123.0,76341.0,19118.0
2022-01-26,0.0,1549.0,35723.0,3361.0,2632.0,54796.0,9874.0,1974.0,10500.0,2536.0,54705.0,51033.0,6274.0,7023.0,428008.0,198897.0,19712.0,17869.0,5265.0,167206.0,8682.0,13478.0,3029.0,229.0,64202.0,57659.0,69626.0,34255.0,14312.0,14206.0,110039.0,41677.0,108668.0,17066.0,1612.0,12706.0,160.0,5366.0,156.0,22090.0,88816.0,166.0,17674.0,41392.0,77434.0,24321.0
2022-01-27,528.0,1615.0,37900.0,3564.0,2073.0,47549.0,9871.0,2221.0,9924.0,2587.0,34818.0,53655.0,5870.0,6514.0,392168.0,187661.0,22361.0,0.0,5109.0,155697.0,9626.0,13313.0,2552.0,190.0,72959.0,57262.0,67074.0,31683.0,15118.0,16571.0,93848.0,53881.0,96202.0,18274.0,1293.0,11897.0,143.0,5615.0,99.0,20095.0,98040.0,143.0,17284.0,37709.0,82180.0,32393.0
2022-01-28,0.0,1341.0,33673.0,4268.0,2026.0,41458.0,5875.0,2302.0,9904.0,2184.0,47278.0,41083.0,7171.0,4187.0,353503.0,124355.0,19584.0,0.0,5091.0,143898.0,6860.0,11509.0,2173.0,191.0,38867.0,51695.0,62242.0,31724.0,13282.0,14878.0,84645.0,39515.0,84026.0,17265.0,1438.0,9648.0,120.0,3700.0,80.0,19003.0,113122.0,109.0,15425.0,35618.0,93586.0,34408.0
2022-01-29,0.0,939.0,29185.0,4943.0,639.0,23223.0,2602.0,2387.0,6220.0,2225.0,18288.0,36196.0,5998.0,4324.0,332398.0,74532.0,11112.0,45047.0,4400.0,137147.0,3775.0,7302.0,2244.0,169.0,74637.0,48251.0,47399.0,30168.0,7796.0,13852.0,47021.0,34327.0,73505.0,13150.0,935.0,7506.0,75.0,2449.0,45.0,10780.0,121228.0,13.0,13153.0,23280.0,94783.0,37351.0
2022-01-30,402.0,522.0,26315.0,2186.0,816.0,13246.0,10151.0,1965.0,1445.0,3396.0,23944.0,29084.0,4997.0,8902.0,249448.0,158767.0,19731.0,9422.0,3872.0,104065.0,9028.0,10316.0,134.0,249.0,110449.0,33480.0,28902.0,19668.0,14643.0,8575.0,39908.0,15066.0,87698.0,24201.0,931.0,5479.0,94.0,4348.0,51.0,11548.0,124070.0,193.0,15352.0,18018.0,88145.0,24508.0
2022-01-31,0.0,1533.0,27862.0,5223.0,1628.0,50097.0,11143.0,1918.0,7385.0,3038.0,29560.0,45366.0,6547.0,7613.0,82657.0,230670.0,24996.0,19690.0,4208.0,57715.0,10610.0,14771.0,1453.0,227.0,104564.0,39114.0,53311.0,20131.0,20224.0,12273.0,80674.0,24795.0,105047.0,26320.0,1347.0,7350.0,146.0,4794.0,143.0,27867.0,125836.0,129.0,19214.0,43232.0,93261.0,22026.0
2022-02-01,357.0,1164.0,44204.0,6620.0,2124.0,36784.0,9152.0,3634.0,10003.0,3083.0,57247.0,55001.0,7243.0,7192.0,416896.0,239485.0,18825.0,17894.0,5940.0,133142.0,9831.0,15412.0,2549.0,240.0,66118.0,56051.0,57322.0,40018.0,19388.0,23433.0,72175.0,40929.0,93949.0,23664.0,1428.0,7767.0,123.0,5255.0,80.0,23470.0,141883.0,103.0,17851.0,36545.0,102601.0,30768.0
2022-02-02,155.0,1001.0,33868.0,6113.0,1918.0,30900.0,8142.0,4990.0,8815.0,3078.0,43340.0,44225.0,6886.0,6540.0,315363.0,237361.0,17662.0,16435.0,6061.0,118994.0,10137.0,14876.0,1994.0,214.0,81630.0,54477.0,53241.0,35802.0,19533.0,16654.0,66525.0,35946.0,88417.0,22263.0,1500.0,6773.0,113.0,5212.0,55.0,20359.0,155768.0,102.0,15623.0,34058.0,110682.0,35014.0
2022-02-03,129.0,931.0,36946.0,7050.0,1188.0,25894.0,8116.0,7350.0,8094.0,2907.0,37695.0,40179.0,8045.0,136804.0,274352.0,209896.0,18640.0,0.0,6697.0,112691.0,10501.0,14722.0,1979.0,195.0,71127.0,47534.0,50126.0,32671.0,19577.0,11668.0,58360.0,28293.0,76642.0,23134.0,1253.0,5865.0,144.0,3927.0,66.0,17534.0,168201.0,94.0,14519.0,28913.0,107530.0,39620.0
2022-02-04,0.0,793.0,33418.0,7704.0,1594.0,22421.0,4737.0,8231.0,7536.0,2568.0,28738.0,39190.0,7849.0,6952.0,241049.0,133325.0,16023.0,0.0,6260.0,99522.0,7234.0,10903.0,1628.0,158.0,53029.0,45749.0,44006.0,31776.0,15549.0,11680.0,53607.0,25699.0,63264.0,19098.0,1883.0,4926.0,99.0,3037.0,58.0,17422.0,177282.0,13.0,12736.0,26329.0,111157.0,43778.0
2022-02-05,0.0,659.0,30052.0,7474.0,436.0,12501.0,2181.0,8315.0,4780.0,2214.0,24009.0,36512.0,7082.0,0.0,214542.0,82842.0,10980.0,33716.0,4933.0,93157.0,3646.0,7888.0,1333.0,175.0,79955.0,34703.0,32651.0,28921.0,9965.0,7458.0,27997.0,19986.0,52304.0,11235.0,1455.0,3689.0,91.0,1511.0,9.0,10968.0,180071.0,17.0,10602.0,18179.0,98715.0,42533.0
2022-02-06,209.0,251.0,25905.0,4680.0,575.0,7305.0,8012.0,5869.0,1270.0,3374.0,9071.0,34849.0,4631.0,0.0,155439.0,178271.0,18847.0,7053.0,3975.0,78952.0,11144.0,10254.0,69.0,186.0,81490.0,21980.0,17493.0,16108.0,19240.0,5512.0,23771.0,10068.0,60547.0,24616.0,1501.0,2019.0,111.0,2742.0,38.0,11102.0,171905.0,134.0,11439.0,14417.0,87934.0,27851.0
2022-02-07,0.0,841.0,29051.0,7032.0,1468.0,27430.0,8140.0,5674.0,5545.0,2885.0,29632.0,49798.0,6316.0,19899.0,46001.0,251110.0,23687.0,13932.0,3780.0,41247.0,11835.0,14179.0,1112.0,172.0,391442.0,46872.0,32549.0,16958.0,20582.0,11098.0,53180.0,9653.0,76483.0,25161.0,1352.0,3372.0,167.0,3024.0,72.0,29479.0,165643.0,62.0,13772.0,32168.0,96514.0,23378.0
2022-02-08,181.0,700.0,40147.0,7779.0,1478.0,19446.0,7263.0,8254.0,7868.0,2779.0,37815.0,55120.0,6704.0,7472.0,235267.0,247565.0,19616.0,12885.0,5677.0,101864.0,11599.0,12486.0,1352.0,118.0,86497.0,42095.0,36016.0,36269.0,20160.0,5076.0,46683.0,19604.0,69661.0,22444.0,2274.0,3412.0,148.0,2871.0,42.0,25520.0,183103.0,65.0,12532.0,26972.0,111096.0,34353.0
2022-02-09,85.0,604.0,35113.0,7632.0,1313.0,16808.0,6278.0,8463.0,6341.0,2374.0,29052.0,53747.0,6611.0,4520.0,179614.0,229836.0,19154.0,11559.0,5649.0,81367.0,11797.0,12077.0,1050.0,143.0,86720.0,35777.0,29331.0,27346.0,20051.0,12137.0,42945.0,15839.0,64339.0,19968.0,2169.0,2581.0,144.0,2870.0,34.0,24017.0,197076.0,52.0,11121.0,25471.0,108563.0,38257.0
2022-02-10,66.0,531.0,33215.0,6603.0,1338.0,14225.0,6531.0,8611.0,5169.0,2485.0,22672.0,48170.0,5129.0,12805.0,153025.0,206355.0,17645.0,0.0,6618.0,75861.0,10707.0,11639.0,917.0,107.0,80596.0,31331.0,25632.0,26466.0,19872.0,7514.0,37470.0,7421.0,52292.0,20326.0,1880.0,2386.0,112.0,2553.0,32.0,21935.0,203949.0,37.0,9580.0,22231.0,98602.0,41694.0
2022-02-11,0.0,457.0,29716.0,5948.0,1289.0,12209.0,3625.0,8783.0,2730.0,2120.0,22147.0,44350.0,5799.0,10386.0,131376.0,122323.0,16442.0,0.0,4940.0,67152.0,7789.0,9279.0,751.0,116.0,70297.0,22070.0,20654.0,22737.0,14196.0,7330.0,32967.0,5829.0,44557.0,15712.0,2029.0,2027.0,89.0,1674.0,32.0,20538.0,203766.0,37.0,8187.0,19687.0,95065.0,41229.0
2022-02-12,0.0,296.0,24925.0,6841.0,177.0,6771.0,1539.0,8921.0,5212.0,2047.0,10953.0,38323.0,4634.0,0.0,118611.0,74095.0,10853.0,21081.0,4331.0,62231.0,4144.0,5075.0,674.0,72.0,60067.0,13473.0,16743.0,18751.0,8552.0,4257.0,16638.0,2817.0,37527.0,7727.0,2062.0,1335.0,75.0,1047.0,1.0,9193.0,197949.0,5.0,6036.0,13991.0,86193.0,38212.0
2022-02-13,137.0,187.0,23979.0,2749.0,617.0,4850.0,6130.0,6605.0,452.0,2930.0,7196.0,29474.0,2905.0,0.0,86562.0,158486.0,20360.0,4411.0,3494.0,51959.0,11105.0,7560.0,15.0,122.0,55025.0,22267.0,8791.0,11967.0,18896.0,3601.0,14380.0,1175.0,41755.0,19049.0,1954.0,1177.0,71.0,1720.0,32.0,7832.0,180456.0,52.0,7030.0,10741.0,73787.0,24518.0
2022-02-14,84.0,449.0,26431.0,4687.0,979.0,16502.0,6589.0,5146.0,3410.0,2646.0,19486.0,42978.0,3527.0,12410.0,26475.0,228951.0,21958.0,8883.0,4160.0,28630.0,11425.0,10473.0,549.0,117.0,53464.0,28859.0,19349.0,12069.0,19955.0,7122.0,32740.0,2546.0,54746.0,15315.0,1874.0,1586.0,119.0,1616.0,32.0,20273.0,166631.0,38.0,7134.0,24664.0,76632.0,16993.0
2022-02-15,91.0,361.0,38695.0,7148.0,861.0,11572.0,5023.0,7919.0,5795.0,2549.0,28289.0,42948.0,8467.0,4426.0,142253.0,230322.0,19509.0,8578.0,5264.0,70852.0,11595.0,7741.0,769.0,109.0,63696.0,29229.0,21213.0,17447.0,18443.0,4716.0,30016.0,4884.0,52501.0,15644.0,2601.0,1408.0,100.0,1852.0,27.0,16667.0,179284.0,31.0,6239.0,20525.0,94730.0,29724.0
2022-02-16,70.0,300.0,30811.0,4449.0,575.0,10634.0,4626.0,8248.0,4461.0,2200.0,16996.0,40600.0,6520.0,5956.0,98735.0,213344.0,19501.0,7480.0,5026.0,59749.0,10285.0,6978.0,560.0,79.0,56315.0,23990.0,17635.0,-17447.0,17536.0,4542.0,27263.0,4044.0,51570.0,14405.0,2962.0,1412.0,85.0,1853.0,17.0,17191.0,180622.0,22.0,6423.0,19096.0,94176.0,31513.0
2022-02-17,67.0,303.0,30480.0,3817.0,616.0,9293.0,4616.0,8194.0,3599.0,2304.0,15532.0,35658.0,6751.0,7953.0,92345.0,178608.0,18604.0,0.0,4795.0,57890.0,11992.0,9489.0,635.0,72.0,49242.0,20902.0,16662.0,32821.0,17933.0,3771.0,24167.0,4215.0,44716.0,13288.0,2417.0,1066.0,96.0,1615.0,34.0,15827.0,180071.0,39.0,6298.0,14268.0,92406.0,33330.0
2022-02-18,0.0,260.0,25709.0,3690.0,663.0,7729.0,2605.0,7856.0,3525.0,1764.0,13777.0,33304.0,6996.0,4328.0,82553.0,119574.0,15305.0,0.0,4830.0,53662.0,6776.0,6841.0,511.0,77.0,33523.0,13687.0,15018.0,14524.0,11912.0,3731.0,22631.0,3419.0,33239.0,9400.0,2840.0,886.0,92.0,965.0,24.0,15700.0,179147.0,13.0,5103.0,13442.0,87411.0,34938.0
2022-02-19,0.0,206.0,21750.0,2685.0,128.0,4505.0,1235.0,7283.0,2055.0,1794.0,8224.0,25690.0,4138.0,0.0,76638.0,64247.0,9596.0,13261.0,3351.0,50534.0,3819.0,4167.0,606.0,74.0,36285.0,9589.0,9919.0,12319.0,6691.0,2267.0,11565.0,1968.0,34648.0,4775.0,2178.0,633.0,52.0,231.0,2.0,7700.0,170699.0,4.0,3876.0,9776.0,80454.0,31125.0
2022-02-20,0.0,85.0,21333.0,1038.0,303.0,2946.0,4845.0,4365.0,312.0,2698.0,4274.0,28883.0,2990.0,0.0,59003.0,139673.0,18088.0,3193.0,3473.0,42081.0,11837.0,7023.0,18.0,90.0,35915.0,18792.0,6123.0,7697.0,13420.0,2008.0,10090.0,1084.0,37717.0,12101.0,2495.0,483.0,58.0,1561.0,29.0,7537.0,152337.0,59.0,4483.0,8046.0,70355.0,17448.0
2022-02-21,231.0,279.0,23637.0,2372.0,495.0,10956.0,4667.0,2507.0,1810.0,2322.0,13459.0,30480.0,5285.0,17671.0,17195.0,218692.0,19601.0,6286.0,3280.0,24408.0,11320.0,9112.0,798.0,79.0,34536.0,20456.0,14331.0,7684.0,19075.0,2265.0,23706.0,2293.0,45127.0,10230.0,2495.0,655.0,119.0,970.0,50.0,22217.0,135172.0,25.0,4591.0,19603.0,85026.0,13562.0
2022-02-22,81.0,213.0,35219.0,1979.0,640.0,8000.0,3411.0,6230.0,3774.0,2167.0,14223.0,29040.0,6589.0,2746.0,97382.0,208530.0,16962.0,5512.0,4121.0,60029.0,11088.0,7891.0,1072.0,95.0,41439.0,18282.0,19383.0,14775.0,15183.0,2372.0,22050.0,3438.0,39186.0,8455.0,2886.0,612.0,91.0,1069.0,38.0,18336.0,137642.0,20.0,4388.0,16995.0,86070.0,24440.0
2022-02-23,57.0,194.0,28493.0,1755.0,425.0,7629.0,2854.0,5996.0,2559.0,1935.0,11212.0,25209.0,4409.0,4264.0,66833.0,190230.0,15819.0,4498.0,3729.0,49040.0,9952.0,6788.0,818.0,80.0,41151.0,16724.0,12488.0,11477.0,12829.0,2336.0,20974.0,3095.0,36476.0,7482.0,3646.0,575.0,117.0,1129.0,26.0,18140.0,132998.0,15.0,3718.0,17581.0,86600.0,25062.0
2022-02-24,41.0,173.0,29741.0,1210.0,357.0,6689.0,2903.0,5663.0,2030.0,1826.0,10040.0,22784.0,5042.0,7930.0,66732.0,171826.0,15908.0,0.0,4304.0,46169.0,10117.0,6079.0,708.0,96.0,37550.0,13960.0,11484.0,-8974.0,12384.0,1911.0,18237.0,3526.0,30631.0,6236.0,4333.0,496.0,111.0,668.0,28.0,15342.0,123460.0,32.0,3201.0,15770.0,79708.0,25789.0
2022-02-25,0.0,111.0,25016.0,1512.0,312.0,5830.0,1468.0,5355.0,1871.0,1606.0,9121.0,17359.0,4012.0,71.0,58138.0,108569.0,11883.0,0.0,3595.0,40948.0,5427.0,4245.0,715.0,56.0,32898.0,8902.0,10646.0,7191.0,8264.0,1784.0,16378.0,2752.0,27833.0,4835.0,4862.0,389.0,78.0,500.0,16.0,14545.0,123175.0,10.0,2648.0,14854.0,71736.0,4943.0
2022-02-26,0.0,102.0,22051.0,1041.0,103.0,3379.0,724.0,4135.0,1028.0,1387.0,5592.0,16454.0,4202.0,0.0,53623.0,55465.0,8214.0,8370.0,2338.0,38375.0,3616.0,2451.0,527.0,40.0,27408.0,6564.0,7634.0,16165.0,4728.0,901.0,8844.0,1483.0,25086.0,2465.0,1746.0,268.0,74.0,488.0,2.0,6210.0,115913.0,3.0,2130.0,11077.0,61764.0,3481.0
2022-02-27,0.0,36.0,21192.0,369.0,135.0,2353.0,2759.0,2268.0,198.0,2356.0,3326.0,16578.0,2291.0,0.0,42600.0,128727.0,16263.0,2037.0,2277.0,30629.0,9524.0,5591.0,32.0,86.0,28867.0,12984.0,4341.0,4247.0,11207.0,656.0,7596.0,1089.0,31360.0,6847.0,1096.0,229.0,98.0,586.0,34.0,6188.0,106920.0,45.0,2703.0,9291.0,49792.0,6667.0
2022-02-28,166.0,139.0,27298.0,832.0,179.0,8331.0,2641.0,1527.0,1149.0,1986.0,10169.0,18561.0,4671.0,28.0,13483.0,193952.0,17208.0,3539.0,3298.0,17981.0,10574.0,6990.0,625.0,94.0,36527.0,14737.0,11861.0,4757.0,12763.0,2525.0,17213.0,1456.0,44641.0,3840.0,3356.0,296.0,138.0,570.0,34.0,17547.0,97333.0,19.0,2886.0,23816.0,64275.0,6879.0
2022-03-01,84.0,123.0,40835.0,865.0,172.0,6896.0,2274.0,2169.0,2510.0,2109.0,11629.0,20458.0,5087.0,19686.0,79794.0,205530.0,15557.0,3862.0,3342.0,46631.0,8900.0,6431.0,1060.0,126.0,48477.0,14068.0,10424.0,8461.0,11462.0,1836.0,16820.0,3075.0,44788.0,3115.0,2305.0,311.0,164.0,734.0,28.0,12468.0,97455.0,29.0,2846.0,22434.0,59885.0,6536.0
2022-03-02,93.0,95.0,31631.0,570.0,293.0,7581.0,1104.0,2083.0,1625.0,2046.0,8970.0,14466.0,3573.0,1116.0,57697.0,212459.0,15783.0,3064.0,4043.0,36429.0,7676.0,6112.0,845.0,98.0,58311.0,12483.0,13048.0,6832.0,11029.0,1823.0,20421.0,2446.0,46174.0,1365.0,2529.0,286.0,235.0,617.0,27.0,11102.0,93026.0,20.0,2620.0,24832.0,56780.0,6901.0
2022-03-03,92.0,110.0,31820.0,588.0,293.0,7166.0,2125.0,1949.0,1351.0,2114.0,8082.0,19178.0,3325.0,6030.0,60225.0,190250.0,16050.0,0.0,3995.0,41500.0,7754.0,5639.0,654.0,121.0,68396.0,12737.0,15657.0,5953.0,9925.0,1862.0,19761.0,2086.0,43761.0,3033.0,2560.0,250.0,207.0,568.0,20.0,8896.0,89174.0,22.0,2504.0,24611.0,49424.0,6370.0
2022-03-04,0.0,102.0,31455.0,433.0,189.0,6930.0,1388.0,1876.0,1524.0,1834.0,8258.0,15735.0,3055.0,7185.0,57789.0,122136.0,12997.0,0.0,3854.0,38095.0,3992.0,3838.0,901.0,99.0,67297.0,7697.0,15157.0,5602.0,6186.0,1836.0,18467.0,1923.0,41407.0,1700.0,2501.0,198.0,161.0,518.0,17.0,8291.0,86769.0,13.0,2146.0,23601.0,38283.0,3431.0
2022-03-05,0.0,78.0,27527.0,374.0,54.0,4178.0,515.0,1662.0,875.0,1730.0,4564.0,10827.0,1646.0,0.0,53678.0,79372.0,9213.0,5852.0,1254.0,39963.0,2594.0,2652.0,680.0,72.0,66945.0,5585.0,10623.0,4837.0,3419.0,939.0,9822.0,1267.0,38753.0,910.0,2016.0,158.0,140.0,251.0,2.0,3722.0,79863.0,4.0,1641.0,17655.0,32389.0,2747.0
2022-03-06,186.0,40.0,26480.0,149.0,96.0,3529.0,2462.0,1205.0,157.0,1584.0,2575.0,12225.0,1396.0,0.0,45328.0,165462.0,8639.0,1387.0,2383.0,35057.0,8158.0,5809.0,30.0,159.0,64294.0,13152.0,5920.0,3092.0,9819.0,746.0,8538.0,326.0,49023.0,2783.0,1707.0,81.0,127.0,352.0,29.0,3397.0,73162.0,58.0,2231.0,14380.0,27671.0,4332.0
2022-03-07,90.0,87.0,34034.0,276.0,167.0,12341.0,2180.0,742.0,1016.0,3695.0,10475.0,15475.0,3317.0,22369.0,14496.0,247340.0,21057.0,2632.0,4355.0,22083.0,7547.0,7406.0,779.0,138.0,66650.0,14415.0,16186.0,3188.0,11712.0,3141.0,19514.0,1430.0,68521.0,865.0,3323.0,88.0,200.0,226.0,36.0,11621.0,66576.0,48.0,2588.0,34891.0,34343.0,3022.0
2022-03-08,84.0,75.0,50974.0,126.0,172.0,9122.0,1920.0,1238.0,2588.0,2866.0,10494.0,16958.0,2877.0,0.0,93050.0,261287.0,23335.0,2377.0,1698.0,60191.0,7066.0,6948.0,1082.0,153.0,74680.0,13438.0,15733.0,5461.0,12066.0,2182.0,18876.0,2219.0,70107.0,1970.0,2781.0,89.0,181.0,459.0,49.0,7558.0,58675.0,22.0,2377.0,30773.0,37407.0,6112.0
2022-03-09,0.0,67.0,49911.0,270.0,145.0,9407.0,1693.0,1497.0,1728.0,3473.0,9091.0,14309.0,2478.0,8910.0,69190.0,254150.0,21863.0,2068.0,4057.0,48483.0,6232.0,6303.0,1174.0,139.0,75146.0,11637.0,13733.0,4176.0,9923.0,2305.0,18843.0,2102.0,73529.0,1543.0,2640.0,163.0,190.0,347.0,32.0,7188.0,51231.0,36.0,2139.0,30939.0,33243.0,5858.0
2022-03-10,0.0,73.0,49295.0,225.0,143.0,8669.0,1635.0,1899.0,1538.0,3020.0,8245.0,13820.0,2177.0,10051.0,74818.0,238431.0,21260.0,0.0,9125.0,54230.0,6535.0,3290.0,1010.0,127.0,69341.0,11116.0,13397.0,3565.0,9051.0,2225.0,17707.0,1623.0,70503.0,1243.0,2659.0,144.0,174.0,571.0,50.0,5846.0,50743.0,26.0,2230.0,29387.0,29492.0,5834.0
2022-03-11,0.0,69.0,43434.0,197.0,170.0,8607.0,960.0,1931.0,1575.0,2812.0,8357.0,7091.0,1892.0,21159.0,72399.0,155558.0,19002.0,0.0,4332.0,53127.0,2729.0,3076.0,1062.0,171.0,60258.0,7580.0,13003.0,2974.0,7627.0,2305.0,17062.0,1513.0,67029.0,823.0,2051.0,126.0,147.0,395.0,41.0,5385.0,48154.0,1.0,1967.0,27711.0,25401.0,3987.0
2022-03-12,0.0,42.0,37376.0,192.0,17.0,5111.0,523.0,1654.0,956.0,2314.0,4429.0,6658.0,1376.0,0.0,72443.0,88785.0,11986.0,0.0,5475.0,53825.0,2098.0,2629.0,837.0,143.0,52798.0,5298.0,9027.0,2743.0,3375.0,1141.0,9436.0,818.0,62068.0,466.0,1096.0,67.0,107.0,241.0,1.0,2208.0,44989.0,8.0,1366.0,20281.0,20465.0,2256.0
2022-03-13,0.0,26.0,34231.0,53.0,67.0,3998.0,2433.0,1166.0,141.0,3782.0,2756.0,7892.0,929.0,0.0,60422.0,207850.0,22682.0,0.0,2100.0,48886.0,6264.0,5921.0,24.0,194.0,46497.0,12690.0,4905.0,1626.0,9654.0,934.0,8992.0,405.0,75729.0,1716.0,1270.0,55.0,173.0,343.0,49.0,2256.0,41055.0,67.0,2211.0,16084.0,17426.0,6120.0
2022-03-14,0.0,22.0,40009.0,142.0,147.0,15916.0,2393.0,693.0,1179.0,3294.0,10826.0,9947.0,2716.0,26848.0,18853.0,285043.0,26620.0,4902.0,6282.0,28900.0,5141.0,7124.0,907.0,229.0,53396.0,14475.0,14838.0,2087.0,11528.0,4238.0,20968.0,880.0,99833.0,1099.0,2365.0,121.0,238.0,339.0,74.0,7378.0,36678.0,41.0,2415.0,40371.0,24404.0,5229.0
2022-03-15,440.0,93.0,63512.0,115.0,164.0,12455.0,1949.0,1858.0,2659.0,3714.0,10717.0,9585.0,2144.0,6110.0,116618.0,307361.0,23694.0,1503.0,5452.0,85288.0,5259.0,6260.0,1450.0,304.0,60733.0,12267.0,15332.0,4854.0,11000.0,2997.0,19933.0,1711.0,93703.0,888.0,2016.0,103.0,200.0,450.0,63.0,4628.0,36519.0,40.0,2449.0,33210.0,24614.0,5144.0
2022-03-16,0.0,81.0,51539.0,99.0,129.0,12351.0,1720.0,1789.0,2032.0,3951.0,8555.0,8326.0,1752.0,11397.0,108832.0,294896.0,24256.0,3322.0,5204.0,72568.0,4225.0,5435.0,1405.0,301.0,54393.0,11658.0,13636.0,3913.0,9782.0,3137.0,20360.0,1785.0,91754.0,872.0,1878.0,80.0,185.0,467.0,51.0,4568.0,34819.0,50.0,2362.0,30640.0,22345.0,5131.0
2022-03-17,0.0,76.0,50513.0,112.0,186.0,11256.0,1601.0,1742.0,1939.0,2568.0,8158.0,7216.0,1521.0,4295.0,101747.0,254584.0,23621.0,0.0,5628.0,79895.0,3838.0,5313.0,1501.0,286.0,49286.0,10374.0,12778.0,4033.0,9386.0,3068.0,18735.0,1863.0,82849.0,849.0,1548.0,83.0,144.0,372.0,48.0,3777.0,34442.0,39.0,2076.0,26578.0,21354.0,4763.0
2022-03-18,0.0,79.0,41967.0,116.0,182.0,10126.0,919.0,1578.0,1775.0,3347.0,8718.0,6352.0,1372.0,3400.0,97579.0,142961.0,19705.0,0.0,4787.0,76250.0,1911.0,3204.0,1197.0,203.0,41589.0,5694.0,12038.0,3749.0,6833.0,3304.0,19185.0,1301.0,75283.0,475.0,1293.0,58.0,119.0,254.0,61.0,3466.0,32958.0,5.0,1868.0,23744.0,19126.0,2239.0
2022-03-19,0.0,48.0,37334.0,78.0,34.0,5727.0,472.0,1087.0,901.0,3698.0,4790.0,4984.0,840.0,0.0,98104.0,89064.0,12462.0,5839.0,5067.0,74024.0,1352.0,2264.0,1053.0,251.0,34779.0,4164.0,8543.0,3168.0,2840.0,1520.0,9766.0,620.0,67412.0,368.0,747.0,29.0,90.0,240.0,3.0,1576.0,31035.0,0.0,1383.0,16116.0,17328.0,1731.0
2022-03-20,0.0,22.0,31073.0,29.0,75.0,4121.0,1960.0,677.0,292.0,5124.0,2277.0,5221.0,671.0,0.0,81283.0,237800.0,23528.0,1495.0,4024.0,60415.0,4817.0,4578.0,278.0,333.0,31868.0,10159.0,4447.0,2241.0,8937.0,1113.0,9604.0,342.0,81049.0,1053.0,950.0,36.0,92.0,273.0,48.0,1289.0,28709.0,65.0,2170.0,12197.0,13081.0,4442.0
2022-03-21,0.0,36.0,36821.0,34.0,150.0,18117.0,1943.0,496.0,1254.0,4673.0,10421.0,7401.0,2011.0,25704.0,24179.0,304711.0,26709.0,2845.0,7708.0,32573.0,3634.0,5607.0,848.0,375.0,40521.0,10425.0,14757.0,2236.0,10387.0,5092.0,24100.0,922.0,109281.0,817.0,1533.0,18.0,169.0,258.0,97.0,4697.0,26394.0,46.0,2249.0,30755.0,14933.0,4221.0
2022-03-22,479.0,18.0,54388.0,38.0,147.0,13596.0,1552.0,1647.0,2077.0,4704.0,10494.0,6291.0,1840.0,207.0,180777.0,307873.0,23102.0,2651.0,7044.0,96365.0,3324.0,4538.0,1284.0,415.0,42781.0,8988.0,15015.0,5140.0,9649.0,3391.0,24436.0,1613.0,99094.0,599.0,1100.0,12.0,109.0,431.0,97.0,3003.0,26826.0,47.0,2314.0,23023.0,17426.0,3855.0
2022-03-23,0.0,93.0,40870.0,21.0,123.0,13623.0,1424.0,1699.0,2061.0,5186.0,8480.0,5408.0,1457.0,9312.0,145560.0,286250.0,22107.0,2439.0,8869.0,76260.0,2822.0,4186.0,2217.0,465.0,39171.0,8231.0,12857.0,4521.0,8104.0,3331.0,23131.0,1262.0,94176.0,590.0,1024.0,24.0,127.0,385.0,62.0,3245.0,25387.0,37.0,2116.0,19721.0,17161.0,3630.0
2022-03-24,0.0,61.0,36965.0,50.0,114.0,12515.0,1333.0,1488.0,1815.0,3329.0,7118.0,5654.0,1474.0,12501.0,148635.0,244254.0,16234.0,0.0,9147.0,81811.0,2513.0,3673.0,2146.0,392.0,34947.0,6628.0,11423.0,4088.0,7279.0,2910.0,19032.0,1335.0,82897.0,658.0,831.0,52.0,103.0,339.0,59.0,2495.0,25382.0,11.0,1949.0,16797.0,16894.0,3406.0
2022-03-25,0.0,69.0,32896.0,41.0,63.0,11176.0,704.0,1404.0,1587.0,5172.0,7546.0,4322.0,1289.0,10675.0,143571.0,138104.0,16558.0,0.0,7729.0,75616.0,1138.0,2424.0,1383.0,353.0,28104.0,3492.0,11862.0,3725.0,5560.0,2952.0,17477.0,1151.0,72430.0,357.0,700.0,45.0,62.0,216.0,40.0,2291.0,24072.0,9.0,1693.0,14560.0,15303.0,1527.0
2022-03-26,0.0,45.0,25367.0,55.0,38.0,5896.0,362.0,784.0,961.0,4314.0,3520.0,3359.0,652.0,0.0,139517.0,69558.0,13429.0,5223.0,6940.0,73357.0,931.0,1285.0,1613.0,360.0,24949.0,2367.0,7671.0,3100.0,2778.0,1346.0,8415.0,508.0,61451.0,229.0,371.0,28.0,48.0,36.0,0.0,987.0,23280.0,2.0,1273.0,9813.0,13849.0,1236.0
2022-03-27,0.0,27.0,20818.0,16.0,143.0,3684.0,1442.0,526.0,143.0,6494.0,2245.0,3372.0,577.0,0.0,110174.0,206808.0,27489.0,1730.0,5263.0,59555.0,2903.0,3195.0,61.0,603.0,21509.0,6606.0,3991.0,1939.0,6557.0,953.0,6722.0,249.0,68335.0,698.0,357.0,18.0,52.0,304.0,52.0,816.0,21101.0,87.0,1783.0,7231.0,11194.0,2635.0
2022-03-28,0.0,70.0,25925.0,48.0,168.0,18029.0,1698.0,443.0,913.0,5089.0,8814.0,4502.0,1462.0,14765.0,29455.0,274373.0,29072.0,2906.0,5935.0,30710.0,2447.0,3740.0,1111.0,717.0,30713.0,5740.0,12741.0,1951.0,6790.0,4530.0,6722.0,715.0,92852.0,553.0,673.0,53.0,114.0,204.0,88.0,2846.0,19660.0,32.0,1933.0,18685.0,14364.0,2525.0
2022-03-29,311.0,79.0,33841.0,62.0,110.0,13077.0,1176.0,1144.0,2294.0,4774.0,8910.0,4411.0,1418.0,5338.0,217480.0,259985.0,22451.0,2654.0,5370.0,99457.0,2008.0,3469.0,1708.0,760.0,27745.0,4991.0,12887.0,4276.0,7334.0,3073.0,13673.0,1103.0,80127.0,450.0,464.0,44.0,73.0,296.0,51.0,1743.0,20145.0,36.0,1892.0,13804.0,16190.0,2558.0
2022-03-30,0.0,69.0,25912.0,56.0,108.0,12054.0,1143.0,1318.0,1767.0,4349.0,7396.0,3931.0,1174.0,9320.0,169024.0,231940.0,21096.0,2327.0,5243.0,77621.0,1796.0,3005.0,1732.0,659.0,25493.0,4039.0,11722.0,3583.0,5754.0,2817.0,11723.0,1071.0,73640.0,407.0,440.0,34.0,52.0,315.0,37.0,1968.0,19277.0,51.0,1915.0,12146.0,14993.0,2081.0
2022-03-31,0.0,82.0,22038.0,47.0,114.0,11025.0,1033.0,1049.0,1442.0,2491.0,6487.0,3000.0,1025.0,9541.0,169311.0,182225.0,21102.0,0.0,5725.0,73195.0,1318.0,2399.0,1148.0,791.0,21780.0,2101.0,11099.0,2972.0,5591.0,2419.0,11635.0,796.0,54782.0,352.0,440.0,39.0,45.0,257.0,32.0,1459.0,19164.0,5.0,1661.0,8326.0,14336.0,2915.0
2022-04-01,0.0,64.0,18789.0,40.0,111.0,9151.0,497.0,921.0,1303.0,3894.0,5979.0,2852.0,940.0,5950.0,148629.0,93032.0,15823.0,0.0,3747.0,74350.0,556.0,1781.0,1303.0,607.0,16889.0,550.0,9828.0,2921.0,3258.0,2433.0,10126.0,756.0,47462.0,217.0,234.0,33.0,41.0,185.0,48.0,1438.0,17949.0,11.0,1501.0,6382.0,13367.0,1185.0
2022-04-02,0.0,47.0,13858.0,42.0,28.0,5165.0,226.0,645.0,809.0,2853.0,2590.0,2080.0,461.0,0.0,132114.0,46454.0,10357.0,0.0,2313.0,70803.0,418.0,928.0,1078.0,530.0,12367.0,493.0,6741.0,2174.0,1465.0,941.0,9904.0,327.0,37584.0,208.0,106.0,12.0,29.0,23.0,4.0,549.0,16828.0,4.0,993.0,4194.0,11783.0,757.0
2022-04-03,0.0,43.0,11404.0,6.0,42.0,3095.0,1180.0,332.0,97.0,4210.0,1661.0,2266.0,436.0,0.0,102266.0,155272.0,18424.0,5961.0,3164.0,53588.0,1614.0,2228.0,30.0,719.0,10795.0,1884.0,3469.0,1429.0,5144.0,811.0,4859.0,184.0,42170.0,578.0,193.0,15.0,42.0,206.0,30.0,510.0,15291.0,92.0,1471.0,3050.0,9021.0,2099.0
2022-04-04,0.0,87.0,15173.0,36.0,114.0,14662.0,839.0,294.0,835.0,2987.0,6561.0,3363.0,1130.0,11711.0,27648.0,211119.0,18456.0,2880.0,2738.0,30630.0,1223.0,2524.0,645.0,822.0,14066.0,1559.0,10913.0,1332.0,5219.0,3433.0,4012.0,206.0,53716.0,376.0,270.0,35.0,59.0,222.0,71.0,1840.0,13947.0,38.0,1541.0,8602.0,12647.0,2161.0
2022-04-05,304.0,55.0,20779.0,38.0,99.0,11006.0,726.0,870.0,1653.0,2716.0,6703.0,3214.0,1012.0,6450.0,203021.0,189029.0,130335.0,2568.0,4059.0,88173.0,1240.0,1971.0,1522.0,731.0,13046.0,1483.0,11358.0,3047.0,4380.0,2299.0,12197.0,1035.0,49101.0,324.0,260.0,30.0,48.0,232.0,76.0,1251.0,14661.0,42.0,1351.0,7017.0,12213.0,2226.0
2022-04-06,0.0,53.0,16204.0,25.0,80.0,11019.0,683.0,913.0,1242.0,2457.0,5291.0,2747.0,903.0,5690.0,161950.0,167931.0,11058.0,2400.0,3150.0,69278.0,1114.0,1817.0,1249.0,659.0,12830.0,1324.0,10082.0,2320.0,3573.0,2134.0,11288.0,815.0,44744.0,273.0,235.0,30.0,40.0,239.0,51.0,1221.0,14355.0,43.0,1354.0,7210.0,10314.0,2025.0
2022-04-07,0.0,0.0,13744.0,22.0,53.0,9954.0,715.0,945.0,1091.0,2028.0,4981.0,2680.0,845.0,7216.0,158792.0,142931.0,15028.0,0.0,2843.0,69596.0,1121.0,1842.0,863.0,563.0,10902.0,1409.0,10262.0,1984.0,3105.0,1907.0,11865.0,862.0,38706.0,341.0,236.0,30.0,34.0,191.0,57.0,913.0,14311.0,45.0,1317.0,6142.0,9354.0,2217.0
2022-04-08,0.0,28.0,12890.0,28.0,30.0,9055.0,321.0,940.0,903.0,1764.0,4139.0,2457.0,756.0,0.0,148768.0,75995.0,12750.0,0.0,2745.0,66535.0,570.0,1004.0,1022.0,542.0,9896.0,442.0,9714.0,1709.0,2168.0,1856.0,11795.0,627.0,32981.0,148.0,186.0,26.0,28.0,133.0,25.0,948.0,13573.0,4.0,960.0,5716.0,7120.0,267.0
2022-04-09,0.0,55.0,10528.0,21.0,24.0,4588.0,265.0,525.0,515.0,1459.0,2252.0,1722.0,350.0,0.0,141690.0,42584.0,8753.0,4657.0,1442.0,63992.0,278.0,731.0,840.0,433.0,7164.0,381.0,7208.0,1451.0,1024.0,799.0,11953.0,354.0,27880.0,107.0,125.0,12.0,15.0,43.0,0.0,390.0,13056.0,9.0,699.0,3666.0,6986.0,417.0
2022-04-10,0.0,28.0,7268.0,16.0,63.0,2555.0,871.0,302.0,82.0,2254.0,1397.0,1805.0,282.0,0.0,107654.0,140461.0,7044.0,1542.0,1715.0,51376.0,1136.0,1696.0,34.0,438.0,6613.0,1624.0,3726.0,912.0,3014.0,545.0,6393.0,192.0,30947.0,392.0,86.0,11.0,25.0,161.0,42.0,331.0,11855.0,94.0,1096.0,2573.0,5609.0,2135.0
2022-04-11,0.0,17.0,9409.0,36.0,66.0,12852.0,886.0,307.0,699.0,1692.0,4743.0,2683.0,919.0,0.0,25492.0,182825.0,15642.0,2740.0,1748.0,28368.0,1277.0,1846.0,777.0,408.0,6286.0,1266.0,12186.0,1026.0,2538.0,2671.0,5330.0,553.0,37369.0,266.0,214.0,25.0,36.0,155.0,67.0,1159.0,10910.0,48.0,1109.0,7221.0,6893.0,1605.0
2022-04-12,381.0,36.0,12368.0,16.0,75.0,9157.0,647.0,899.0,1142.0,1414.0,4032.0,2257.0,635.0,0.0,190762.0,158905.0,11293.0,2534.0,2096.0,83643.0,960.0,1514.0,1189.0,431.0,4942.0,1178.0,12490.0,2067.0,2676.0,1624.0,14764.0,740.0,33769.0,237.0,163.0,25.0,38.0,200.0,38.0,728.0,11754.0,47.0,1057.0,5598.0,6635.0,1575.0
2022-04-13,0.0,48.0,10227.0,15.0,45.0,8774.0,550.0,799.0,834.0,1421.0,3467.0,2259.0,634.0,0.0,146426.0,150843.0,9484.0,0.0,1924.0,62037.0,958.0,1382.0,1008.0,372.0,4686.0,1200.0,11465.0,1602.0,2477.0,1547.0,14303.0,683.0,31681.0,235.0,136.0,27.0,33.0,160.0,42.0,564.0,11348.0,48.0,984.0,5532.0,5529.0,1134.0
2022-04-14,0.0,56.0,9748.0,15.0,53.0,8188.0,609.0,758.0,668.0,0.0,3301.0,1447.0,464.0,28891.0,137342.0,60931.0,8403.0,0.0,1770.0,64951.0,195.0,1384.0,775.0,314.0,4134.0,1076.0,11720.0,1477.0,927.0,1357.0,14535.0,528.0,26638.0,222.0,84.0,31.0,35.0,152.0,41.0,303.0,11432.0,47.0,962.0,4716.0,5127.0,874.0
2022-04-15,0.0,53.0,8642.0,14.0,46.0,7416.0,254.0,840.0,644.0,0.0,1254.0,1410.0,261.0,0.0,125394.0,51726.0,8150.0,0.0,1666.0,61555.0,566.0,784.0,861.0,271.0,3517.0,311.0,5119.0,1255.0,798.0,1318.0,7845.0,311.0,21610.0,115.0,13.0,23.0,21.0,115.0,20.0,324.0,11095.0,10.0,728.0,2771.0,4425.0,387.0
2022-04-16,0.0,33.0,7336.0,13.0,19.0,3816.0,222.0,432.0,382.0,0.0,1084.0,1607.0,286.0,0.0,111583.0,34145.0,5788.0,0.0,852.0,63815.0,67.0,485.0,768.0,199.0,2838.0,266.0,7636.0,1046.0,1263.0,571.0,6373.0,138.0,19918.0,74.0,132.0,9.0,16.0,13.0,4.0,348.0,10263.0,15.0,635.0,3308.0,4086.0,304.0
2022-04-17,0.0,42.0,5558.0,3.0,24.0,2372.0,895.0,236.0,30.0,0.0,753.0,1214.0,184.0,0.0,86650.0,36768.0,3953.0,4978.0,1668.0,51993.0,413.0,477.0,26.0,282.0,2070.0,301.0,3277.0,582.0,704.0,399.0,7766.0,118.0,20142.0,342.0,11.0,12.0,11.0,143.0,36.0,219.0,9434.0,3.0,882.0,1875.0,3268.0,1082.0
2022-04-18,0.0,16.0,5700.0,26.0,41.0,3057.0,669.0,247.0,116.0,0.0,882.0,1801.0,696.0,0.0,19810.0,158768.0,10436.0,1407.0,778.0,18380.0,985.0,1255.0,27.0,297.0,2494.0,1523.0,13013.0,686.0,2083.0,476.0,7286.0,145.0,25215.0,232.0,130.0,22.0,11.0,112.0,38.0,473.0,8640.0,76.0,987.0,2495.0,4542.0,1144.0
2022-04-19,304.0,15.0,8393.0,21.0,75.0,11623.0,609.0,605.0,478.0,0.0,3590.0,2351.0,214.0,0.0,25465.0,179808.0,7495.0,3041.0,1395.0,27214.0,1133.0,1389.0,678.0,312.0,3500.0,1177.0,14112.0,1524.0,2415.0,2161.0,14849.0,465.0,25766.0,223.0,169.0,23.0,18.0,165.0,40.0,1140.0,9195.0,65.0,921.0,5455.0,4217.0,1021.0
2022-04-20,0.0,71.0,10835.0,33.0,57.0,8079.0,631.0,695.0,1301.0,6115.0,3436.0,2042.0,818.0,0.0,155711.0,156079.0,6951.0,2047.0,1410.0,99848.0,765.0,1170.0,1468.0,249.0,2989.0,1096.0,11549.0,1107.0,1741.0,1270.0,19746.0,667.0,21444.0,161.0,119.0,25.0,21.0,122.0,25.0,753.0,8875.0,45.0,977.0,4050.0,3668.0,813.0
2022-04-21,0.0,79.0,7956.0,12.0,65.0,6876.0,287.0,645.0,839.0,0.0,2160.0,1634.0,385.0,50889.0,104007.0,119685.0,7214.0,0.0,1163.0,75020.0,696.0,878.0,829.0,231.0,2589.0,1239.0,11583.0,1063.0,1452.0,1164.0,18139.0,545.0,18461.0,87.0,87.0,15.0,26.0,0.0,32.0,571.0,9001.0,56.0,763.0,3626.0,3354.0,768.0
2022-04-22,0.0,52.0,6438.0,19.0,27.0,6068.0,354.0,528.0,894.0,0.0,2114.0,1350.0,362.0,0.0,88389.0,54449.0,4324.0,0.0,1513.0,73212.0,322.0,509.0,652.0,196.0,2112.0,344.0,9508.0,974.0,1155.0,1054.0,16789.0,412.0,15696.0,92.0,122.0,19.0,17.0,0.0,27.0,549.0,8829.0,13.0,628.0,3160.0,2898.0,301.0
2022-04-23,0.0,54.0,5435.0,20.0,22.0,2904.0,237.0,379.0,560.0,0.0,914.0,1005.0,184.0,0.0,80571.0,27010.0,0.0,3325.0,705.0,70520.0,123.0,297.0,632.0,178.0,1577.0,267.0,6910.0,566.0,370.0,508.0,16805.0,213.0,13206.0,58.0,64.0,10.0,8.0,220.0,1.0,157.0,8446.0,1.0,510.0,2022.0,2654.0,224.0
2022-04-24,0.0,37.0,4289.0,6.0,28.0,1607.0,377.0,149.0,87.0,0.0,592.0,983.0,152.0,0.0,58954.0,119015.0,8550.0,1399.0,1058.0,56263.0,591.0,909.0,27.0,259.0,1382.0,1356.0,3717.0,494.0,1398.0,347.0,7698.0,78.0,14713.0,62.0,45.0,9.0,13.0,0.0,27.0,134.0,7651.0,69.0,699.0,1532.0,2277.0,655.0
2022-04-25,0.0,6.0,6115.0,19.0,56.0,8455.0,1140.0,155.0,704.0,0.0,2255.0,1484.0,535.0,0.0,13984.0,139540.0,5085.0,2220.0,1223.0,24878.0,614.0,994.0,588.0,189.0,1910.0,1041.0,4788.0,321.0,1395.0,1558.0,6785.0,387.0,17099.0,290.0,99.0,33.0,15.0,0.0,45.0,620.0,7107.0,53.0,981.0,3882.0,2604.0,812.0
2022-04-26,0.0,28.0,8145.0,13.0,51.0,6014.0,741.0,656.0,1390.0,0.0,2035.0,1207.0,375.0,0.0,97498.0,115787.0,11798.0,1736.0,970.0,29575.0,527.0,746.0,823.0,206.0,1752.0,957.0,14266.0,724.0,1125.0,1147.0,20440.0,453.0,14557.0,132.0,62.0,30.0,22.0,0.0,35.0,352.0,7705.0,28.0,921.0,2795.0,2511.0,1055.0
2022-04-27,336.0,67.0,6443.0,11.0,95.0,5354.0,588.0,573.0,850.0,9901.0,1646.0,1088.0,326.0,0.0,67711.0,94774.0,7813.0,1384.0,1148.0,87940.0,411.0,647.0,561.0,178.0,1243.0,856.0,14392.0,1464.0,926.0,294.0,20882.0,428.0,13049.0,148.0,77.0,42.0,11.0,0.0,24.0,409.0,7681.0,37.0,817.0,2733.0,2479.0,680.0
2022-04-28,0.0,73.0,6049.0,13.0,44.0,4857.0,491.0,563.0,896.0,0.0,1560.0,940.0,294.0,22541.0,59760.0,78275.0,7700.0,0.0,959.0,69204.0,485.0,598.0,608.0,136.0,1672.0,840.0,13902.0,1146.0,933.0,1267.0,21040.0,372.0,11599.0,153.0,87.0,20.0,11.0,0.0,26.0,340.0,7710.0,30.0,760.0,2535.0,2256.0,652.0
2022-04-29,0.0,53.0,5225.0,4.0,24.0,4364.0,263.0,436.0,797.0,0.0,1434.0,934.0,277.0,0.0,52919.0,33916.0,6718.0,0.0,721.0,58861.0,156.0,271.0,571.0,120.0,1605.0,234.0,13512.0,1016.0,737.0,977.0,19573.0,401.0,10007.0,72.0,59.0,30.0,14.0,0.0,8.0,344.0,7363.0,11.0,521.0,2297.0,1924.0,299.0
2022-04-30,0.0,52.0,4445.0,16.0,16.0,2406.0,242.0,335.0,523.0,0.0,602.0,669.0,142.0,0.0,49482.0,15769.0,5361.0,2183.0,188.0,53602.0,72.0,118.0,465.0,114.0,1318.0,187.0,8964.0,887.0,150.0,489.0,19657.0,177.0,8354.0,51.0,51.0,7.0,9.0,547.0,1.0,107.0,7047.0,1.0,342.0,1504.0,1772.0,200.0
2022-05-01,0.0,60.0,3908.0,1.0,18.0,1216.0,228.0,148.0,47.0,0.0,397.0,782.0,110.0,0.0,36726.0,87121.0,2877.0,0.0,784.0,40757.0,384.0,268.0,25.0,175.0,1291.0,890.0,4772.0,492.0,765.0,244.0,8499.0,101.0,9032.0,0.0,38.0,6.0,1.0,0.0,30.0,86.0,6207.0,40.0,396.0,1023.0,1480.0,0.0
2022-05-02,0.0,10.0,5541.0,6.0,30.0,7221.0,720.0,40.0,549.0,0.0,1685.0,993.0,560.0,0.0,8737.0,106904.0,4659.0,0.0,491.0,18896.0,424.0,250.0,418.0,158.0,1755.0,173.0,13556.0,528.0,746.0,461.0,7251.0,264.0,11891.0,0.0,68.0,9.0,18.0,0.0,23.0,465.0,5466.0,34.0,463.0,2994.0,1344.0,0.0
2022-05-03,368.0,14.0,7071.0,3.0,19.0,5503.0,435.0,202.0,1184.0,0.0,1378.0,962.0,258.0,0.0,67017.0,89799.0,8675.0,0.0,1031.0,62071.0,198.0,215.0,797.0,167.0,1683.0,911.0,16464.0,1116.0,553.0,1659.0,16045.0,455.0,13310.0,0.0,53.0,27.0,9.0,0.0,45.0,333.0,5093.0,33.0,589.0,2148.0,1193.0,0.0
2022-05-04,0.0,20.0,5920.0,11.0,35.0,5201.0,439.0,189.0,961.0,3444.0,1207.0,872.0,258.0,0.0,47925.0,80518.0,5650.0,0.0,1147.0,47039.0,314.0,197.0,543.0,122.0,1714.0,608.0,15537.0,831.0,504.0,1013.0,22889.0,382.0,11664.0,0.0,59.0,19.0,1.0,0.0,29.0,298.0,5011.0,27.0,597.0,2150.0,1132.0,0.0
2022-05-05,0.0,55.0,6024.0,8.0,47.0,4954.0,156.0,579.0,778.0,0.0,934.0,887.0,220.0,29752.0,44225.0,67324.0,5599.0,0.0,889.0,48255.0,336.0,218.0,485.0,132.0,1302.0,700.0,17478.0,685.0,489.0,742.0,21873.0,315.0,10211.0,0.0,54.0,22.0,31.0,0.0,19.0,289.0,5541.0,38.0,509.0,1918.0,1253.0,0.0
2022-05-06,0.0,44.0,5075.0,11.0,47.0,4470.0,201.0,493.0,835.0,0.0,792.0,919.0,186.0,0.0,40224.0,26872.0,5092.0,0.0,1205.0,43947.0,178.0,37.0,527.0,119.0,1501.0,199.0,17141.0,730.0,234.0,756.0,20808.0,281.0,8943.0,0.0,69.0,19.0,7.0,0.0,8.0,319.0,5500.0,3.0,428.0,1909.0,1743.0,0.0
2022-05-07,0.0,31.0,3429.0,12.0,22.0,2235.0,151.0,323.0,406.0,0.0,238.0,575.0,86.0,0.0,37958.0,13256.0,3464.0,0.0,524.0,40522.0,75.0,18.0,478.0,70.0,1247.0,184.0,13413.0,590.0,53.0,326.0,20503.0,173.0,7516.0,0.0,49.0,7.0,13.0,413.0,0.0,90.0,5447.0,2.0,302.0,1183.0,1661.0,3590.0
2022-05-08,0.0,25.0,3884.0,2.0,10.0,1176.0,624.0,155.0,57.0,0.0,134.0,582.0,33.0,0.0,29324.0,84980.0,3132.0,0.0,463.0,30804.0,291.0,302.0,13.0,123.0,1047.0,727.0,7391.0,330.0,349.0,200.0,8591.0,70.0,9062.0,0.0,33.0,5.0,1.0,0.0,21.0,87.0,5030.0,77.0,516.0,834.0,1480.0,0.0
2022-05-09,0.0,6.0,4681.0,6.0,30.0,6584.0,422.0,58.0,440.0,0.0,870.0,1003.0,317.0,0.0,7354.0,94980.0,7115.0,6748.0,2773.0,17155.0,346.0,237.0,16.0,108.0,1592.0,566.0,22803.0,385.0,443.0,995.0,7466.0,200.0,10694.0,745.0,67.0,5.0,22.0,0.0,26.0,460.0,4531.0,42.0,466.0,2496.0,1542.0,0.0
2022-05-10,0.0,44.0,5894.0,13.0,47.0,4895.0,359.0,0.0,960.0,0.0,752.0,850.0,196.0,0.0,56449.0,77459.0,5226.0,0.0,2299.0,56015.0,198.0,235.0,506.0,100.0,1403.0,501.0,27352.0,812.0,350.0,674.0,25011.0,366.0,9743.0,0.0,123.0,14.0,11.0,0.0,13.0,291.0,4102.0,38.0,438.0,1965.0,1858.0,0.0
2022-05-11,439.0,24.0,5000.0,4.0,43.0,4193.0,332.0,0.0,637.0,2422.0,591.0,742.0,185.0,0.0,40299.0,65112.0,5268.0,0.0,3144.0,42249.0,229.0,169.0,869.0,111.0,1448.0,469.0,27799.0,705.0,251.0,613.0,22400.0,369.0,8722.0,0.0,130.0,20.0,1.0,0.0,15.0,307.0,4065.0,27.0,426.0,1846.0,1670.0,0.0
2022-05-12,0.0,45.0,4724.0,9.0,36.0,3686.0,313.0,0.0,726.0,0.0,521.0,765.0,110.0,16973.0,36047.0,56923.0,4827.0,0.0,2680.0,39317.0,221.0,185.0,613.0,86.0,1278.0,434.0,29448.0,602.0,335.0,589.0,21219.0,307.0,7638.0,0.0,115.0,13.0,13.0,0.0,2.0,277.0,4896.0,28.0,445.0,1707.0,1778.0,0.0
2022-05-13,0.0,49.0,3682.0,4.0,46.0,3215.0,153.0,0.0,543.0,0.0,470.0,427.0,198.0,0.0,32773.0,20064.0,4731.0,0.0,892.0,38507.0,73.0,35.0,438.0,62.0,1159.0,139.0,24258.0,588.0,179.0,559.0,19532.0,227.0,6937.0,0.0,88.0,14.0,8.0,0.0,2.0,291.0,5047.0,10.0,327.0,1545.0,1534.0,0.0
2022-05-14,0.0,40.0,3294.0,5.0,12.0,1477.0,126.0,0.0,42.0,0.0,145.0,488.0,86.0,0.0,30459.0,9602.0,3543.0,0.0,188.0,36042.0,45.0,21.0,246.0,64.0,1002.0,95.0,19185.0,520.0,49.0,237.0,18640.0,100.0,6118.0,0.0,54.0,5.0,11.0,326.0,2.0,86.0,4956.0,1.0,239.0,937.0,1407.0,2841.0
2022-05-15,0.0,41.0,2478.0,0.0,10.0,740.0,362.0,0.0,345.0,0.0,70.0,570.0,108.0,0.0,22844.0,65790.0,311.0,0.0,663.0,27162.0,304.0,285.0,16.0,110.0,832.0,510.0,9079.0,282.0,262.0,135.0,7540.0,87.0,7973.0,0.0,71.0,6.0,0.0,0.0,29.0,63.0,4543.0,46.0,404.0,697.0,1154.0,0.0
2022-05-16,0.0,6.0,3247.0,7.0,27.0,4401.0,457.0,0.0,406.0,0.0,517.0,803.0,216.0,0.0,5936.0,68203.0,10046.0,4749.0,404.0,13668.0,164.0,205.0,436.0,76.0,1263.0,386.0,38402.0,322.0,253.0,742.0,6335.0,215.0,9417.0,602.0,152.0,16.0,13.0,0.0,25.0,397.0,4122.0,16.0,382.0,1939.0,1254.0,0.0
2022-05-17,416.0,67.0,4377.0,5.0,42.0,3232.0,275.0,0.0,773.0,0.0,491.0,744.0,160.0,0.0,43624.0,53792.0,5120.0,0.0,792.0,44489.0,229.0,184.0,432.0,85.0,1198.0,359.0,34150.0,681.0,262.0,543.0,19589.0,296.0,8284.0,0.0,103.0,15.0,14.0,0.0,11.0,45.0,4732.0,18.0,361.0,1476.0,1608.0,0.0
2022-05-18,0.0,44.0,3366.0,10.0,29.0,2751.0,262.0,0.0,468.0,2103.0,357.0,664.0,184.0,0.0,29995.0,44358.0,4381.0,0.0,4836.0,30408.0,121.0,144.0,331.0,69.0,1448.0,315.0,32799.0,513.0,214.0,408.0,19104.0,476.0,7636.0,0.0,146.0,26.0,4.0,0.0,14.0,371.0,4927.0,21.0,334.0,1426.0,1443.0,0.0
2022-05-19,0.0,42.0,3117.0,12.0,32.0,2187.0,239.0,0.0,426.0,0.0,360.0,0.0,129.0,11485.0,27842.0,39970.0,4131.0,0.0,263.0,30310.0,198.0,165.0,261.0,73.0,1051.0,335.0,29547.0,467.0,201.0,417.0,17618.0,412.0,6818.0,0.0,107.0,8.0,14.0,0.0,14.0,285.0,5089.0,20.0,336.0,1269.0,1485.0,0.0
2022-05-20,0.0,28.0,2694.0,1.0,20.0,2027.0,92.0,0.0,462.0,0.0,327.0,0.0,151.0,0.0,24332.0,13764.0,3774.0,0.0,644.0,26561.0,96.0,35.0,237.0,61.0,1154.0,95.0,29232.0,484.0,118.0,391.0,15963.0,231.0,5817.0,0.0,107.0,11.0,6.0,0.0,10.0,294.0,5034.0,7.0,247.0,1080.0,1017.0,0.0
2022-05-21,0.0,36.0,1733.0,4.0,9.0,1025.0,96.0,0.0,205.0,0.0,85.0,0.0,70.0,0.0,22507.0,6921.0,2646.0,0.0,466.0,23976.0,51.0,17.0,169.0,67.0,764.0,65.0,16555.0,320.0,38.0,164.0,15143.0,113.0,5018.0,0.0,58.0,6.0,6.0,253.0,3.0,90.0,4710.0,2.0,186.0,773.0,1264.0,2132.0
2022-05-22,0.0,26.0,1745.0,2.0,7.0,497.0,293.0,0.0,37.0,0.0,63.0,0.0,69.0,0.0,16965.0,47119.0,2493.0,0.0,622.0,17744.0,236.0,251.0,13.0,92.0,731.0,419.0,9804.0,192.0,196.0,89.0,5975.0,74.0,5997.0,0.0,71.0,5.0,1.0,0.0,12.0,74.0,4158.0,23.0,296.0,592.0,905.0,0.0
2022-05-23,0.0,17.0,2403.0,9.0,24.0,2599.0,100.0,0.0,272.0,0.0,407.0,2555.0,145.0,0.0,4386.0,46685.0,6234.0,3080.0,455.0,9820.0,262.0,165.0,261.0,59.0,1103.0,283.0,35696.0,234.0,179.0,580.0,4971.0,230.0,7312.0,586.0,191.0,15.0,15.0,0.0,13.0,423.0,3785.0,14.0,329.0,1459.0,922.0,0.0
2022-05-24,322.0,58.0,3130.0,9.0,24.0,1748.0,316.0,0.0,587.0,0.0,199.0,573.0,129.0,0.0,32029.0,35341.0,4634.0,0.0,720.0,31024.0,190.0,170.0,235.0,90.0,1057.0,249.0,31287.0,491.0,172.0,398.0,17083.0,308.0,6679.0,0.0,110.0,11.0,9.0,0.0,15.0,286.0,4580.0,15.0,291.0,1113.0,1304.0,0.0
2022-05-25,0.0,46.0,2599.0,3.0,36.0,1590.0,236.0,0.0,421.0,1774.0,358.0,524.0,157.0,0.0,22006.0,8316.0,4453.0,0.0,727.0,22438.0,188.0,129.0,245.0,86.0,1066.0,262.0,31016.0,434.0,164.0,334.0,14154.0,308.0,6291.0,0.0,134.0,15.0,0.0,0.0,10.0,303.0,4700.0,10.0,264.0,1084.0,1260.0,0.0
2022-05-26,0.0,27.0,1736.0,11.0,14.0,429.0,168.0,0.0,325.0,0.0,246.0,306.0,136.0,10968.0,21234.0,32643.0,4146.0,0.0,504.0,22093.0,211.0,150.0,38.0,73.0,900.0,264.0,26229.0,381.0,150.0,295.0,13010.0,143.0,5751.0,0.0,107.0,18.0,10.0,0.0,0.0,80.0,4619.0,14.0,310.0,503.0,1310.0,0.0
2022-05-27,0.0,36.0,1814.0,11.0,23.0,1510.0,133.0,0.0,355.0,0.0,251.0,468.0,127.0,0.0,4811.0,10600.0,3565.0,0.0,902.0,19666.0,80.0,27.0,222.0,66.0,988.0,83.0,25344.0,427.0,86.0,263.0,11618.0,144.0,5406.0,0.0,122.0,20.0,8.0,222.0,6.0,334.0,4556.0,8.0,217.0,1162.0,940.0,0.0
2022-05-28,0.0,33.0,1881.0,1.0,12.0,823.0,73.0,0.0,188.0,0.0,58.0,485.0,78.0,0.0,23582.0,6429.0,2847.0,0.0,349.0,18255.0,38.0,13.0,160.0,64.0,823.0,82.0,17025.0,295.0,28.0,93.0,11900.0,119.0,4988.0,0.0,97.0,6.0,10.0,0.0,2.0,79.0,4188.0,2.0,128.0,706.0,966.0,1896.0
2022-05-29,0.0,20.0,1737.0,1.0,10.0,437.0,253.0,0.0,36.0,0.0,29.0,321.0,60.0,0.0,16440.0,46952.0,2696.0,0.0,388.0,14826.0,208.0,207.0,15.0,99.0,904.0,346.0,8941.0,203.0,145.0,61.0,5042.0,64.0,5678.0,0.0,100.0,5.0,2.0,0.0,16.0,82.0,3801.0,17.0,268.0,660.0,864.0,0.0
2022-05-30,0.0,20.0,2390.0,8.0,16.0,2667.0,182.0,0.0,47.0,0.0,316.0,712.0,167.0,0.0,4673.0,51545.0,6061.0,2063.0,853.0,7537.0,208.0,168.0,344.0,115.0,1338.0,256.0,34896.0,188.0,142.0,384.0,4598.0,178.0,7114.0,575.0,140.0,11.0,30.0,0.0,30.0,474.0,3526.0,18.0,265.0,1780.0,908.0,0.0
2022-05-31,0.0,51.0,3570.0,11.0,24.0,1923.0,189.0,0.0,206.0,0.0,287.0,646.0,150.0,0.0,35142.0,44844.0,4517.0,0.0,615.0,24267.0,176.0,164.0,423.0,93.0,1388.0,219.0,32539.0,491.0,148.0,334.0,14955.0,216.0,7091.0,0.0,132.0,9.0,15.0,0.0,14.0,301.0,4151.0,19.0,249.0,1581.0,975.0,0.0
2022-06-01,173.0,49.0,3178.0,7.0,21.0,1896.0,182.0,0.0,486.0,1814.0,235.0,591.0,135.0,0.0,26144.0,42411.0,4175.0,0.0,306.0,18391.0,145.0,153.0,270.0,118.0,1524.0,236.0,26623.0,300.0,117.0,288.0,13264.0,251.0,7013.0,0.0,123.0,17.0,6.0,0.0,28.0,316.0,4262.0,15.0,242.0,1599.0,0.0,0.0
2022-06-02,0.0,53.0,3244.0,6.0,13.0,1720.0,189.0,0.0,405.0,0.0,177.0,545.0,124.0,13018.0,25365.0,39399.0,4081.0,0.0,1054.0,17193.0,180.0,140.0,347.0,76.0,1457.0,255.0,25352.0,182.0,133.0,258.0,13432.0,231.0,6209.0,0.0,162.0,9.0,20.0,0.0,26.0,303.0,4188.0,14.0,271.0,1585.0,0.0,0.0
2022-06-03,0.0,36.0,2691.0,13.0,17.0,1579.0,80.0,0.0,267.0,0.0,289.0,0.0,120.0,0.0,25130.0,12759.0,3661.0,0.0,790.0,9429.0,71.0,32.0,268.0,66.0,1445.0,62.0,23799.0,404.0,78.0,304.0,12421.0,167.0,6637.0,0.0,220.0,13.0,16.0,34.0,16.0,306.0,4101.0,4.0,221.0,1593.0,0.0,0.0
2022-06-04,0.0,32.0,2376.0,4.0,7.0,939.0,49.0,0.0,182.0,0.0,82.0,0.0,57.0,0.0,25172.0,7088.0,2945.0,0.0,135.0,22527.0,31.0,13.0,264.0,62.0,1239.0,53.0,14596.0,311.0,28.0,87.0,11871.0,146.0,7490.0,0.0,109.0,7.0,6.0,227.0,6.0,93.0,3786.0,0.0,172.0,1146.0,0.0,1600.0
2022-06-05,0.0,59.0,2074.0,2.0,12.0,659.0,292.0,0.0,30.0,0.0,29.0,0.0,45.0,0.0,20542.0,9316.0,2801.0,0.0,884.0,15082.0,215.0,220.0,18.0,93.0,973.0,338.0,7573.0,161.0,167.0,80.0,4843.0,66.0,9815.0,511.0,100.0,10.0,4.0,0.0,13.0,76.0,3349.0,22.0,281.0,913.0,5439.0,0.0
2022-06-06,0.0,14.0,2375.0,10.0,24.0,815.0,168.0,0.0,202.0,0.0,405.0,1987.0,167.0,0.0,6184.0,71203.0,6526.0,1646.0,475.0,8512.0,211.0,218.0,27.0,102.0,1421.0,202.0,27497.0,213.0,174.0,460.0,4352.0,102.0,11745.0,0.0,126.0,23.0,9.0,0.0,41.0,122.0,3259.0,12.0,281.0,1289.0,0.0,0.0
2022-06-07,157.0,53.0,3705.0,12.0,32.0,3418.0,160.0,0.0,434.0,0.0,313.0,906.0,146.0,0.0,11627.0,82056.0,5057.0,0.0,905.0,28082.0,225.0,208.0,751.0,175.0,1858.0,274.0,22383.0,404.0,194.0,356.0,13665.0,359.0,11404.0,0.0,180.0,16.0,19.0,0.0,27.0,514.0,3646.0,11.0,258.0,3056.0,0.0,0.0
2022-06-08,0.0,50.0,5187.0,15.0,15.0,2577.0,113.0,0.0,322.0,2207.0,401.0,912.0,151.0,0.0,53802.0,71272.0,5045.0,0.0,758.0,22361.0,205.0,223.0,630.0,187.0,2434.0,247.0,22455.0,366.0,168.0,336.0,14137.0,471.0,11784.0,0.0,170.0,14.0,6.0,0.0,33.0,423.0,3774.0,20.0,277.0,2648.0,0.0,0.0
2022-06-09,0.0,65.0,4271.0,16.0,14.0,2420.0,188.0,0.0,285.0,0.0,286.0,909.0,151.0,9362.0,40151.0,65287.0,5052.0,0.0,2106.0,23042.0,244.0,183.0,518.0,166.0,2236.0,263.0,19386.0,341.0,165.0,293.0,13185.0,372.0,11314.0,0.0,189.0,12.0,22.0,0.0,31.0,385.0,3678.0,18.0,272.0,2480.0,0.0,0.0
2022-06-10,0.0,55.0,4012.0,7.0,6.0,2379.0,82.0,0.0,344.0,0.0,327.0,0.0,126.0,0.0,5998.0,19672.0,5107.0,0.0,1497.0,21554.0,96.0,36.0,407.0,153.0,2435.0,56.0,6599.0,389.0,68.0,345.0,11720.0,369.0,10785.0,515.0,217.0,16.0,6.0,0.0,35.0,421.0,3627.0,7.0,195.0,2450.0,0.0,0.0
2022-06-11,0.0,52.0,3040.0,14.0,6.0,1201.0,42.0,0.0,153.0,0.0,89.0,0.0,57.0,0.0,17152.0,12196.0,4119.0,0.0,214.0,22104.0,77.0,23.0,358.0,142.0,1886.0,45.0,13768.0,271.0,28.0,142.0,10253.0,122.0,10074.0,0.0,100.0,6.0,10.0,224.0,3.0,119.0,3403.0,4.0,165.0,1695.0,7556.0,1065.0
2022-06-12,0.0,41.0,2846.0,0.0,17.0,696.0,246.0,0.0,19.0,0.0,64.0,2427.0,45.0,0.0,79397.0,87049.0,0.0,0.0,888.0,18678.0,279.0,288.0,133.0,200.0,1784.0,321.0,6171.0,168.0,206.0,74.0,3779.0,101.0,12691.0,0.0,98.0,7.0,0.0,0.0,25.0,129.0,2996.0,58.0,258.0,1287.0,0.0,0.0
2022-06-13,0.0,7.0,4794.0,19.0,26.0,4387.0,167.0,0.0,243.0,0.0,458.0,1159.0,112.0,1760.0,8474.0,93664.0,9358.0,1636.0,546.0,10371.0,271.0,268.0,625.0,273.0,2880.0,232.0,23237.0,0.0,213.0,566.0,2721.0,237.0,15273.0,0.0,215.0,17.0,23.0,0.0,31.0,582.0,2797.0,33.0,356.0,4110.0,0.0,0.0
2022-06-14,225.0,83.0,6965.0,16.0,30.0,3412.0,152.0,0.0,547.0,0.0,449.0,1205.0,162.0,1840.0,65425.0,81664.0,10562.0,0.0,2742.0,39474.0,273.0,244.0,856.0,255.0,3408.0,228.0,20309.0,0.0,177.0,478.0,0.0,382.0,15138.0,0.0,239.0,17.0,25.0,0.0,36.0,446.0,2718.0,33.0,312.0,3653.0,0.0,0.0
2022-06-15,0.0,92.0,7249.0,6.0,25.0,3351.0,240.0,0.0,422.0,3470.0,409.0,1222.0,129.0,1559.0,51954.0,36947.0,8220.0,0.0,1279.0,31885.0,206.0,197.0,692.0,260.0,4161.0,48.0,17830.0,0.0,171.0,470.0,0.0,376.0,14834.0,0.0,201.0,21.0,3.0,0.0,0.0,512.0,3326.0,4.0,337.0,3894.0,0.0,0.0
2022-06-16,0.0,113.0,4814.0,34.0,16.0,3106.0,208.0,0.0,68.0,0.0,370.0,0.0,170.0,1534.0,53081.0,77274.0,8283.0,0.0,1054.0,36573.0,271.0,239.0,604.0,279.0,3865.0,255.0,6212.0,0.0,216.0,474.0,0.0,428.0,14220.0,0.0,209.0,25.0,18.0,0.0,35.0,552.0,3373.0,56.0,325.0,3535.0,0.0,0.0
2022-06-17,0.0,115.0,5743.0,26.0,18.0,3236.0,121.0,0.0,461.0,0.0,439.0,1194.0,105.0,717.0,50605.0,22918.0,8188.0,0.0,1471.0,35427.0,121.0,45.0,662.0,315.0,3836.0,65.0,16867.0,0.0,114.0,522.0,3848.0,352.0,13919.0,0.0,34.0,19.0,14.0,0.0,30.0,635.0,3382.0,22.0,327.0,3932.0,0.0,0.0
2022-06-18,0.0,129.0,6127.0,25.0,11.0,1655.0,92.0,0.0,343.0,0.0,124.0,3232.0,98.0,655.0,50266.0,13057.0,6553.0,0.0,1547.0,34978.0,49.0,25.0,525.0,233.0,3475.0,47.0,10982.0,2609.0,64.0,190.0,0.0,222.0,13625.0,0.0,221.0,13.0,12.0,251.0,4.0,166.0,3081.0,0.0,241.0,2573.0,10954.0,1044.0
2022-06-19,0.0,139.0,5147.0,5.0,21.0,957.0,381.0,0.0,29.0,0.0,68.0,2141.0,50.0,2651.0,40125.0,105302.0,5613.0,0.0,982.0,30526.0,317.0,399.0,21.0,488.0,2912.0,374.0,5328.0,0.0,319.0,152.0,0.0,168.0,16993.0,0.0,132.0,20.0,1.0,0.0,22.0,174.0,2667.0,79.0,408.0,1742.0,0.0,0.0
2022-06-20,0.0,35.0,8386.0,21.0,42.0,5682.0,310.0,0.0,397.0,0.0,613.0,0.0,152.0,1973.0,11566.0,124628.0,14666.0,1961.0,1545.0,16571.0,399.0,335.0,825.0,523.0,4784.0,324.0,18006.0,0.0,331.0,849.0,0.0,379.0,19942.0,616.0,362.0,36.0,36.0,0.0,43.0,940.0,2500.0,48.0,507.0,5955.0,0.0,0.0
2022-06-21,0.0,219.0,10999.0,27.0,27.0,4448.0,336.0,0.0,834.0,0.0,605.0,1958.0,229.0,2091.0,95217.0,113609.0,12159.0,0.0,1223.0,62704.0,432.0,358.0,964.0,543.0,4822.0,305.0,15085.0,0.0,338.0,679.0,48310.0,742.0,20894.0,0.0,355.0,45.0,21.0,0.0,31.0,748.0,3058.0,43.0,480.0,5073.0,0.0,0.0
2022-06-22,325.0,277.0,9609.0,26.0,42.0,4852.0,320.0,0.0,175.0,7263.0,683.0,1766.0,180.0,1904.0,77967.0,101429.0,12271.0,0.0,2307.0,53905.0,149.0,335.0,1017.0,479.0,5503.0,346.0,13200.0,0.0,319.0,770.0,0.0,633.0,20866.0,0.0,348.0,56.0,3.0,0.0,23.0,875.0,3166.0,45.0,566.0,5248.0,0.0,0.0
2022-06-23,0.0,271.0,8979.0,17.0,43.0,4827.0,254.0,0.0,612.0,0.0,757.0,1452.0,41.0,637.0,79852.0,87168.0,13972.0,0.0,2533.0,56166.0,66.0,41.0,211.0,456.0,5180.0,344.0,11462.0,0.0,425.0,656.0,0.0,600.0,19587.0,0.0,272.0,62.0,34.0,0.0,39.0,757.0,3154.0,38.0,587.0,5021.0,0.0,0.0
2022-06-24,0.0,293.0,8837.0,34.0,44.0,4527.0,240.0,0.0,1087.0,0.0,748.0,0.0,51.0,466.0,79262.0,27080.0,14109.0,0.0,1675.0,55829.0,111.0,66.0,706.0,442.0,4863.0,97.0,9876.0,0.0,198.0,781.0,67517.0,351.0,18343.0,1058.0,302.0,67.0,17.0,0.0,15.0,816.0,3072.0,16.0,535.0,4622.0,0.0,0.0
2022-06-25,0.0,289.0,7001.0,24.0,8.0,2474.0,123.0,0.0,437.0,0.0,238.0,0.0,106.0,716.0,80926.0,14617.0,10886.0,0.0,1830.0,56386.0,69.0,56.0,734.0,417.0,4483.0,88.0,4663.0,3974.0,95.0,251.0,0.0,210.0,16793.0,0.0,163.0,67.0,12.0,0.0,23.0,244.0,3004.0,6.0,468.0,3285.0,26635.0,981.0
2022-06-26,0.0,284.0,6452.0,12.0,40.0,1381.0,595.0,0.0,31.0,0.0,119.0,3287.0,48.0,3667.0,66301.0,116815.0,27064.0,0.0,1310.0,48456.0,824.0,645.0,31.0,570.0,3505.0,695.0,2892.0,0.0,470.0,217.0,0.0,175.0,20773.0,0.0,129.0,61.0,3.0,465.0,41.0,225.0,2683.0,96.0,751.0,2337.0,0.0,0.0
2022-06-27,0.0,90.0,9656.0,12.0,72.0,8241.0,549.0,0.0,662.0,0.0,1244.0,2832.0,223.0,2272.0,17601.0,138022.0,6203.0,3042.0,1579.0,24747.0,617.0,474.0,860.0,570.0,5769.0,545.0,15458.0,0.0,522.0,1237.0,0.0,583.0,25099.0,0.0,421.0,115.0,34.0,0.0,58.0,992.0,2541.0,87.0,810.0,8284.0,0.0,0.0
2022-06-28,0.0,550.0,12452.0,36.0,53.0,6663.0,532.0,0.0,1197.0,0.0,1186.0,2333.0,270.0,2076.0,147248.0,125185.0,19138.0,0.0,1995.0,83555.0,645.0,457.0,1364.0,539.0,6276.0,588.0,10541.0,0.0,619.0,1067.0,52218.0,806.0,25037.0,0.0,439.0,140.0,24.0,0.0,61.0,756.0,3028.0,60.0,876.0,7239.0,0.0,0.0
2022-06-29,403.0,581.0,12701.0,49.0,86.0,7089.0,472.0,0.0,1148.0,10879.0,1159.0,2166.0,244.0,1640.0,124724.0,110228.0,18482.0,0.0,2225.0,94165.0,462.0,423.0,1186.0,704.0,6504.0,642.0,10453.0,0.0,537.0,1010.0,0.0,722.0,24599.0,0.0,473.0,195.0,6.0,0.0,41.0,684.0,3106.0,75.0,921.0,7234.0,0.0,0.0
2022-06-30,0.0,553.0,10368.0,29.0,78.0,6634.0,538.0,11170.0,1047.0,0.0,1003.0,1790.0,230.0,1569.0,133346.0,94901.0,18996.0,0.0,2238.0,83274.0,596.0,510.0,752.0,583.0,6071.0,615.0,11767.0,0.0,577.0,917.0,0.0,724.0,24231.0,0.0,373.0,190.0,47.0,0.0,53.0,594.0,3155.0,94.0,960.0,7147.0,0.0,0.0
2022-07-01,0.0,619.0,10026.0,33.0,51.0,6429.0,314.0,0.0,1078.0,0.0,1305.0,0.0,206.0,619.0,125066.0,23788.0,18967.0,0.0,1974.0,86334.0,196.0,62.0,935.0,500.0,5676.0,158.0,9910.0,0.0,274.0,1163.0,81479.0,726.0,23639.0,0.0,424.0,191.0,25.0,0.0,39.0,453.0,3285.0,43.0,808.0,6845.0,0.0,0.0
2022-07-02,0.0,671.0,8356.0,36.0,23.0,3419.0,183.0,0.0,813.0,0.0,360.0,0.0,104.0,602.0,122639.0,13493.0,13826.0,0.0,1115.0,84700.0,131.0,55.0,605.0,488.0,4268.0,119.0,5482.0,7726.0,59.0,377.0,0.0,334.0,21961.0,0.0,234.0,159.0,19.0,0.0,0.0,203.0,3080.0,4.0,749.0,4494.0,57113.0,1106.0
2022-07-03,0.0,549.0,7809.0,17.0,173.0,1952.0,942.0,0.0,57.0,0.0,159.0,3935.0,72.0,2587.0,96191.0,120794.0,11201.0,0.0,2915.0,71947.0,690.0,665.0,42.0,661.0,3804.0,1075.0,3263.0,0.0,667.0,290.0,0.0,223.0,27776.0,1870.0,209.0,187.0,0.0,1014.0,58.0,156.0,2866.0,126.0,1260.0,2921.0,0.0,0.0
2022-07-04,0.0,147.0,10968.0,49.0,91.0,11880.0,866.0,0.0,812.0,0.0,1306.0,2901.0,218.0,2028.0,24418.0,136714.0,30897.0,4663.0,1755.0,36282.0,685.0,616.0,803.0,614.0,6659.0,964.0,13429.0,0.0,250.0,1843.0,0.0,562.0,33698.0,0.0,420.0,367.0,38.0,0.0,69.0,493.0,2676.0,101.0,1364.0,11212.0,0.0,0.0
2022-07-05,494.0,974.0,13252.0,69.0,112.0,9810.0,643.0,0.0,1794.0,0.0,542.0,2774.0,175.0,2201.0,206554.0,127458.0,23364.0,0.0,1795.0,132274.0,694.0,75.0,1379.0,624.0,6424.0,1068.0,10411.0,0.0,673.0,1490.0,71818.0,737.0,31410.0,0.0,425.0,340.0,43.0,0.0,91.0,432.0,3150.0,87.0,1334.0,9601.0,0.0,0.0
2022-07-06,0.0,947.0,12261.0,40.0,164.0,9748.0,842.0,0.0,1454.0,14914.0,218.0,2672.0,235.0,1961.0,154615.0,110880.0,22109.0,0.0,2753.0,107786.0,595.0,756.0,1044.0,506.0,7287.0,1046.0,9316.0,0.0,709.0,1642.0,0.0,874.0,29681.0,0.0,452.0,334.0,7.0,0.0,56.0,416.0,3359.0,69.0,1469.0,9789.0,0.0,0.0
2022-07-07,0.0,973.0,11103.0,59.0,155.0,9060.0,1005.0,0.0,1349.0,0.0,1549.0,2414.0,208.0,2020.0,161265.0,95502.0,22877.0,0.0,1783.0,107240.0,723.0,667.0,919.0,471.0,6679.0,1264.0,7397.0,0.0,910.0,1342.0,0.0,758.0,26453.0,0.0,322.0,423.0,66.0,0.0,67.0,379.0,3464.0,94.0,1599.0,8636.0,0.0,0.0
2022-07-08,0.0,1001.0,10515.0,90.0,111.0,8172.0,361.0,0.0,1488.0,0.0,1841.0,0.0,177.0,825.0,140997.0,23434.0,22109.0,0.0,3828.0,100690.0,349.0,96.0,647.0,405.0,6204.0,284.0,6527.0,0.0,365.0,1471.0,83613.0,665.0,24606.0,0.0,350.0,483.0,31.0,0.0,48.0,365.0,3539.0,11.0,1281.0,7908.0,0.0,0.0
2022-07-09,0.0,962.0,8375.0,37.0,31.0,4046.0,256.0,0.0,757.0,0.0,478.0,0.0,105.0,896.0,116405.0,14161.0,24225.0,0.0,1892.0,98044.0,214.0,57.0,690.0,355.0,5131.0,227.0,4132.0,14943.0,114.0,516.0,0.0,359.0,21243.0,0.0,199.0,455.0,24.0,1852.0,0.0,133.0,3398.0,13.0,948.0,4976.0,117095.0,1056.0
2022-07-10,0.0,290.0,7336.0,32.0,112.0,2170.0,1308.0,0.0,64.0,0.0,247.0,5585.0,46.0,3359.0,110589.0,131118.0,0.0,0.0,314.0,79920.0,995.0,1033.0,134.0,450.0,4097.0,2034.0,1995.0,0.0,841.0,457.0,0.0,281.0,25086.0,0.0,152.0,483.0,1.0,0.0,48.0,130.0,3097.0,151.0,1876.0,3306.0,0.0,0.0
2022-07-11,390.0,192.0,11641.0,63.0,165.0,12400.0,1139.0,0.0,1012.0,0.0,2036.0,2957.0,250.0,2420.0,24343.0,144729.0,0.0,8036.0,2337.0,37756.0,908.0,824.0,881.0,418.0,7348.0,1646.0,8723.0,4044.0,873.0,2395.0,0.0,679.0,29824.0,5154.0,332.0,832.0,56.0,0.0,69.0,417.0,3002.0,89.0,2050.0,10956.0,0.0,0.0
2022-07-12,0.0,1215.0,14959.0,91.0,229.0,9230.0,1021.0,0.0,1808.0,0.0,1982.0,2505.0,272.0,2686.0,182006.0,135554.0,0.0,0.0,1207.0,142967.0,1107.0,816.0,1277.0,280.0,6816.0,1840.0,7198.0,3777.0,822.0,1886.0,59226.0,975.0,26940.0,0.0,320.0,1112.0,44.0,0.0,51.0,349.0,3929.0,84.0,2069.0,9466.0,0.0,0.0
2022-07-13,0.0,1563.0,13004.0,174.0,287.0,8475.0,1107.0,0.0,1763.0,15386.0,1986.0,2498.0,253.0,2355.0,127642.0,116838.0,0.0,0.0,2850.0,110168.0,838.0,825.0,835.0,310.0,7051.0,1973.0,5590.0,3993.0,846.0,1787.0,0.0,1007.0,23855.0,0.0,331.0,1271.0,7.0,0.0,44.0,329.0,4238.0,67.0,2218.0,8640.0,0.0,0.0
2022-07-14,0.0,1502.0,13103.0,155.0,251.0,7086.0,1113.0,0.0,1654.0,0.0,1721.0,1942.0,282.0,2401.0,119285.0,108439.0,0.0,0.0,1863.0,107122.0,998.0,915.0,622.0,242.0,6524.0,2131.0,5241.0,4107.0,1085.0,1631.0,0.0,955.0,21098.0,0.0,255.0,1475.0,51.0,0.0,39.0,295.0,4457.0,67.0,2728.0,7706.0,0.0,0.0
2022-07-15,0.0,1461.0,12179.0,151.0,183.0,6439.0,552.0,0.0,1654.0,0.0,2296.0,0.0,262.0,917.0,23027.0,25195.0,0.0,0.0,2040.0,96384.0,433.0,108.0,831.0,224.0,5634.0,397.0,5333.0,3718.0,471.0,1911.0,57635.0,1043.0,18358.0,0.0,280.0,1562.0,21.0,0.0,36.0,328.0,4698.0,51.0,2520.0,7051.0,0.0,0.0
2022-07-16,0.0,1326.0,10273.0,190.0,51.0,2975.0,417.0,0.0,979.0,0.0,581.0,0.0,149.0,922.0,124009.0,13063.0,148435.0,0.0,998.0,89830.0,119.0,79.0,375.0,182.0,4175.0,319.0,3071.0,2165.0,156.0,614.0,0.0,475.0,15012.0,0.0,136.0,1478.0,25.0,3360.0,0.0,139.0,4664.0,6.0,2055.0,4302.0,226532.0,1431.0
2022-07-17,0.0,1062.0,8289.0,68.0,167.0,1454.0,2292.0,0.0,80.0,0.0,261.0,5568.0,98.0,3761.0,73668.0,134420.0,0.0,0.0,572.0,67817.0,1179.0,1420.0,13.0,261.0,3241.0,3247.0,1658.0,3288.0,982.0,529.0,0.0,308.0,17233.0,0.0,135.0,1450.0,4.0,0.0,30.0,128.0,4548.0,102.0,3291.0,2857.0,0.0,0.0
2022-07-18,0.0,427.0,13120.0,257.0,393.0,7996.0,1862.0,0.0,1151.0,0.0,2898.0,2885.0,314.0,3046.0,17733.0,143336.0,0.0,10255.0,1111.0,31204.0,2093.0,1138.0,542.0,219.0,5012.0,2851.0,7172.0,7658.0,1159.0,2838.0,0.0,703.0,18713.0,8512.0,258.0,1976.0,39.0,0.0,42.0,355.0,4200.0,67.0,3912.0,9613.0,0.0,0.0
2022-07-19,265.0,1846.0,15007.0,277.0,439.0,5421.0,1644.0,0.0,2239.0,0.0,3237.0,2225.0,313.0,3033.0,134188.0,122078.0,0.0,0.0,1280.0,120683.0,1631.0,1159.0,1082.0,204.0,4502.0,2998.0,5675.0,6779.0,1016.0,1868.0,41683.0,1274.0,16666.0,0.0,254.0,2267.0,22.0,0.0,27.0,298.0,5685.0,53.0,3946.0,7073.0,0.0,0.0
2022-07-20,0.0,1480.0,13508.0,305.0,400.0,5189.0,1640.0,0.0,1793.0,10152.0,2766.0,2116.0,289.0,2887.0,89982.0,103552.0,0.0,0.0,895.0,86067.0,1250.0,1159.0,542.0,150.0,4497.0,3032.0,5165.0,7129.0,1015.0,1878.0,0.0,1094.0,16168.0,0.0,244.0,2493.0,7.0,0.0,27.0,263.0,6391.0,56.0,4249.0,6327.0,0.0,0.0
2022-07-21,0.0,1336.0,11512.0,337.0,479.0,1336.0,1777.0,0.0,1491.0,0.0,2708.0,1885.0,388.0,2794.0,80869.0,89436.0,0.0,0.0,936.0,80653.0,1699.0,1220.0,572.0,106.0,4629.0,3487.0,4265.0,7390.0,965.0,1643.0,0.0,976.0,14154.0,0.0,199.0,2669.0,36.0,0.0,23.0,247.0,6659.0,55.0,4500.0,5709.0,0.0,0.0
2022-07-22,0.0,1373.0,10881.0,309.0,319.0,5693.0,822.0,0.0,1654.0,0.0,2882.0,0.0,332.0,1136.0,74348.0,22164.0,0.0,0.0,951.0,71075.0,603.0,168.0,428.0,128.0,4171.0,642.0,4545.0,6484.0,667.0,1970.0,31980.0,1108.0,12374.0,0.0,204.0,2668.0,34.0,0.0,26.0,240.0,6953.0,29.0,3800.0,5288.0,0.0,0.0
2022-07-23,0.0,1158.0,8509.0,333.0,98.0,2363.0,489.0,0.0,1076.0,0.0,960.0,0.0,208.0,1059.0,68532.0,11868.0,136077.0,0.0,292.0,68170.0,264.0,107.0,391.0,78.0,3268.0,589.0,2568.0,4094.0,153.0,751.0,0.0,505.0,9927.0,0.0,91.0,2057.0,22.0,5793.0,5.0,109.0,7523.0,7.0,3472.0,3200.0,365424.0,2098.0
2022-07-24,0.0,965.0,7249.0,102.0,137.0,1366.0,2987.0,0.0,97.0,0.0,348.0,4395.0,154.0,4378.0,50032.0,120222.0,0.0,0.0,134.0,51208.0,1368.0,1900.0,24.0,141.0,2482.0,5103.0,1193.0,4955.0,1185.0,548.0,0.0,291.0,11271.0,0.0,81.0,1861.0,2.0,0.0,19.0,84.0,6571.0,85.0,5105.0,1982.0,0.0,0.0
2022-07-25,0.0,233.0,10037.0,306.0,411.0,7198.0,2191.0,0.0,1266.0,0.0,3771.0,2095.0,349.0,3040.0,11195.0,118090.0,0.0,14402.0,976.0,23699.0,2111.0,1508.0,342.0,97.0,4451.0,3684.0,5336.0,12353.0,1119.0,3016.0,0.0,681.0,13295.0,10253.0,202.0,2709.0,41.0,0.0,18.0,272.0,6183.0,49.0,6100.0,6624.0,0.0,0.0
2022-07-26,182.0,1666.0,11439.0,399.0,564.0,4981.0,1944.0,0.0,1899.0,0.0,3437.0,1809.0,371.0,2853.0,87562.0,96142.0,0.0,0.0,523.0,88221.0,1575.0,1323.0,568.0,98.0,4123.0,3514.0,4163.0,9802.0,600.0,1994.0,39089.0,1034.0,11718.0,0.0,162.0,3205.0,37.0,0.0,5.0,243.0,9027.0,41.0,6102.0,4838.0,0.0,0.0
2022-07-27,0.0,1261.0,9019.0,357.0,586.0,4513.0,1770.0,0.0,1979.0,6863.0,2980.0,1574.0,420.0,2480.0,58638.0,75280.0,0.0,0.0,1063.0,63837.0,1421.0,1302.0,414.0,88.0,3680.0,3391.0,3288.0,9339.0,1014.0,2036.0,0.0,1135.0,10536.0,0.0,196.0,3118.0,5.0,0.0,31.0,207.0,11515.0,5.0,5982.0,4226.0,0.0,0.0
2022-07-28,0.0,1228.0,7438.0,373.0,391.0,3873.0,1702.0,0.0,1467.0,0.0,2558.0,1375.0,376.0,2317.0,51594.0,62044.0,0.0,0.0,602.0,60381.0,1803.0,1312.0,257.0,51.0,3236.0,3684.0,3350.0,8831.0,1184.0,1518.0,0.0,1042.0,9324.0,0.0,166.0,3133.0,27.0,0.0,22.0,206.0,11422.0,63.0,5951.0,3652.0,0.0,0.0
2022-07-29,0.0,1084.0,6699.0,393.0,375.0,3590.0,722.0,0.0,1496.0,0.0,2799.0,0.0,417.0,903.0,45515.0,15673.0,0.0,0.0,556.0,54088.0,524.0,125.0,234.0,58.0,2898.0,649.0,3202.0,7532.0,474.0,1810.0,26018.0,999.0,8503.0,0.0,148.0,2732.0,14.0,0.0,16.0,194.0,12248.0,30.0,5572.0,3522.0,0.0,0.0
2022-07-30,0.0,1019.0,5676.0,434.0,112.0,1718.0,479.0,0.0,940.0,0.0,641.0,0.0,192.0,834.0,41278.0,8001.0,122230.0,0.0,104.0,49571.0,278.0,114.0,174.0,51.0,2372.0,617.0,2038.0,4079.0,139.0,599.0,0.0,522.0,7323.0,0.0,91.0,2420.0,22.0,9528.0,4.0,114.0,12498.0,5.0,4352.0,2316.0,0.0,2786.0
2022-07-31,0.0,716.0,4314.0,102.0,158.0,1041.0,2610.0,0.0,48.0,0.0,325.0,3957.0,104.0,3833.0,31535.0,84156.0,0.0,0.0,424.0,36966.0,1705.0,2097.0,12.0,94.0,2063.0,5645.0,1069.0,5202.0,934.0,487.0,0.0,292.0,8419.0,0.0,63.0,2023.0,3.0,0.0,17.0,100.0,10824.0,52.0,5991.0,1537.0,406322.0,0.0
2022-08-01,0.0,278.0,7549.0,531.0,462.0,5499.0,1951.0,0.0,1038.0,0.0,3446.0,1953.0,434.0,2729.0,7249.0,84384.0,0.0,21840.0,205.0,18813.0,1775.0,1599.0,287.0,83.0,3295.0,4471.0,4028.0,11696.0,1078.0,2667.0,0.0,740.0,9829.0,11802.0,53.0,2694.0,44.0,0.0,9.0,241.0,9560.0,20.0,6936.0,1804.0,0.0,0.0
2022-08-02,285.0,1207.0,8454.0,512.0,602.0,3598.0,1701.0,0.0,1768.0,0.0,3082.0,1830.0,434.0,2796.0,54519.0,68877.0,0.0,0.0,507.0,64861.0,1767.0,1584.0,294.0,64.0,2919.0,4477.0,3822.0,9106.0,1031.0,1786.0,19417.0,1158.0,9163.0,0.0,106.0,2609.0,12.0,0.0,19.0,203.0,14638.0,12.0,6196.0,4847.0,0.0,0.0
2022-08-03,0.0,979.0,6836.0,495.0,345.0,3196.0,1496.0,0.0,1486.0,5472.0,2675.0,1686.0,377.0,2399.0,38788.0,56212.0,0.0,0.0,585.0,45621.0,1605.0,1419.0,214.0,50.0,2437.0,4290.0,3145.0,8617.0,947.0,1645.0,0.0,1207.0,8341.0,0.0,123.0,2604.0,3.0,0.0,17.0,205.0,17126.0,21.0,6467.0,3653.0,0.0,0.0
2022-08-04,0.0,776.0,5860.0,540.0,382.0,2782.0,1566.0,0.0,1226.0,0.0,2152.0,1362.0,353.0,2194.0,33799.0,48649.0,0.0,0.0,573.0,42976.0,1696.0,1565.0,218.0,50.0,2473.0,4405.0,3270.0,7765.0,933.0,1468.0,0.0,1179.0,7287.0,0.0,110.0,2237.0,29.0,0.0,9.0,159.0,18555.0,25.0,6358.0,3111.0,0.0,0.0
2022-08-05,0.0,808.0,5628.0,452.0,355.0,2567.0,663.0,0.0,250.0,0.0,2412.0,0.0,315.0,796.0,30592.0,13449.0,0.0,0.0,462.0,38219.0,907.0,173.0,155.0,26.0,2035.0,698.0,2921.0,6441.0,418.0,1620.0,20188.0,1065.0,6547.0,0.0,90.0,2216.0,15.0,0.0,17.0,178.0,19974.0,10.0,5280.0,2969.0,0.0,0.0
2022-08-06,0.0,831.0,4686.0,469.0,93.0,1157.0,411.0,0.0,743.0,0.0,522.0,0.0,143.0,721.0,28518.0,7169.0,103773.0,0.0,270.0,35004.0,306.0,92.0,140.0,42.0,1612.0,599.0,1471.0,3518.0,105.0,595.0,0.0,573.0,5418.0,0.0,64.0,1377.0,6.0,10147.0,4.0,62.0,20303.0,0.0,4182.0,2073.0,0.0,3893.0
2022-08-07,0.0,538.0,3801.0,121.0,379.0,675.0,2318.0,0.0,64.0,0.0,277.0,3511.0,181.0,3252.0,21528.0,66196.0,0.0,0.0,255.0,26662.0,1731.0,2233.0,10.0,47.0,1232.0,5959.0,1003.0,4689.0,874.0,498.0,0.0,313.0,6543.0,0.0,73.0,1129.0,1.0,0.0,14.0,93.0,17862.0,32.0,6498.0,1391.0,232253.0,0.0
2022-08-08,0.0,167.0,6311.0,563.0,678.0,3697.0,1636.0,0.0,987.0,0.0,2958.0,1933.0,388.0,2272.0,5090.0,67500.0,0.0,18078.0,504.0,11976.0,1881.0,1622.0,196.0,43.0,2166.0,4479.0,3912.0,9864.0,926.0,2446.0,0.0,683.0,8055.0,12729.0,116.0,1680.0,33.0,0.0,17.0,217.0,16325.0,20.0,7265.0,4329.0,0.0,0.0
2022-08-09,106.0,957.0,7184.0,534.0,421.0,2713.0,1429.0,0.0,1872.0,0.0,2417.0,2140.0,352.0,2183.0,38230.0,55893.0,0.0,0.0,537.0,43084.0,1779.0,1548.0,182.0,49.0,2115.0,4315.0,3151.0,7313.0,853.0,1728.0,14353.0,1206.0,7306.0,0.0,127.0,1667.0,25.0,0.0,16.0,202.0,23771.0,18.0,7061.0,3357.0,0.0,0.0
2022-08-10,0.0,806.0,5932.0,488.0,555.0,2441.0,1274.0,0.0,1583.0,3611.0,2208.0,2171.0,337.0,1916.0,27081.0,47365.0,0.0,0.0,808.0,31703.0,1539.0,1366.0,124.0,44.0,1760.0,4222.0,2850.0,6469.0,611.0,1633.0,0.0,1323.0,6727.0,0.0,125.0,1661.0,4.0,0.0,17.0,197.0,25815.0,18.0,6303.0,3106.0,0.0,0.0
2022-08-11,0.0,642.0,5881.0,520.0,366.0,2364.0,1024.0,0.0,1094.0,0.0,1934.0,1878.0,296.0,1843.0,24312.0,43518.0,0.0,0.0,357.0,28433.0,1488.0,1521.0,166.0,30.0,1883.0,4639.0,2914.0,5710.0,776.0,1406.0,0.0,1270.0,6182.0,0.0,117.0,1452.0,21.0,0.0,11.0,167.0,27810.0,17.0,6222.0,2728.0,0.0,0.0
2022-08-12,0.0,695.0,5472.0,420.0,355.0,2037.0,818.0,0.0,1215.0,0.0,2196.0,0.0,299.0,774.0,22638.0,11110.0,0.0,0.0,257.0,26693.0,850.0,180.0,103.0,33.0,1672.0,775.0,2761.0,4684.0,307.0,1592.0,13582.0,1245.0,5330.0,0.0,99.0,1268.0,15.0,0.0,12.0,167.0,28694.0,10.0,5255.0,2672.0,0.0,0.0
2022-08-13,0.0,564.0,4756.0,518.0,90.0,1030.0,355.0,0.0,629.0,0.0,573.0,0.0,171.0,625.0,21175.0,6514.0,75229.0,0.0,267.0,24787.0,273.0,143.0,80.0,24.0,1362.0,771.0,1606.0,2651.0,93.0,549.0,0.0,598.0,4483.0,0.0,47.0,930.0,10.0,9334.0,4.0,75.0,28982.0,1.0,3767.0,1542.0,0.0,5439.0
2022-08-14,0.0,459.0,3061.0,110.0,334.0,662.0,1864.0,0.0,65.0,0.0,276.0,4041.0,89.0,2979.0,16347.0,54435.0,0.0,0.0,174.0,19457.0,1679.0,191.0,38.0,27.0,974.0,807.0,782.0,2254.0,695.0,520.0,0.0,313.0,5359.0,0.0,49.0,789.0,0.0,0.0,4.0,79.0,25273.0,1.0,5896.0,1149.0,143778.0,0.0
2022-08-15,0.0,89.0,3931.0,549.0,493.0,719.0,1350.0,0.0,165.0,0.0,2878.0,1900.0,308.0,1928.0,4564.0,63105.0,0.0,16249.0,534.0,9894.0,1736.0,2961.0,14.0,42.0,1914.0,7168.0,1030.0,3600.0,639.0,562.0,0.0,816.0,6407.0,12338.0,106.0,1121.0,13.0,0.0,5.0,188.0,23909.0,36.0,6589.0,3311.0,0.0,0.0
2022-08-16,76.0,712.0,6698.0,710.0,331.0,3432.0,1189.0,0.0,771.0,0.0,2803.0,1656.0,283.0,1876.0,6331.0,52354.0,0.0,0.0,388.0,8944.0,1466.0,1940.0,199.0,66.0,1681.0,5268.0,4084.0,7500.0,571.0,2629.0,12162.0,1259.0,5539.0,0.0,107.0,1176.0,19.0,0.0,10.0,138.0,33106.0,18.0,6091.0,3158.0,0.0,0.0
2022-08-17,0.0,445.0,7755.0,545.0,460.0,2405.0,1087.0,0.0,1874.0,2130.0,2401.0,1458.0,254.0,1528.0,35745.0,42858.0,0.0,0.0,222.0,36265.0,1144.0,1494.0,207.0,28.0,1363.0,4819.0,3041.0,5485.0,497.0,2048.0,0.0,1384.0,4986.0,0.0,74.0,956.0,1.0,0.0,7.0,143.0,35809.0,10.0,5713.0,2862.0,0.0,0.0
2022-08-18,0.0,547.0,5826.0,499.0,522.0,1996.0,1141.0,0.0,1025.0,0.0,1899.0,1077.0,196.0,1341.0,23605.0,35629.0,0.0,0.0,421.0,27296.0,1390.0,1389.0,137.0,56.0,1431.0,4827.0,2962.0,4854.0,550.0,1528.0,0.0,1140.0,4432.0,0.0,74.0,909.0,17.0,0.0,7.0,136.0,37609.0,14.0,5206.0,2527.0,0.0,0.0
2022-08-19,0.0,498.0,5572.0,468.0,248.0,1721.0,420.0,0.0,1306.0,0.0,2102.0,0.0,229.0,511.0,20236.0,9674.0,0.0,0.0,237.0,24691.0,489.0,130.0,107.0,23.0,1274.0,766.0,2565.0,3865.0,296.0,1696.0,8463.0,1116.0,3829.0,0.0,96.0,749.0,11.0,0.0,0.0,130.0,40010.0,6.0,4251.0,2329.0,0.0,0.0
2022-08-20,0.0,495.0,4707.0,585.0,71.0,872.0,290.0,0.0,639.0,0.0,473.0,0.0,100.0,448.0,19870.0,5061.0,55992.0,0.0,52.0,24394.0,191.0,64.0,86.0,33.0,1013.0,722.0,1611.0,2065.0,83.0,567.0,0.0,402.0,3268.0,0.0,49.0,479.0,9.0,7892.0,2.0,50.0,39669.0,3.0,3154.0,1438.0,0.0,9113.0
2022-08-21,0.0,341.0,3129.0,144.0,250.0,488.0,1750.0,0.0,46.0,0.0,204.0,2783.0,56.0,2136.0,14820.0,50372.0,0.0,0.0,10.0,19470.0,915.0,2238.0,3.0,37.0,776.0,6172.0,968.0,2599.0,544.0,441.0,0.0,203.0,4068.0,0.0,40.0,328.0,0.0,0.0,8.0,65.0,33061.0,34.0,4582.0,1007.0,80020.0,0.0
2022-08-22,0.0,104.0,5504.0,622.0,357.0,2730.0,1150.0,0.0,720.0,0.0,2540.0,1167.0,226.0,1258.0,4012.0,51946.0,0.0,14742.0,482.0,10418.0,972.0,1206.0,162.0,22.0,1362.0,4393.0,3957.0,5659.0,546.0,2332.0,0.0,754.0,5148.0,0.0,32.0,678.0,27.0,0.0,5.0,143.0,30967.0,10.0,4994.0,3393.0,0.0,0.0
2022-08-23,52.0,606.0,5915.0,653.0,402.0,1861.0,968.0,0.0,1176.0,0.0,2215.0,1109.0,216.0,1201.0,28988.0,44115.0,0.0,0.0,338.0,35360.0,906.0,1209.0,143.0,24.0,1261.0,3848.0,2995.0,3963.0,466.0,1626.0,9020.0,1116.0,4715.0,12595.0,148.0,739.0,18.0,0.0,7.0,131.0,40231.0,21.0,4377.0,2594.0,0.0,0.0
2022-08-24,0.0,445.0,5440.0,601.0,303.0,1794.0,903.0,0.0,1051.0,2154.0,1861.0,1109.0,192.0,984.0,21289.0,35828.0,0.0,0.0,200.0,25389.0,994.0,938.0,101.0,35.0,1207.0,3850.0,3107.0,3650.0,365.0,1585.0,0.0,814.0,4526.0,0.0,79.0,673.0,3.0,0.0,9.0,126.0,43919.0,11.0,4240.0,2497.0,0.0,0.0
2022-08-25,0.0,729.0,5057.0,542.0,220.0,1598.0,851.0,0.0,851.0,0.0,1609.0,941.0,170.0,951.0,19837.0,32330.0,0.0,0.0,322.0,23438.0,908.0,982.0,142.0,21.0,1152.0,3928.0,2958.0,3319.0,463.0,1381.0,0.0,824.0,3774.0,0.0,49.0,638.0,33.0,0.0,6.0,109.0,46452.0,16.0,4025.0,2267.0,0.0,0.0
2022-08-26,0.0,338.0,5050.0,428.0,230.0,1508.0,299.0,0.0,988.0,0.0,1849.0,0.0,183.0,367.0,18116.0,8069.0,0.0,0.0,323.0,21998.0,593.0,112.0,86.0,17.0,1195.0,608.0,2715.0,2718.0,172.0,1557.0,9192.0,872.0,3434.0,0.0,51.0,559.0,10.0,0.0,4.0,110.0,47093.0,0.0,3497.0,2165.0,0.0,0.0
2022-08-27,0.0,216.0,3941.0,557.0,59.0,725.0,189.0,0.0,501.0,0.0,440.0,0.0,81.0,355.0,17833.0,4871.0,50579.0,0.0,114.0,21805.0,164.0,40.0,135.0,11.0,848.0,556.0,1681.0,1403.0,57.0,545.0,0.0,306.0,3084.0,0.0,32.0,450.0,14.0,5964.0,3.0,55.0,46857.0,1.0,2579.0,1359.0,0.0,11437.0
2022-08-28,0.0,56.0,2755.0,132.0,54.0,463.0,1403.0,0.0,59.0,0.0,210.0,2130.0,39.0,1520.0,14110.0,46127.0,0.0,0.0,27.0,17647.0,779.0,1703.0,8.0,26.0,779.0,5300.0,843.0,1905.0,125.0,383.0,0.0,181.0,3429.0,0.0,32.0,228.0,0.0,0.0,5.0,64.0,39658.0,24.0,3675.0,902.0,45882.0,0.0
2022-08-29,0.0,446.0,4997.0,568.0,201.0,2352.0,860.0,0.0,568.0,0.0,2661.0,987.0,195.0,982.0,3806.0,47466.0,0.0,12157.0,557.0,8355.0,1176.0,1011.0,167.0,24.0,1283.0,3826.0,3847.0,4046.0,342.0,2203.0,0.0,660.0,4647.0,0.0,67.0,231.0,36.0,0.0,4.0,139.0,37067.0,9.0,3810.0,3339.0,0.0,0.0
2022-08-30,0.0,335.0,5567.0,621.0,220.0,1834.0,777.0,0.0,1111.0,0.0,2250.0,760.0,137.0,888.0,27358.0,36813.0,0.0,0.0,75.0,31088.0,805.0,845.0,141.0,25.0,1196.0,3339.0,2923.0,3097.0,502.0,1544.0,9554.0,1004.0,5187.0,13737.0,54.0,211.0,15.0,0.0,5.0,94.0,46321.0,11.0,3710.0,2713.0,0.0,0.0
2022-08-31,0.0,263.0,4772.0,561.0,144.0,1772.0,747.0,0.0,921.0,1752.0,1928.0,792.0,137.0,719.0,19240.0,30333.0,0.0,0.0,493.0,21817.0,716.0,750.0,132.0,22.0,1172.0,3452.0,2995.0,2630.0,74.0,1556.0,0.0,870.0,4568.0,0.0,60.0,441.0,4.0,0.0,14.0,124.0,49761.0,12.0,3316.0,2576.0,0.0,0.0
2022-09-01,0.0,247.0,4153.0,437.0,279.0,1646.0,672.0,0.0,692.0,0.0,1616.0,586.0,111.0,697.0,18646.0,28593.0,0.0,0.0,313.0,20503.0,820.0,774.0,124.0,17.0,1207.0,3272.0,2674.0,2398.0,325.0,1273.0,0.0,742.0,4230.0,0.0,56.0,429.0,37.0,0.0,6.0,109.0,50952.0,17.0,3005.0,2089.0,0.0,0.0
2022-09-02,0.0,200.0,3942.0,612.0,129.0,1624.0,226.0,0.0,728.0,0.0,1850.0,0.0,137.0,305.0,16399.0,7862.0,0.0,0.0,336.0,19160.0,449.0,65.0,82.0,21.0,1139.0,502.0,2354.0,1825.0,161.0,1368.0,9489.0,658.0,3656.0,0.0,59.0,373.0,14.0,0.0,2.0,101.0,51699.0,0.0,2654.0,2033.0,0.0,0.0
2022-09-03,0.0,131.0,3363.0,476.0,84.0,774.0,178.0,0.0,430.0,0.0,379.0,0.0,71.0,376.0,15597.0,4079.0,42155.0,0.0,149.0,17668.0,172.0,62.0,63.0,16.0,883.0,478.0,1561.0,981.0,51.0,529.0,0.0,299.0,3315.0,0.0,13.0,198.0,12.0,4058.0,1.0,39.0,48042.0,1.0,1836.0,1192.0,32191.0,16155.0
2022-09-04,0.0,28.0,2818.0,72.0,38.0,436.0,724.0,0.0,27.0,0.0,177.0,1816.0,33.0,1402.0,12894.0,42792.0,0.0,0.0,25.0,13197.0,795.0,1577.0,6.0,21.0,801.0,5837.0,698.0,1176.0,337.0,410.0,0.0,252.0,4171.0,0.0,17.0,155.0,2.0,0.0,5.0,39.0,41690.0,23.0,3221.0,778.0,0.0,0.0
2022-09-05,0.0,62.0,4567.0,492.0,172.0,2751.0,461.0,0.0,479.0,0.0,2754.0,1064.0,174.0,988.0,3443.0,45796.0,0.0,10300.0,520.0,6610.0,1200.0,1024.0,153.0,23.0,1453.0,4448.0,3652.0,2876.0,409.0,2541.0,0.0,683.0,4152.0,0.0,40.0,335.0,29.0,0.0,5.0,119.0,38500.0,17.0,3461.0,2998.0,0.0,0.0
2022-09-06,86.0,233.0,5305.0,502.0,141.0,1943.0,747.0,0.0,934.0,0.0,2447.0,877.0,175.0,982.0,26918.0,39313.0,0.0,0.0,242.0,24855.0,893.0,1028.0,151.0,11.0,1465.0,4223.0,2662.0,2227.0,357.0,1856.0,7212.0,803.0,3450.0,12787.0,47.0,326.0,24.0,0.0,7.0,96.0,47958.0,10.0,3351.0,2382.0,0.0,0.0
2022-09-07,0.0,171.0,4443.0,396.0,175.0,1858.0,550.0,0.0,794.0,1869.0,2279.0,882.0,151.0,720.0,20142.0,33539.0,0.0,0.0,285.0,17574.0,921.0,952.0,136.0,22.0,1344.0,4549.0,2537.0,2060.0,309.0,2069.0,0.0,934.0,2093.0,0.0,49.0,260.0,7.0,0.0,3.0,80.0,50618.0,19.0,3266.0,2368.0,0.0,0.0
2022-09-08,0.0,155.0,4279.0,337.0,86.0,1844.0,563.0,0.0,665.0,0.0,2103.0,830.0,131.0,749.0,19866.0,30121.0,0.0,0.0,223.0,17550.0,1011.0,1011.0,86.0,23.0,1216.0,4970.0,2543.0,2063.0,333.0,1623.0,0.0,836.0,0.0,0.0,61.0,217.0,20.0,0.0,9.0,86.0,52106.0,11.0,3296.0,1988.0,0.0,0.0
2022-09-09,0.0,106.0,4135.0,274.0,117.0,1662.0,257.0,0.0,687.0,0.0,2320.0,0.0,144.0,342.0,19087.0,7430.0,33829.0,0.0,241.0,15543.0,631.0,119.0,132.0,14.0,1185.0,648.0,2440.0,1802.0,150.0,2072.0,8416.0,818.0,0.0,0.0,35.0,186.0,10.0,4073.0,3.0,80.0,53486.0,3.0,2745.0,1967.0,0.0,0.0
2022-09-10,0.0,88.0,3394.0,266.0,34.0,801.0,165.0,0.0,441.0,0.0,459.0,0.0,92.0,343.0,19517.0,4231.0,0.0,0.0,116.0,15565.0,285.0,67.0,91.0,18.0,888.0,659.0,1593.0,906.0,49.0,638.0,0.0,437.0,0.0,0.0,21.0,96.0,13.0,0.0,2.0,44.0,52829.0,0.0,2190.0,1152.0,22441.0,23864.0
2022-09-11,0.0,17.0,2777.0,76.0,47.0,467.0,852.0,0.0,34.0,0.0,271.0,1795.0,46.0,1586.0,16422.0,46361.0,0.0,0.0,22.0,12317.0,1021.0,2376.0,8.0,21.0,733.0,7870.0,892.0,1474.0,356.0,607.0,0.0,201.0,0.0,0.0,20.0,90.0,0.0,0.0,10.0,36.0,46488.0,33.0,3141.0,814.0,0.0,0.0
2022-09-12,0.0,138.0,5143.0,325.0,171.0,3075.0,654.0,0.0,496.0,0.0,3272.0,990.0,227.0,985.0,4579.0,49799.0,0.0,11596.0,455.0,6415.0,1731.0,1736.0,164.0,19.0,1496.0,6127.0,3688.0,3114.0,418.0,3507.0,0.0,623.0,0.0,0.0,48.0,202.0,28.0,0.0,11.0,93.0,44045.0,7.0,3172.0,1918.0,0.0,0.0
2022-09-13,34.0,104.0,6177.0,371.0,135.0,2428.0,544.0,0.0,1021.0,0.0,3020.0,869.0,0.0,94.0,41850.0,32168.0,0.0,0.0,259.0,23161.0,1419.0,1525.0,198.0,25.0,0.0,5858.0,3085.0,2254.0,347.0,2528.0,6469.0,1109.0,0.0,0.0,0.0,181.0,0.0,0.0,9.0,47.0,51735.0,12.0,2870.0,1.0,0.0,0.0
